chainage_km_from_Shafter,lon,lat,road_elev_m,azimuth_deg,distance_km,k_crit_headlight_0.66m,k_crit_2.5m,apparent_elev_mrad_k0.13,apparent_elev_deg_k0.13,clearance_m_k0.13,far_clearance_m_k0.13,standard_class,refraction_bin,limiting_terrain_km,in_fan
0.000,-104.306776,29.817685,1172.7,218.9882,65.139,24.3349,24.0923,-9.428,-0.5402,-522.45,-522.45,hid,k6,43.564,True
0.060,-104.306479,29.81816,1172.16,218.9976,65.080,24.633,24.3803,-9.437,-0.5407,-522.68,-522.68,hid,k6,43.564,True
0.120,-104.306284,29.818673,1172.0,219.0161,65.024,24.632,24.1436,-9.44,-0.5409,-522.43,-522.43,hid,k6,43.569,True
0.180,-104.306126,29.819196,1166.42,219.0376,64.969,27.3869,26.8516,-9.526,-0.5458,-527.22,-527.22,hid,k6,43.579,True
0.240,-104.305967,29.819719,1167.09,219.0591,64.914,34.7486,33.6912,-9.516,-0.5452,-525.89,-525.89,hid,k6,43.584,True
0.300,-104.305818,29.820245,1172.08,219.0815,64.860,35.5485,34.2277,-9.44,-0.5409,-520.43,-520.43,hid,k6,43.599,True
0.360,-104.305763,29.820783,1173.03,219.1109,64.810,30.111,29.2103,-9.425,-0.5400,-519.67,-519.67,hid,k6,43.614,True
0.420,-104.305822,29.821321,1175.04,219.148,64.767,31.1197,28.3445,-9.395,-0.5383,-518.63,-518.63,hid,k6,43.639,True
0.480,-104.305982,29.821843,1177.46,219.1908,64.732,22.3209,21.8176,-9.358,-0.5362,-517.66,-517.66,hid,k6,43.664,True
0.540,-104.306227,29.822339,1180.0,219.2377,64.704,23.6152,22.5479,-9.319,-0.5339,-519.8,-519.8,hid,k6,42.764,True
0.600,-104.306572,29.822788,1182.46,219.2885,64.687,61.1761,42.126,-9.281,-0.5318,-521.0,-521.0,hid,k6,42.764,True
0.660,-104.306998,29.823181,1184.32,219.3411,64.679,59.4247,40.5562,-9.252,-0.5301,-516.77,-516.77,hid,k6,42.779,True
0.720,-104.307467,29.823535,1185.31,219.3942,64.677,17.3702,17.0999,-9.237,-0.5292,-513.58,-513.58,hid,k6,43.679,True
0.780,-104.307926,29.8239,1185.52,219.4473,64.674,16.1325,15.8638,-9.233,-0.5290,-515.6,-515.6,hid,k6,43.644,True
0.840,-104.308383,29.824266,1185.6,219.5003,64.670,54.1379,43.6503,-9.232,-0.5290,-521.0,-521.0,hid,k6,43.604,True
0.900,-104.308822,29.824648,1185.57,219.5532,64.664,90.075,71.9205,-9.233,-0.5290,-521.64,-521.64,hid,k6,43.599,True
0.960,-104.309236,29.825052,1185.61,219.6058,64.655,44.1371,39.9748,-9.232,-0.5290,-526.9,-526.9,hid,k6,42.809,True
1.020,-104.309597,29.825491,1185.59,219.6571,64.640,43.2277,41.0057,-9.233,-0.5290,-530.2,-530.2,hid,k6,42.779,True
1.080,-104.309907,29.82596,1185.65,219.7069,64.619,44.4312,41.9996,-9.232,-0.5290,-532.46,-532.46,hid,k6,42.709,True
1.140,-104.310156,29.826456,1185.97,219.7543,64.592,52.3804,48.7469,-9.227,-0.5287,-524.72,-524.72,hid,k6,43.259,True
1.200,-104.310342,29.826971,1186.62,219.7989,64.559,53.8039,43.9038,-9.217,-0.5281,-527.0,-527.0,hid,k6,42.554,True
1.260,-104.310475,29.8275,1187.16,219.8409,64.522,24.477,23.5942,-9.209,-0.5276,-527.12,-527.12,hid,k6,43.274,True
1.320,-104.310597,29.828031,1187.62,219.8823,64.484,23.315,22.7378,-9.202,-0.5272,-527.39,-527.39,hid,k6,43.279,True
1.380,-104.31071,29.828563,1188.87,219.9232,64.446,24.7897,24.1232,-9.183,-0.5261,-527.15,-527.15,hid,k6,43.284,True
1.440,-104.310841,29.829091,1191.2,219.9652,64.409,21.6116,20.6087,-9.147,-0.5241,-525.8,-525.8,hid,k6,43.294,True
1.500,-104.311014,29.829611,1193.88,220.0094,64.375,29.46,26.3514,-9.105,-0.5217,-523.19,-523.19,hid,k6,43.309,True
1.560,-104.311179,29.830133,1196.58,220.0533,64.341,46.667,43.9185,-9.064,-0.5193,-519.31,-519.31,hid,k6,43.329,True
1.620,-104.311295,29.830664,1199.41,220.0946,64.303,54.1095,51.4655,-9.02,-0.5168,-516.23,-516.23,hid,k6,43.349,True
1.680,-104.311342,29.831204,1202.38,220.1319,64.260,58.2182,54.8126,-8.974,-0.5142,-514.95,-514.95,hid,k6,42.559,True
1.740,-104.311358,29.831745,1205.81,220.1673,64.215,52.1283,47.2556,-8.92,-0.5111,-515.86,-515.86,hid,k6,42.569,True
1.800,-104.311274,29.83228,1210.1,220.1958,64.164,46.7666,40.9735,-8.854,-0.5073,-514.06,-514.06,hid,k6,42.569,True
1.860,-104.311084,29.832793,1214.28,220.2159,64.109,16.2908,15.4395,-8.789,-0.5036,-510.35,-510.35,hid,k6,42.564,True
1.920,-104.310798,29.833273,1217.64,220.2276,64.050,12.6951,12.207,-8.736,-0.5005,-507.78,-507.78,hid,k6,42.559,True
1.980,-104.31044,29.833715,1220.24,220.232,63.991,13.3262,12.7951,-8.696,-0.4982,-505.01,-505.01,hid,k6,42.554,True
2.040,-104.310061,29.834143,1222.62,220.2342,63.931,13.9421,13.358,-8.658,-0.4961,-502.34,-502.34,hid,k6,42.554,True
2.100,-104.309684,29.834574,1226.0,220.2367,63.871,14.2431,13.5966,-8.605,-0.4930,-498.64,-498.64,hid,k6,42.554,True
2.160,-104.309291,29.834993,1229.46,220.2374,63.811,14.544,13.8325,-8.551,-0.4899,-494.75,-494.75,hid,k6,42.554,True
2.220,-104.308899,29.835412,1232.06,220.2382,63.751,15.2886,14.4837,-8.51,-0.4876,-491.73,-491.73,hid,k6,42.554,True
2.280,-104.308515,29.835837,1233.68,220.2399,63.691,16.7176,15.7821,-8.484,-0.4861,-489.78,-489.78,hid,k6,42.554,True
2.340,-104.30814,29.836268,1234.39,220.2426,63.631,19.0759,17.965,-8.473,-0.4855,-488.85,-488.85,hid,k6,42.554,True
2.400,-104.307757,29.836694,1234.3,220.2444,63.571,23.2811,21.8262,-8.474,-0.4855,-488.67,-488.67,hid,k6,42.554,True
2.460,-104.307404,29.837139,1233.98,220.2495,63.511,30.006,27.7522,-8.479,-0.4858,-489.07,-489.07,hid,k6,42.554,True
2.520,-104.307118,29.83762,1234.81,220.2613,63.453,35.8546,32.5885,-8.466,-0.4851,-489.04,-489.04,hid,k6,42.544,True
2.580,-104.306917,29.838131,1236.81,220.2808,63.397,33.5129,30.8391,-8.434,-0.4832,-489.1,-489.1,hid,k6,42.539,True
2.640,-104.306723,29.838646,1239.68,220.3011,63.341,29.6621,25.8506,-8.388,-0.4806,-487.9,-487.9,hid,k6,42.529,True
2.700,-104.306469,29.839138,1241.87,220.3159,63.284,13.4174,13.1139,-8.354,-0.4786,-485.71,-485.71,hid,k6,42.524,True
2.760,-104.306122,29.839586,1243.05,220.3216,63.224,13.936,13.6136,-8.335,-0.4776,-484.0,-484.0,hid,k6,42.529,True
2.820,-104.305719,29.839997,1243.51,220.3212,63.164,14.6046,14.2642,-8.327,-0.4771,-483.06,-483.06,hid,k6,42.529,True
2.880,-104.305244,29.840345,1243.02,220.3119,63.105,15.4108,15.0537,-8.335,-0.4776,-483.23,-483.23,hid,k6,42.524,True
2.940,-104.30475,29.840673,1241.64,220.3,63.046,16.4882,16.1104,-8.356,-0.4788,-483.53,-483.53,hid,k6,42.529,True
3.000,-104.304282,29.841028,1240.41,220.2916,62.987,17.6715,17.2685,-8.375,-0.4799,-483.51,-483.51,hid,k6,42.529,True
3.060,-104.303874,29.841435,1240.24,220.2905,62.927,18.9148,18.4807,-8.378,-0.4800,-483.02,-483.02,hid,k6,42.529,True
3.120,-104.303545,29.841893,1241.0,220.2982,62.868,20.2493,19.7797,-8.366,-0.4793,-482.58,-482.58,hid,k6,42.529,True
3.180,-104.303295,29.842388,1242.8,220.3135,62.811,21.7512,21.2179,-8.337,-0.4777,-481.2,-481.2,hid,k6,42.524,True
3.240,-104.303101,29.842902,1245.69,220.334,62.755,23.4389,22.8108,-8.29,-0.4750,-476.73,-476.73,hid,k6,42.539,True
3.300,-104.302917,29.843418,1249.51,220.3552,62.700,25.576,24.8351,-8.229,-0.4715,-471.18,-471.18,hid,k6,42.549,True
3.360,-104.302705,29.843926,1254.09,220.3741,62.643,29.5665,28.4163,-8.156,-0.4673,-465.13,-465.13,hid,k6,42.559,True
3.420,-104.302388,29.844391,1258.51,220.3831,62.584,34.2656,32.8095,-8.085,-0.4632,-459.93,-459.93,hid,k6,42.559,True
3.480,-104.301979,29.844797,1263.03,220.3821,62.524,40.3031,38.1125,-8.012,-0.4591,-454.96,-454.96,hid,k6,42.559,True
3.540,-104.30149,29.845128,1267.42,220.3706,62.466,49.0779,45.2901,-7.941,-0.4550,-450.64,-450.64,hid,k6,42.559,True
3.600,-104.300959,29.845408,1271.85,220.353,62.409,71.4018,60.6747,-7.87,-0.4509,-446.75,-446.75,hid,k6,42.549,True
3.660,-104.300415,29.845668,1276.13,220.3332,62.353,55.4208,45.7867,-7.801,-0.4470,-443.14,-443.14,hid,k6,42.539,True
3.720,-104.299868,29.845924,1280.53,220.3128,62.297,47.2051,43.1448,-7.729,-0.4428,-439.38,-439.38,hid,k6,42.524,True
3.780,-104.299314,29.846168,1284.94,220.2912,62.242,55.2748,47.133,-7.658,-0.4388,-433.03,-433.03,hid,k6,42.529,True
3.840,-104.298732,29.846355,1289.28,220.2638,62.190,50.3235,46.3581,-7.587,-0.4347,-424.86,-424.86,hid,k6,42.544,True
3.900,-104.298129,29.846483,1293.66,220.2311,62.142,58.9416,52.809,-7.516,-0.4306,-416.97,-416.97,hid,k6,42.559,True
3.960,-104.297512,29.846537,1298.03,220.1925,62.099,77.8681,62.6514,-7.445,-0.4266,-409.88,-409.88,hid,k6,42.569,True
4.020,-104.296891,29.846533,1301.97,220.1498,62.061,97.4631,77.5793,-7.381,-0.4229,-400.42,-400.42,hid,k6,42.564,True
4.080,-104.29627,29.846527,1305.37,220.107,62.023,81.1357,63.1385,-7.325,-0.4197,-392.96,-392.96,hid,k6,43.354,True
4.140,-104.295649,29.846522,1308.67,220.064,61.985,62.4782,44.4752,-7.272,-0.4167,-388.99,-388.99,hid,k6,43.334,True
4.200,-104.295029,29.846518,1311.35,220.0212,61.947,21.3055,15.8171,-7.228,-0.4141,-386.89,-386.89,hid,k6,43.314,True
4.260,-104.29441,29.846561,1313.14,219.9815,61.905,15.2694,11.2874,-7.198,-0.4124,-385.18,-385.18,hid,k6,42.529,True
4.320,-104.293801,29.846668,1314.01,219.9466,61.858,10.455,10.3269,-7.183,-0.4116,-382.96,-382.96,hid,k6,43.294,True
4.380,-104.293202,29.84681,1314.13,219.9148,61.809,10.2435,10.1133,-7.18,-0.4114,-381.42,-381.42,hid,k6,43.279,True
4.440,-104.292602,29.846948,1313.32,219.8824,61.760,10.4458,10.328,-7.192,-0.4121,-380.92,-380.92,hid,k6,43.279,True
4.500,-104.292001,29.847086,1311.68,219.85,61.711,10.3761,10.2568,-7.217,-0.4135,-381.46,-381.46,hid,k6,43.274,True
4.560,-104.291407,29.847242,1309.13,219.8192,61.661,9.8522,9.6902,-7.258,-0.4159,-382.71,-382.71,hid,k6,43.269,True
4.620,-104.29086,29.847496,1305.61,219.798,61.606,10.3064,10.1417,-7.314,-0.4191,-385.56,-385.56,hid,k6,42.554,True
4.680,-104.290359,29.847813,1301.51,219.7841,61.548,11.0109,10.842,-7.379,-0.4228,-388.31,-388.31,hid,k6,42.544,True
4.740,-104.28993,29.848203,1297.43,219.78,61.488,11.7306,11.5574,-7.445,-0.4266,-391.46,-391.46,hid,k6,43.259,True
4.800,-104.289576,29.848647,1293.33,219.7847,61.428,13.6294,13.0841,-7.511,-0.4303,-395.7,-395.7,hid,k6,42.544,True
4.860,-104.289323,29.849141,1289.61,219.7996,61.371,16.1283,15.5331,-7.57,-0.4337,-399.91,-399.91,hid,k6,42.554,True
4.920,-104.289168,29.849664,1286.57,219.8234,61.316,18.6813,18.0263,-7.619,-0.4365,-402.86,-402.86,hid,k6,43.269,True
4.980,-104.289113,29.850203,1284.17,219.8552,61.267,21.6745,20.9574,-7.658,-0.4388,-405.74,-405.74,hid,k6,43.274,True
5.040,-104.289151,29.850742,1282.58,219.8935,61.223,25.8358,25.0097,-7.683,-0.4402,-408.08,-408.08,hid,k6,43.279,True
5.100,-104.289308,29.851265,1281.56,219.9391,61.188,30.6018,29.6628,-7.699,-0.4411,-410.18,-410.18,hid,k6,43.294,True
5.160,-104.28953,29.851771,1278.83,219.9881,61.159,28.0531,27.0154,-7.744,-0.4437,-413.75,-413.75,hid,k6,42.529,True
5.220,-104.289755,29.852275,1280.06,220.0373,61.130,20.801,20.5458,-7.723,-0.4425,-411.64,-411.64,hid,k6,43.319,True
5.280,-104.289982,29.852779,1279.55,220.0867,61.101,22.2602,21.9688,-7.731,-0.4430,-411.46,-411.46,hid,k6,43.344,True
5.340,-104.290208,29.853283,1278.98,220.136,61.072,25.5614,25.2612,-7.74,-0.4435,-414.47,-414.47,hid,k6,42.559,True
5.400,-104.290435,29.853787,1278.12,220.1855,61.044,26.6574,26.358,-7.754,-0.4443,-421.21,-421.21,hid,k6,42.569,True
5.460,-104.290662,29.854291,1277.32,220.2349,61.015,27.7587,27.4573,-7.767,-0.4450,-425.07,-425.07,hid,k6,42.554,True
5.520,-104.290889,29.854795,1276.67,220.2844,60.986,26.5805,26.2692,-7.777,-0.4456,-430.85,-430.85,hid,k6,42.534,True
5.580,-104.291116,29.855299,1276.2,220.334,60.958,26.4582,25.9798,-7.785,-0.4460,-432.25,-432.25,hid,k6,42.539,True
5.640,-104.291341,29.855803,1275.76,220.3836,60.929,30.6037,30.0974,-7.792,-0.4464,-429.9,-429.9,hid,k6,42.559,True
5.700,-104.291564,29.856308,1275.29,220.4331,60.900,33.5935,33.0816,-7.799,-0.4468,-428.91,-428.91,hid,k6,43.069,True
5.760,-104.291787,29.856813,1274.82,220.4826,60.871,29.2101,28.7189,-7.807,-0.4473,-427.41,-427.41,hid,k6,43.064,True
5.820,-104.292002,29.85732,1274.45,220.5318,60.842,31.2307,30.7429,-7.812,-0.4476,-425.12,-425.12,hid,k6,43.039,True
5.880,-104.292128,29.85785,1274.0,220.5762,60.805,34.7857,34.2926,-7.82,-0.4481,-428.17,-428.17,hid,k6,42.859,True
5.940,-104.292177,29.858389,1273.66,220.6162,60.763,40.9934,40.459,-7.825,-0.4483,-433.46,-433.46,hid,k6,42.864,True
6.000,-104.292148,29.858929,1274.14,220.6508,60.715,47.3031,46.7352,-7.817,-0.4479,-435.56,-435.56,hid,k6,42.874,True
6.060,-104.29208,29.859467,1274.83,220.6826,60.666,50.7897,50.182,-7.805,-0.4472,-435.64,-435.64,hid,k6,42.869,True
6.120,-104.292012,29.860005,1275.54,220.7145,60.616,53.6768,53.0166,-7.793,-0.4465,-434.87,-434.87,hid,k6,42.859,True
6.180,-104.291944,29.860543,1276.28,220.7464,60.566,57.4987,56.7687,-7.78,-0.4458,-433.21,-433.21,hid,k6,42.854,True
6.240,-104.291877,29.861081,1276.77,220.7784,60.517,58.8686,58.0838,-7.771,-0.4452,-431.61,-431.61,hid,k6,42.849,True
6.300,-104.291809,29.861619,1276.79,220.8105,60.467,55.5587,54.6432,-7.771,-0.4452,-430.46,-430.46,hid,k6,42.849,True
6.360,-104.291741,29.862158,1276.82,220.8426,60.418,49.2677,48.2057,-7.77,-0.4452,-429.09,-429.09,hid,k6,42.839,True
6.420,-104.291673,29.862696,1276.9,220.8747,60.368,43.379,42.1316,-7.768,-0.4451,-428.06,-428.06,hid,k6,42.844,True
6.480,-104.291606,29.863234,1277.29,220.9069,60.319,40.6069,37.3137,-7.761,-0.4447,-427.65,-427.65,hid,k6,43.094,True
6.540,-104.291538,29.863772,1278.84,220.9392,60.269,40.7053,34.5365,-7.735,-0.4432,-426.76,-426.76,hid,k6,43.079,True
6.600,-104.291467,29.864309,1281.57,220.9712,60.220,31.4253,25.9046,-7.689,-0.4405,-424.59,-424.59,hid,k6,43.059,True
6.660,-104.291313,29.864833,1284.37,220.9966,60.166,24.0093,16.377,-7.642,-0.4379,-422.0,-422.0,hid,k6,43.039,True
6.720,-104.291048,29.865321,1286.3,221.0118,60.108,9.0327,7.4904,-7.61,-0.4360,-419.9,-419.9,hid,k6,43.034,True
6.780,-104.290699,29.865768,1287.54,221.0184,60.049,6.8622,6.3538,-7.588,-0.4348,-418.28,-418.28,hid,k6,43.029,True
6.840,-104.29033,29.866203,1288.04,221.0227,59.989,6.8021,6.3959,-7.579,-0.4342,-417.43,-417.43,hid,k6,43.029,True
6.900,-104.289963,29.86664,1288.6,221.0273,59.929,6.9776,6.5429,-7.569,-0.4337,-416.55,-416.55,hid,k6,43.029,True
6.960,-104.289576,29.867063,1288.8,221.0296,59.869,7.3132,6.8471,-7.566,-0.4335,-415.92,-415.92,hid,k6,43.029,True
7.020,-104.289189,29.867487,1288.76,221.0319,59.809,7.7761,7.2749,-7.565,-0.4334,-415.44,-415.44,hid,k6,43.029,True
7.080,-104.288802,29.86791,1288.73,221.0342,59.749,8.329,7.7854,-7.565,-0.4334,-415.01,-415.01,hid,k6,43.019,True
7.140,-104.288424,29.868339,1288.65,221.0375,59.689,8.7827,8.1928,-7.566,-0.4335,-414.66,-414.66,hid,k6,43.024,True
7.200,-104.288071,29.868785,1288.53,221.0438,59.630,8.9707,8.3216,-7.567,-0.4336,-414.35,-414.35,hid,k6,43.019,True
7.260,-104.287743,29.869244,1288.68,221.0527,59.570,9.2734,8.2692,-7.564,-0.4334,-413.86,-413.86,hid,k6,43.004,True
7.320,-104.287458,29.869725,1289.72,221.0662,59.512,13.7871,12.7031,-7.546,-0.4324,-412.71,-412.71,hid,k6,42.834,True
7.380,-104.287189,29.870212,1292.1,221.0814,59.454,15.3762,14.0227,-7.506,-0.4301,-410.61,-410.61,hid,k6,42.849,True
7.440,-104.286921,29.870701,1295.12,221.0966,59.396,16.1747,14.4825,-7.454,-0.4271,-408.06,-408.06,hid,k6,42.869,True
7.500,-104.286653,29.871189,1298.09,221.1119,59.339,16.097,13.8673,-7.404,-0.4242,-405.17,-405.17,hid,k6,42.869,True
7.560,-104.286385,29.871677,1301.15,221.1273,59.281,16.5886,13.3769,-7.351,-0.4212,-402.75,-402.75,hid,k6,42.889,True
7.620,-104.286116,29.872165,1303.85,221.1426,59.223,19.0072,13.2762,-7.305,-0.4185,-400.63,-400.63,hid,k6,42.879,True
7.680,-104.285848,29.872653,1305.66,221.158,59.165,7.7839,7.4123,-7.274,-0.4168,-398.99,-398.99,hid,k6,42.894,True
7.740,-104.28558,29.873141,1306.71,221.1734,59.107,8.1337,7.7426,-7.255,-0.4157,-398.02,-398.02,hid,k6,42.894,True
7.800,-104.285304,29.873626,1307.55,221.1881,59.049,8.4968,8.0816,-7.24,-0.4148,-396.91,-396.91,hid,k6,42.904,True
7.860,-104.284978,29.874087,1308.37,221.1975,58.990,8.9129,8.4704,-7.225,-0.4140,-395.65,-395.65,hid,k6,42.899,True
7.920,-104.284599,29.874515,1309.04,221.2009,58.930,9.3452,8.8705,-7.213,-0.4133,-394.56,-394.56,hid,k6,42.899,True
7.980,-104.284168,29.874902,1309.59,221.1977,58.870,9.8939,9.3819,-7.203,-0.4127,-393.53,-393.53,hid,k6,42.899,True
8.040,-104.283692,29.87525,1310.11,221.1885,58.811,10.4488,9.8935,-7.193,-0.4121,-392.58,-392.58,hid,k6,42.904,True
8.100,-104.283182,29.875557,1310.7,221.174,58.753,11.0326,10.4278,-7.182,-0.4115,-391.43,-391.43,hid,k6,42.894,True
8.160,-104.282647,29.875831,1311.08,221.1554,58.696,11.6518,10.9813,-7.175,-0.4111,-389.93,-389.93,hid,k6,42.889,True
8.220,-104.282102,29.876092,1311.29,221.1351,58.640,12.4652,11.716,-7.171,-0.4109,-388.36,-388.36,hid,k6,42.889,True
8.280,-104.281558,29.876353,1311.61,221.1148,58.584,13.2297,12.382,-7.164,-0.4105,-386.11,-386.11,hid,k6,42.869,True
8.340,-104.281014,29.876613,1312.52,221.0944,58.527,17.8543,16.2602,-7.148,-0.4096,-383.99,-383.99,hid,k6,42.864,True
8.400,-104.28047,29.876874,1314.44,221.074,58.471,18.5005,16.4878,-7.114,-0.4076,-380.61,-380.61,hid,k6,42.839,True
8.460,-104.279925,29.877135,1316.4,221.0536,58.415,15.9826,12.1295,-7.08,-0.4057,-377.5,-377.5,hid,k6,43.004,True
8.520,-104.27938,29.877395,1318.4,221.033,58.359,16.1279,12.9424,-7.045,-0.4036,-374.94,-374.94,hid,k6,43.029,True
8.580,-104.278843,29.877665,1320.47,221.0136,58.302,16.4611,15.0517,-7.008,-0.4015,-372.26,-372.26,hid,k6,43.039,True
8.640,-104.278356,29.878,1322.34,221.0025,58.243,20.4748,18.5691,-6.975,-0.3996,-369.71,-369.71,hid,k6,43.044,True
8.700,-104.277927,29.878391,1324.69,220.9994,58.183,26.8232,23.7026,-6.934,-0.3973,-366.89,-366.89,hid,k6,43.049,True
8.760,-104.277594,29.878846,1328.1,221.0079,58.124,30.721,26.443,-6.874,-0.3939,-363.23,-363.23,hid,k6,43.044,True
8.820,-104.277359,29.879346,1332.05,221.0267,58.067,32.3075,25.9044,-6.805,-0.3899,-359.18,-359.18,hid,k6,43.029,True
8.880,-104.277157,29.879858,1335.38,221.0488,58.012,29.673,20.2573,-6.746,-0.3865,-355.47,-355.47,hid,k6,43.014,True
8.940,-104.276957,29.88037,1337.97,221.0711,57.956,20.2649,9.9035,-6.701,-0.3839,-353.14,-353.14,hid,k6,42.844,True
9.000,-104.276755,29.880882,1339.81,221.0932,57.900,6.5362,6.4539,-6.668,-0.3820,-352.02,-352.02,hid,k6,42.864,True
9.060,-104.27656,29.881396,1340.79,221.1161,57.845,6.6161,6.5326,-6.65,-0.3810,-351.53,-351.53,hid,k6,42.869,True
9.120,-104.276382,29.881915,1341.09,221.1406,57.790,6.8736,6.7891,-6.643,-0.3806,-352.58,-352.58,hid,k6,42.884,True
9.180,-104.276219,29.882437,1341.3,221.1664,57.736,7.1211,7.0356,-6.638,-0.3803,-353.05,-353.05,hid,k6,42.894,True
9.240,-104.276081,29.882964,1341.43,221.1945,57.683,7.0157,6.929,-6.635,-0.3802,-352.84,-352.84,hid,k6,42.904,True
9.300,-104.275963,29.883496,1341.02,221.2244,57.631,6.7344,6.6464,-6.641,-0.3805,-351.99,-351.99,hid,k6,42.904,True
9.360,-104.275853,29.884029,1340.11,221.2549,57.580,6.4301,6.3403,-6.656,-0.3814,-350.44,-350.44,hid,k6,42.894,True
9.420,-104.275742,29.884561,1339.17,221.2855,57.528,6.2186,6.1269,-6.671,-0.3822,-347.63,-347.63,hid,k6,42.884,True
9.480,-104.275631,29.885094,1338.26,221.3161,57.477,6.1474,6.0683,-6.686,-0.3831,-344.3,-344.3,hid,k6,42.869,True
9.540,-104.27552,29.885626,1337.38,221.3468,57.425,6.1749,6.0946,-6.7,-0.3839,-340.52,-340.52,hid,k6,42.859,True
9.600,-104.27541,29.886159,1336.63,221.3776,57.374,6.2925,6.2111,-6.712,-0.3846,-335.97,-335.97,hid,k6,42.854,True
9.660,-104.275299,29.886692,1336.52,221.4084,57.322,6.0301,5.9554,-6.713,-0.3846,-332.72,-332.72,hid,k6,43.025,True
9.720,-104.275188,29.887224,1336.47,221.4392,57.271,6.1443,5.9931,-6.713,-0.3846,-330.66,-330.66,hid,k6,43.025,True
9.780,-104.275077,29.887757,1336.48,221.4702,57.219,6.1769,6.1063,-6.711,-0.3845,-330.37,-330.37,hid,k6,42.684,True
9.840,-104.274967,29.888289,1336.51,221.5011,57.168,6.3238,6.2521,-6.71,-0.3845,-332.71,-332.71,hid,k6,42.669,True
9.900,-104.274856,29.888822,1336.48,221.5322,57.117,6.6018,6.5449,-6.709,-0.3844,-335.2,-335.2,hid,k6,42.659,True
9.960,-104.274745,29.889355,1336.49,221.5632,57.065,6.944,6.8618,-6.708,-0.3843,-336.1,-336.1,hid,k6,42.649,True
10.020,-104.274634,29.889887,1336.49,221.5944,57.014,7.2779,7.1948,-6.707,-0.3843,-335.56,-335.56,hid,k6,42.649,True
10.080,-104.274524,29.89042,1336.58,221.6256,56.962,7.6052,7.5111,-6.705,-0.3842,-333.67,-333.67,hid,k6,42.669,True
10.140,-104.274413,29.890952,1336.78,221.6568,56.911,8.1818,8.086,-6.7,-0.3839,-331.89,-331.89,hid,k6,42.694,True
10.200,-104.274302,29.891485,1336.94,221.6882,56.860,8.7057,8.6078,-6.696,-0.3837,-330.69,-330.69,hid,k6,42.704,True
10.260,-104.274191,29.892017,1337.14,221.7195,56.809,9.2447,9.1457,-6.692,-0.3834,-329.68,-329.68,hid,k6,42.709,True
10.320,-104.274081,29.89255,1337.32,221.7509,56.757,9.8186,9.7178,-6.688,-0.3832,-328.88,-328.88,hid,k6,42.719,True
10.380,-104.27397,29.893083,1337.51,221.7824,56.706,10.2658,10.1637,-6.683,-0.3829,-327.27,-327.27,hid,k6,42.719,True
10.440,-104.273859,29.893615,1337.73,221.814,56.655,10.3951,10.2915,-6.678,-0.3826,-323.27,-323.27,hid,k6,42.724,True
10.500,-104.273748,29.894148,1337.98,221.8456,56.603,10.3173,10.212,-6.673,-0.3823,-321.95,-321.95,hid,k6,42.619,True
10.560,-104.273638,29.89468,1338.41,221.8772,56.552,10.3096,10.2016,-6.665,-0.3819,-322.62,-322.62,hid,k6,42.594,True
10.620,-104.273527,29.895213,1338.92,221.9089,56.501,10.4147,10.3041,-6.655,-0.3813,-321.72,-321.72,hid,k6,42.589,True
10.680,-104.273416,29.895746,1339.51,221.9407,56.450,10.3329,10.2204,-6.643,-0.3806,-319.87,-319.87,hid,k6,42.594,True
10.740,-104.273305,29.896278,1340.23,221.9725,56.399,9.696,9.5824,-6.629,-0.3798,-317.71,-317.71,hid,k6,42.604,True
10.800,-104.273195,29.896811,1341.05,222.0044,56.348,9.3601,9.2508,-6.614,-0.3790,-316.97,-316.97,hid,k6,42.619,True
10.860,-104.273084,29.897343,1341.89,222.0363,56.296,9.2365,9.1255,-6.598,-0.3780,-317.81,-317.81,hid,k6,42.624,True
10.920,-104.272973,29.897876,1342.82,222.0683,56.245,8.6255,8.5124,-6.58,-0.3770,-318.8,-318.8,hid,k6,42.619,True
10.980,-104.272862,29.898409,1343.74,222.1004,56.194,8.275,8.1732,-6.563,-0.3760,-318.79,-318.79,hid,k6,42.619,True
11.040,-104.272751,29.898941,1344.68,222.1325,56.143,8.9597,8.8133,-6.545,-0.3750,-318.32,-318.32,hid,k6,41.909,True
11.100,-104.272641,29.899474,1345.8,222.1647,56.092,9.6609,9.5116,-6.524,-0.3738,-319.27,-319.27,hid,k6,41.889,True
11.160,-104.27253,29.900006,1346.87,222.1969,56.041,10.4057,10.2534,-6.504,-0.3727,-318.85,-318.85,hid,k6,41.854,True
11.220,-104.272419,29.900539,1348.26,222.2292,55.990,11.0063,10.8509,-6.478,-0.3712,-319.58,-319.58,hid,k6,42.464,True
11.280,-104.272308,29.901072,1349.55,222.2616,55.939,11.5797,11.4197,-6.454,-0.3698,-318.61,-318.61,hid,k6,41.804,True
11.340,-104.272198,29.901604,1350.53,222.294,55.888,12.0837,11.9216,-6.435,-0.3687,-320.84,-320.84,hid,k6,41.794,True
11.400,-104.272087,29.902137,1351.53,222.3264,55.837,11.5108,11.346,-6.416,-0.3676,-322.87,-322.87,hid,k6,41.779,True
11.460,-104.271976,29.902669,1352.44,222.359,55.786,10.4034,10.2357,-6.399,-0.3666,-323.8,-323.8,hid,k6,41.769,True
11.520,-104.271865,29.903202,1353.36,222.3915,55.735,9.9751,9.8378,-6.381,-0.3656,-323.42,-323.42,hid,k6,41.749,True
11.580,-104.271754,29.903735,1354.15,222.4242,55.684,11.5049,11.3618,-6.366,-0.3647,-322.3,-322.3,hid,k6,41.719,True
11.640,-104.271644,29.904267,1354.92,222.4569,55.633,13.0906,12.9449,-6.351,-0.3639,-321.56,-321.56,hid,k6,41.694,True
11.700,-104.271533,29.9048,1355.72,222.4897,55.582,12.5724,12.4238,-6.335,-0.3630,-321.34,-321.34,hid,k6,41.679,True
11.760,-104.271422,29.905332,1356.59,222.5225,55.532,11.212,11.0608,-6.318,-0.3620,-321.01,-321.01,hid,k6,41.659,True
11.820,-104.271311,29.905865,1357.47,222.5554,55.481,10.6698,10.5906,-6.301,-0.3610,-319.97,-319.97,hid,k6,41.644,True
11.880,-104.271201,29.906398,1358.17,222.5883,55.430,10.3868,10.2261,-6.288,-0.3603,-318.51,-318.51,hid,k6,41.624,True
11.940,-104.27109,29.90693,1359.03,222.6213,55.379,10.9012,10.7363,-6.271,-0.3593,-317.34,-317.34,hid,k6,41.599,True
12.000,-104.270979,29.907463,1359.93,222.6544,55.328,10.4676,10.298,-6.253,-0.3583,-317.3,-317.3,hid,k6,41.579,True
12.060,-104.270868,29.907995,1360.82,222.6875,55.278,10.7981,10.6436,-6.236,-0.3573,-320.62,-320.62,hid,k6,41.239,True
12.120,-104.270757,29.908528,1361.58,222.7207,55.227,10.8283,10.7104,-6.221,-0.3564,-319.19,-319.19,hid,k6,41.229,True
12.180,-104.270647,29.90906,1362.36,222.754,55.176,10.8539,10.7342,-6.206,-0.3556,-319.56,-319.56,hid,k6,41.544,True
12.240,-104.270536,29.909593,1363.17,222.7873,55.125,11.2057,10.8893,-6.19,-0.3547,-320.93,-320.93,hid,k6,41.539,True
12.300,-104.270425,29.910126,1363.88,222.8207,55.075,11.4418,11.1114,-6.176,-0.3539,-323.08,-323.08,hid,k6,41.539,True
12.360,-104.270314,29.910658,1364.78,222.8541,55.024,9.7338,9.6059,-6.158,-0.3528,-325.31,-325.31,hid,k6,41.544,True
12.420,-104.270203,29.911191,1365.62,222.8876,54.973,10.2903,10.1566,-6.141,-0.3519,-327.83,-327.83,hid,k6,41.549,True
12.480,-104.270093,29.911723,1366.44,222.9211,54.923,10.7752,10.6395,-6.125,-0.3509,-328.67,-328.67,hid,k6,41.559,True
12.540,-104.269982,29.912256,1367.4,222.9548,54.872,10.3626,10.2223,-6.106,-0.3498,-327.62,-327.62,hid,k6,41.549,True
12.600,-104.269871,29.912789,1368.26,222.9884,54.822,10.5888,10.442,-6.089,-0.3489,-325.75,-325.75,hid,k6,41.539,True
12.660,-104.26976,29.913321,1369.04,223.0222,54.771,11.3456,11.1956,-6.074,-0.3480,-323.83,-323.83,hid,k6,41.529,True
12.720,-104.269651,29.913854,1369.89,223.0561,54.720,11.9709,11.8182,-6.057,-0.3470,-321.99,-321.99,hid,k6,41.519,True
12.780,-104.269543,29.914387,1370.76,223.0902,54.670,12.8459,12.6896,-6.04,-0.3461,-320.71,-320.71,hid,k6,41.519,True
12.840,-104.269415,29.914917,1371.44,223.1227,54.619,14.1752,14.0155,-6.026,-0.3453,-320.53,-320.53,hid,k6,41.524,True
12.900,-104.269269,29.915443,1372.09,223.1536,54.566,13.5178,13.3544,-6.013,-0.3445,-321.38,-321.38,hid,k6,41.529,True
12.960,-104.269118,29.915968,1372.74,223.1841,54.514,13.0499,12.8826,-5.999,-0.3437,-322.1,-322.1,hid,k6,41.539,True
13.020,-104.268957,29.916491,1373.34,223.2136,54.461,12.3706,12.2023,-5.987,-0.3430,-323.45,-323.45,hid,k6,41.554,True
13.080,-104.268783,29.91701,1373.94,223.2421,54.407,12.1538,11.9847,-5.974,-0.3423,-324.09,-324.09,hid,k6,41.554,True
13.140,-104.26861,29.91753,1374.38,223.2706,54.354,12.8057,12.6331,-5.965,-0.3418,-323.76,-323.76,hid,k6,41.559,True
13.200,-104.268413,29.918043,1374.05,223.297,54.299,13.0316,12.8568,-5.969,-0.3420,-324.17,-324.17,hid,k6,41.554,True
13.260,-104.268215,29.918556,1372.81,223.3233,54.245,12.7936,12.6162,-5.991,-0.3433,-325.43,-325.43,hid,k6,41.554,True
13.320,-104.268018,29.91907,1370.75,223.3497,54.190,12.7421,12.5612,-6.027,-0.3453,-327.62,-327.62,hid,k6,41.559,True
13.380,-104.26782,29.919583,1368.3,223.3762,54.136,12.3167,12.1304,-6.071,-0.3478,-330.4,-330.4,hid,k6,41.569,True
13.440,-104.267623,29.920096,1366.94,223.4027,54.081,12.0108,11.8199,-6.095,-0.3492,-332.49,-332.49,hid,k6,41.579,True
13.500,-104.267425,29.920609,1366.63,223.4292,54.026,11.7802,11.5853,-6.099,-0.3494,-333.58,-333.58,hid,k6,41.589,True
13.560,-104.267227,29.921122,1366.48,223.4559,53.972,11.5688,11.3668,-6.101,-0.3496,-334.03,-334.03,hid,k6,41.599,True
13.620,-104.26703,29.921636,1366.6,223.4825,53.917,11.4808,11.2724,-6.097,-0.3493,-333.85,-333.85,hid,k6,41.604,True
13.680,-104.266832,29.922149,1367.44,223.5093,53.863,11.1988,10.9872,-6.08,-0.3484,-332.41,-332.41,hid,k6,41.604,True
13.740,-104.266635,29.922662,1368.59,223.536,53.809,11.1345,10.9425,-6.058,-0.3471,-330.39,-330.39,hid,k6,41.604,True
13.800,-104.266437,29.923175,1369.81,223.5629,53.754,10.9975,10.803,-6.034,-0.3457,-328.27,-328.27,hid,k6,41.599,True
13.860,-104.26624,29.923688,1371.03,223.5897,53.700,9.8226,9.6231,-6.01,-0.3443,-326.95,-326.95,hid,k6,41.184,True
13.920,-104.266042,29.924201,1372.55,223.6167,53.645,8.7256,8.0172,-5.98,-0.3426,-325.97,-325.97,hid,k6,41.174,True
13.980,-104.265845,29.924715,1375.07,223.6437,53.591,8.9499,8.5884,-5.931,-0.3398,-323.06,-323.06,hid,k6,41.174,True
14.040,-104.265646,29.925227,1378.21,223.6706,53.536,6.5329,6.4223,-5.871,-0.3364,-322.61,-322.61,hid,k6,41.424,True
14.100,-104.265446,29.92574,1380.71,223.6975,53.482,6.807,6.6249,-5.823,-0.3336,-323.78,-323.78,hid,k6,41.429,True
14.160,-104.265247,29.926253,1382.35,223.7245,53.427,6.9748,6.7888,-5.791,-0.3318,-325.09,-325.09,hid,k6,41.434,True
14.220,-104.265048,29.926765,1383.6,223.7516,53.373,6.8911,6.7002,-5.766,-0.3304,-325.72,-325.72,hid,k6,41.424,True
14.280,-104.264848,29.927278,1385.49,223.7787,53.318,8.4932,6.6161,-5.729,-0.3282,-325.22,-325.22,hid,k6,41.419,True
14.340,-104.264649,29.927791,1388.09,223.8058,53.264,9.39,6.6141,-5.678,-0.3253,-323.63,-323.63,hid,k6,41.414,True
14.400,-104.26445,29.928303,1390.73,223.833,53.210,6.6429,6.6056,-5.627,-0.3224,-321.77,-321.77,hid,k6,41.399,True
14.460,-104.26425,29.928816,1392.87,223.8603,53.155,6.6376,6.6001,-5.585,-0.3200,-320.08,-320.08,hid,k6,41.384,True
14.520,-104.264041,29.929325,1394.19,223.8865,53.100,6.6455,6.6079,-5.558,-0.3185,-318.92,-318.92,hid,k6,41.374,True
14.580,-104.26381,29.929828,1395.25,223.9107,53.045,6.6545,6.6167,-5.537,-0.3172,-317.83,-317.83,hid,k6,41.359,True
14.640,-104.263558,29.930323,1396.26,223.9327,52.988,6.6615,6.6235,-5.516,-0.3160,-316.58,-316.58,hid,k6,41.349,True
14.700,-104.263279,29.930806,1397.32,223.9517,52.931,6.6686,6.6304,-5.494,-0.3148,-315.27,-315.27,hid,k6,41.339,True
14.760,-104.262988,29.931284,1398.44,223.9695,52.873,6.6721,6.6337,-5.471,-0.3135,-313.75,-313.75,hid,k6,41.329,True
14.820,-104.262688,29.931758,1399.47,223.9862,52.815,6.6759,6.6373,-5.449,-0.3122,-312.33,-312.33,hid,k6,41.319,True
14.880,-104.262363,29.93222,1400.5,224.0001,52.757,6.681,6.6422,-5.428,-0.3110,-310.79,-310.79,hid,k6,41.314,True
14.940,-104.262013,29.932666,1401.25,224.0108,52.698,6.6932,6.6541,-5.412,-0.3101,-309.49,-309.49,hid,k6,41.314,True
15.000,-104.261645,29.933103,1401.96,224.0194,52.638,6.706,6.6667,-5.396,-0.3092,-308.21,-308.21,hid,k6,41.309,True
15.060,-104.261277,29.933539,1402.77,224.028,52.579,6.716,6.6765,-5.378,-0.3081,-306.93,-306.93,hid,k6,41.304,True
15.120,-104.260904,29.933972,1403.53,224.0358,52.519,6.7317,6.692,-5.362,-0.3072,-305.74,-305.74,hid,k6,41.304,True
15.180,-104.260529,29.934403,1404.4,224.0435,52.459,6.7379,6.6979,-5.343,-0.3061,-304.05,-304.05,hid,k6,41.304,True
15.240,-104.260154,29.934835,1405.12,224.0512,52.400,6.7497,6.7094,-5.327,-0.3052,-302.76,-302.76,hid,k6,41.299,True
15.300,-104.259779,29.935266,1405.78,224.0589,52.340,6.7626,6.7221,-5.313,-0.3044,-301.38,-301.38,hid,k6,41.299,True
15.360,-104.259403,29.935698,1406.55,224.0666,52.281,6.7713,6.7306,-5.296,-0.3034,-299.81,-299.81,hid,k6,41.299,True
15.420,-104.259029,29.93613,1407.23,224.0744,52.221,6.7798,6.7388,-5.281,-0.3026,-298.23,-298.23,hid,k6,41.299,True
15.480,-104.258655,29.936562,1407.26,224.0823,52.162,6.8027,6.7614,-5.278,-0.3024,-297.28,-297.28,hid,k6,41.299,True
15.540,-104.258281,29.936994,1406.57,224.0902,52.102,6.8398,6.7982,-5.289,-0.3030,-296.95,-296.95,hid,k6,41.299,True
15.600,-104.257907,29.937427,1405.32,224.0982,52.042,7.0536,6.8507,-5.311,-0.3043,-297.24,-297.24,hid,k6,41.299,True
15.660,-104.257533,29.937859,1404.42,224.1061,51.983,7.4431,7.2093,-5.326,-0.3052,-297.19,-297.19,hid,k6,41.304,True
15.720,-104.257159,29.938291,1404.23,224.1141,51.923,7.7703,7.5284,-5.328,-0.3053,-296.52,-296.52,hid,k6,41.304,True
15.780,-104.256785,29.938723,1404.41,224.1221,51.864,8.0636,7.8132,-5.322,-0.3049,-295.5,-295.5,hid,k6,41.304,True
15.840,-104.256411,29.939156,1405.19,224.1301,51.804,8.2716,8.0116,-5.305,-0.3040,-293.75,-293.75,hid,k6,41.304,True
15.900,-104.256037,29.939588,1406.03,224.1382,51.745,8.5108,8.2418,-5.287,-0.3029,-292.0,-292.0,hid,k6,41.309,True
15.960,-104.255663,29.94002,1406.89,224.1462,51.685,8.759,8.4787,-5.268,-0.3018,-290.56,-290.56,hid,k6,41.309,True
16.020,-104.255289,29.940453,1407.75,224.1543,51.625,9.0144,8.7234,-5.249,-0.3007,-289.02,-289.02,hid,k6,41.309,True
16.080,-104.254913,29.940884,1408.6,224.1621,51.566,9.3016,8.9978,-5.231,-0.2997,-287.5,-287.5,hid,k6,41.309,True
16.140,-104.254495,29.941283,1409.77,224.164,51.506,9.4834,9.167,-5.206,-0.2983,-285.86,-285.86,hid,k6,41.309,True
16.200,-104.25403,29.941641,1411.23,224.1586,51.446,9.5445,9.2139,-5.175,-0.2965,-284.08,-284.08,hid,k6,41.309,True
16.260,-104.253504,29.941929,1412.12,224.1427,51.388,9.5713,9.2278,-5.156,-0.2954,-283.15,-283.15,hid,k6,41.309,True
16.320,-104.252951,29.942176,1412.44,224.1209,51.331,9.6231,9.2637,-5.147,-0.2949,-283.59,-283.59,hid,k6,41.304,True
16.380,-104.252397,29.942421,1412.71,224.0991,51.275,9.6399,9.266,-5.14,-0.2945,-284.05,-284.05,hid,k6,41.299,True
16.440,-104.251844,29.942667,1413.41,224.0771,51.218,9.5435,9.1503,-5.124,-0.2936,-284.35,-284.35,hid,k6,41.299,True
16.500,-104.25129,29.942913,1414.94,224.0551,51.161,9.207,8.7934,-5.093,-0.2918,-283.49,-283.49,hid,k6,41.299,True
16.560,-104.250736,29.943159,1416.64,224.0331,51.105,8.681,8.2466,-5.057,-0.2897,-282.09,-282.09,hid,k6,41.305,True
16.620,-104.250182,29.943404,1418.59,224.0109,51.048,7.9231,7.4629,-5.017,-0.2875,-279.63,-279.63,hid,k6,41.315,True
16.680,-104.249627,29.943648,1420.01,223.9885,50.991,7.691,7.3602,-4.987,-0.2857,-277.93,-277.93,hid,k6,41.32,True
16.740,-104.249073,29.943892,1420.54,223.9661,50.935,7.8563,7.5093,-4.974,-0.2850,-276.93,-276.93,hid,k6,41.33,True
16.800,-104.248517,29.944135,1420.54,223.9436,50.878,8.146,7.7826,-4.972,-0.2849,-276.47,-276.47,hid,k6,41.345,True
16.860,-104.247962,29.944377,1420.57,223.9208,50.822,8.4645,8.0855,-4.969,-0.2847,-275.72,-275.72,hid,k6,41.355,True
16.920,-104.247406,29.94462,1420.62,223.898,50.765,8.8422,8.4413,-4.966,-0.2845,-275.09,-275.09,hid,k6,41.375,True
16.980,-104.24685,29.944862,1421.44,223.8752,50.709,9.1049,8.6808,-4.947,-0.2834,-273.3,-273.3,hid,k6,41.375,True
17.040,-104.246296,29.945106,1423.1,223.8526,50.652,9.136,8.6901,-4.912,-0.2814,-270.76,-270.76,hid,k6,41.39,True
17.100,-104.245719,29.945308,1424.64,223.8245,50.597,9.1491,8.6762,-4.88,-0.2796,-267.85,-267.85,hid,k6,41.415,True
17.160,-104.245143,29.945511,1425.48,223.7964,50.543,9.309,8.8052,-4.861,-0.2785,-265.36,-265.36,hid,k6,41.415,True
17.220,-104.244566,29.945714,1426.0,223.7683,50.488,9.4952,8.9551,-4.848,-0.2778,-262.92,-262.92,hid,k6,41.425,True
17.280,-104.24399,29.945917,1426.59,223.7402,50.434,9.3875,8.8116,-4.834,-0.2770,-259.96,-259.96,hid,k6,41.44,True
17.340,-104.243414,29.946121,1427.2,223.7121,50.379,9.0829,8.88,-4.82,-0.2762,-256.29,-256.29,hid,k6,41.435,True
17.400,-104.242839,29.946325,1427.88,223.6839,50.324,9.2018,8.9926,-4.804,-0.2752,-251.64,-251.64,hid,k6,41.43,True
17.460,-104.24227,29.946542,1428.77,223.6574,50.269,9.1851,8.9782,-4.784,-0.2741,-246.26,-246.26,hid,k6,41.425,True
17.520,-104.241708,29.946774,1429.95,223.6327,50.213,9.36,9.1498,-4.759,-0.2727,-243.91,-243.91,hid,k6,41.175,True
17.580,-104.241154,29.947019,1431.06,223.6097,50.156,9.647,9.4317,-4.734,-0.2712,-242.08,-242.08,hid,k6,41.18,True
17.640,-104.240598,29.94726,1432.04,223.5861,50.100,10.0197,9.7997,-4.712,-0.2700,-239.87,-239.87,hid,k6,41.19,True
17.700,-104.240043,29.947505,1433.07,223.5629,50.044,10.4223,10.1956,-4.689,-0.2687,-238.31,-238.31,hid,k6,41.6,True
17.760,-104.23949,29.94775,1434.07,223.5398,49.987,10.745,10.5152,-4.667,-0.2674,-237.3,-237.3,hid,k6,41.605,True
17.820,-104.238936,29.947996,1435.23,223.5167,49.931,11.0137,10.7788,-4.641,-0.2659,-236.12,-236.12,hid,k6,41.6,True
17.880,-104.238382,29.948242,1436.44,223.4936,49.874,11.2132,10.9739,-4.614,-0.2644,-234.78,-234.78,hid,k6,41.605,True
17.940,-104.237827,29.948486,1437.64,223.4701,49.818,11.1819,10.9365,-4.588,-0.2629,-233.08,-233.08,hid,k6,41.6,True
18.000,-104.237269,29.948724,1438.4,223.4457,49.762,11.1544,10.9055,-4.57,-0.2618,-231.58,-231.58,hid,k6,41.595,True
18.060,-104.236712,29.948963,1438.86,223.4215,49.705,11.019,10.7602,-4.558,-0.2612,-229.97,-229.97,hid,k6,41.59,True
18.120,-104.236169,29.949227,1439.32,223.4006,49.648,10.9228,10.6669,-4.546,-0.2605,-228.42,-228.42,hid,k6,41.58,True
18.180,-104.235655,29.949531,1439.9,223.3854,49.590,11.1713,10.918,-4.532,-0.2597,-226.6,-226.6,hid,k6,41.575,True
18.240,-104.235173,29.949872,1440.86,223.3762,49.530,11.3695,11.1078,-4.51,-0.2584,-224.94,-224.94,hid,k6,41.57,True
18.300,-104.234742,29.950261,1441.75,223.3752,49.470,11.6013,11.3302,-4.489,-0.2572,-223.61,-223.61,hid,k6,41.57,True
18.360,-104.234336,29.950671,1442.73,223.3781,49.410,11.8439,11.5629,-4.466,-0.2559,-222.31,-222.31,hid,k6,41.57,True
18.420,-104.23397,29.951108,1443.67,223.3868,49.351,12.108,11.8152,-4.444,-0.2546,-221.24,-221.24,hid,k6,41.575,True
18.480,-104.233653,29.951573,1444.66,223.4019,49.292,12.5514,12.2108,-4.422,-0.2534,-220.59,-220.59,hid,k6,41.58,True
18.540,-104.233387,29.952062,1445.86,223.4234,49.235,13.3116,12.9579,-4.395,-0.2518,-219.79,-219.79,hid,k6,41.59,True
18.600,-104.233169,29.952569,1447.54,223.4503,49.180,14.0983,13.7334,-4.358,-0.2497,-218.57,-218.57,hid,k6,41.6,True
18.660,-104.232995,29.953088,1449.27,223.482,49.126,14.8587,14.4656,-4.32,-0.2475,-216.86,-216.86,hid,k6,41.605,True
18.720,-104.232875,29.953619,1451.01,223.5193,49.076,15.5759,14.7563,-4.282,-0.2453,-214.47,-214.47,hid,k6,41.6,True
18.780,-104.2328,29.954156,1452.82,223.5609,49.027,17.3405,15.4685,-4.243,-0.2431,-211.59,-211.59,hid,k6,41.6,True
18.840,-104.232751,29.954696,1454.51,223.605,48.981,18.6848,16.7239,-4.206,-0.2410,-210.45,-210.45,hid,k6,41.18,True
18.900,-104.232705,29.955236,1456.23,223.6493,48.934,20.0456,17.6469,-4.168,-0.2388,-208.58,-208.58,hid,k6,41.175,True
18.960,-104.232658,29.955775,1458.54,223.6937,48.888,21.0215,18.0382,-4.119,-0.2360,-212.11,-212.11,hid,k6,41.43,True
19.020,-104.232611,29.956315,1461.47,223.7382,48.841,21.2181,17.6354,-4.056,-0.2324,-213.59,-213.59,hid,k6,41.435,True
19.080,-104.232564,29.956855,1464.59,223.7828,48.795,20.5169,15.984,-3.99,-0.2286,-213.03,-213.03,hid,k6,41.42,True
19.140,-104.232518,29.957395,1467.66,223.8275,48.748,18.7518,13.431,-3.924,-0.2248,-211.53,-211.53,hid,k6,41.405,True
19.200,-104.232471,29.957934,1470.47,223.8722,48.702,16.286,10.0156,-3.864,-0.2214,-209.64,-209.64,hid,k6,41.38,True
19.260,-104.232424,29.958474,1473.02,223.9171,48.656,12.2407,7.4984,-3.809,-0.2182,-207.49,-207.49,hid,k6,41.36,True
19.320,-104.232377,29.959014,1475.34,223.962,48.609,7.5137,7.4475,-3.758,-0.2153,-205.12,-205.12,hid,k6,41.34,True
19.380,-104.232329,29.959553,1477.57,224.0068,48.563,7.4503,7.3838,-3.71,-0.2126,-202.63,-202.63,hid,k6,41.315,True
19.440,-104.232233,29.960088,1479.62,224.0474,48.514,7.3846,7.3177,-3.664,-0.2099,-199.67,-199.67,hid,k6,41.3,True
19.500,-104.232102,29.960617,1481.46,224.0846,48.463,7.302,7.2347,-3.623,-0.2076,-195.86,-195.86,hid,k6,41.3,True
19.560,-104.231932,29.961137,1482.77,224.1181,48.410,7.3871,7.1723,-3.593,-0.2059,-192.3,-192.3,hid,k6,41.305,True
19.620,-104.231738,29.961652,1483.82,224.149,48.356,8.1588,7.1529,-3.568,-0.2044,-189.44,-189.44,hid,k6,41.31,True
19.680,-104.231499,29.962151,1484.65,224.1748,48.300,9.0047,7.6765,-3.547,-0.2032,-187.8,-187.8,hid,k6,41.31,True
19.740,-104.231237,29.962641,1485.17,224.1981,48.243,10.2017,8.6512,-3.533,-0.2024,-186.83,-186.83,hid,k6,41.315,True
19.800,-104.230974,29.963132,1485.69,224.2213,48.186,11.9052,10.0219,-3.518,-0.2016,-185.8,-185.8,hid,k6,41.315,True
19.860,-104.23071,29.963622,1486.94,224.2445,48.130,13.4796,10.9577,-3.489,-0.1999,-183.82,-183.82,hid,k6,41.325,True
19.920,-104.230447,29.964113,1488.98,224.2678,48.073,13.9662,10.734,-3.443,-0.1973,-180.98,-180.98,hid,k6,41.33,True
19.980,-104.230184,29.964603,1491.24,224.2912,48.016,13.5935,9.4246,-3.392,-0.1943,-178.1,-178.1,hid,k6,41.335,True
20.040,-104.229921,29.965093,1493.22,224.3146,47.960,12.9325,7.8031,-3.347,-0.1918,-175.22,-175.22,hid,k6,41.335,True
20.100,-104.229658,29.965584,1495.03,224.3381,47.903,10.7833,7.2153,-3.305,-0.1894,-173.02,-173.02,hid,k6,41.34,True
20.160,-104.229395,29.966074,1496.42,224.3617,47.846,7.2775,7.2005,-3.272,-0.1875,-171.48,-171.48,hid,k6,41.34,True
20.220,-104.229134,29.966565,1496.93,224.3855,47.790,7.3136,7.2359,-3.258,-0.1867,-171.36,-171.36,hid,k6,41.345,True
20.280,-104.228873,29.967057,1496.97,224.4094,47.733,7.3973,7.319,-3.253,-0.1864,-172.02,-172.02,hid,k6,41.345,True
20.340,-104.2286,29.967543,1496.96,224.4319,47.676,8.2849,7.4038,-3.249,-0.1862,-173.35,-173.35,hid,k6,41.34,True
20.400,-104.228297,29.968015,1497.09,224.4507,47.618,9.5171,7.6978,-3.242,-0.1858,-174.15,-174.15,hid,k6,41.34,True
20.460,-104.227952,29.968465,1498.32,224.4639,47.559,9.4267,7.4992,-3.212,-0.1840,-173.49,-173.49,hid,k6,41.335,True
20.520,-104.227574,29.968894,1500.57,224.4725,47.500,8.6817,7.4839,-3.161,-0.1811,-171.33,-171.33,hid,k6,41.33,True
20.580,-104.22717,29.969306,1502.87,224.4773,47.440,7.5394,7.4588,-3.108,-0.1781,-168.99,-168.99,hid,k6,41.33,True
20.640,-104.226755,29.969709,1504.68,224.4804,47.380,7.5242,7.4426,-3.066,-0.1757,-166.78,-166.78,hid,k6,41.33,True
20.700,-104.226344,29.970114,1505.85,224.4839,47.320,7.5404,7.4579,-3.037,-0.1740,-165.34,-165.34,hid,k6,41.325,True
20.760,-104.225933,29.970521,1506.36,224.4877,47.260,7.5851,7.5017,-3.022,-0.1731,-164.46,-164.46,hid,k6,41.325,True
20.820,-104.225523,29.970927,1506.17,224.4916,47.200,7.6608,7.5765,-3.021,-0.1731,-164.34,-164.34,hid,k6,41.325,True
20.880,-104.225115,29.971335,1505.69,224.4957,47.140,7.7541,7.6688,-3.027,-0.1734,-164.47,-164.47,hid,k6,41.325,True
20.940,-104.224755,29.971777,1505.26,224.5071,47.081,7.842,7.7557,-3.032,-0.1737,-164.47,-164.47,hid,k6,41.325,True
21.000,-104.224474,29.972258,1504.84,224.5289,47.024,7.8841,7.7969,-3.037,-0.1740,-163.67,-163.67,hid,k6,41.32,True
21.060,-104.224275,29.972771,1504.49,224.5606,46.970,8.6931,7.7945,-3.04,-0.1742,-162.01,-162.01,hid,k6,41.315,True
21.120,-104.224107,29.973292,1504.17,224.5958,46.917,8.518,7.8219,-3.043,-0.1744,-161.01,-161.01,hid,k6,41.31,True
21.180,-104.223942,29.973813,1503.97,224.6314,46.865,8.3968,7.8783,-3.044,-0.1744,-160.72,-160.72,hid,k6,41.305,True
21.240,-104.223777,29.974335,1503.58,224.667,46.812,9.3852,8.4498,-3.048,-0.1746,-159.42,-159.42,hid,k6,41.295,True
21.300,-104.223611,29.974857,1503.57,224.7027,46.760,8.4815,7.7837,-3.044,-0.1744,-155.84,-155.84,hid,k6,41.29,True
21.360,-104.223446,29.975379,1504.26,224.7385,46.707,8.9491,8.0137,-3.026,-0.1734,-150.12,-150.12,hid,k6,41.29,True
21.420,-104.22328,29.9759,1504.97,224.7744,46.655,9.6187,8.596,-3.007,-0.1723,-145.96,-145.96,hid,k6,40.675,True
21.480,-104.223115,29.976422,1505.65,224.8104,46.603,8.4481,7.3433,-2.989,-0.1713,-145.52,-145.52,hid,k6,40.685,True
21.540,-104.22295,29.976944,1506.35,224.8464,46.550,7.3477,7.1121,-2.97,-0.1702,-145.76,-145.76,hid,k6,40.69,True
21.600,-104.222784,29.977466,1507.08,224.8826,46.498,7.8928,7.0915,-2.95,-0.1690,-146.15,-146.15,hid,k6,40.695,True
21.660,-104.222631,29.97799,1508.48,224.92,46.446,7.3292,7.2309,-2.916,-0.1671,-146.05,-146.05,hid,k6,40.695,True
21.720,-104.22248,29.978515,1511.15,224.9579,46.395,12.172,8.5241,-2.855,-0.1636,-144.08,-144.08,hid,k6,40.7,True
21.780,-104.222324,29.979039,1514.61,224.9952,46.343,17.8488,9.908,-2.776,-0.1591,-139.99,-139.99,hid,k6,40.71,True
21.840,-104.222163,29.979562,1517.47,225.0322,46.291,15.9963,7.4081,-2.71,-0.1553,-136.21,-136.21,hid,k6,40.725,True
21.900,-104.221998,29.980084,1519.5,225.0688,46.239,7.3923,7.2936,-2.662,-0.1525,-135.42,-135.42,hid,k6,41.115,True
21.960,-104.221842,29.980608,1520.9,225.1064,46.187,7.4873,7.3873,-2.628,-0.1506,-135.39,-135.39,hid,k6,41.125,True
22.020,-104.221693,29.981133,1522.27,225.1448,46.135,7.4263,7.3252,-2.594,-0.1486,-132.76,-132.76,hid,k6,41.125,True
22.080,-104.221553,29.981661,1523.63,225.1844,46.085,7.262,7.1597,-2.561,-0.1467,-128.58,-128.58,hid,k6,40.79,True
22.140,-104.221429,29.982191,1524.83,225.2255,46.035,6.9986,6.8954,-2.53,-0.1450,-129.55,-129.55,hid,k6,40.81,True
22.200,-104.221311,29.982722,1525.25,225.2675,45.985,7.1969,7.0983,-2.517,-0.1442,-131.98,-131.98,hid,k6,40.825,True
22.260,-104.221199,29.983255,1524.82,225.3101,45.936,7.5142,7.4143,-2.522,-0.1445,-136.18,-136.18,hid,k6,40.83,True
22.320,-104.221087,29.983787,1523.54,225.3529,45.886,7.7722,7.6711,-2.546,-0.1459,-139.08,-139.08,hid,k6,40.84,True
22.380,-104.220976,29.98432,1521.44,225.3957,45.837,7.9058,7.8025,-2.588,-0.1483,-138.56,-138.56,hid,k6,40.89,True
22.440,-104.220864,29.984852,1519.16,225.4386,45.788,8.1225,8.0171,-2.634,-0.1509,-142.1,-142.1,hid,k6,40.565,True
22.500,-104.220752,29.985385,1517.42,225.4816,45.739,8.057,7.9204,-2.668,-0.1529,-142.8,-142.8,hid,k6,40.58,True
22.560,-104.22064,29.985917,1516.9,225.5247,45.690,9.4044,8.4637,-2.676,-0.1533,-139.41,-139.41,hid,k6,40.685,True
22.620,-104.220528,29.986449,1517.52,225.5679,45.640,13.2917,9.9555,-2.658,-0.1523,-135.68,-135.68,hid,k6,40.69,True
22.680,-104.220416,29.986982,1519.32,225.6112,45.591,15.3884,11.1481,-2.615,-0.1498,-131.44,-131.44,hid,k6,40.69,True
22.740,-104.220304,29.987514,1521.78,225.6545,45.542,15.7201,10.8153,-2.557,-0.1465,-126.98,-126.98,hid,k6,40.695,True
22.800,-104.220192,29.988047,1524.24,225.698,45.493,16.1914,10.213,-2.499,-0.1432,-122.04,-122.04,hid,k6,40.7,True
22.860,-104.22008,29.988579,1526.78,225.7416,45.444,15.7649,9.5342,-2.439,-0.1397,-117.15,-117.15,hid,k6,40.71,True
22.920,-104.219968,29.989112,1529.61,225.7852,45.395,12.4408,8.1867,-2.372,-0.1359,-112.82,-112.82,hid,k6,40.72,True
22.980,-104.219856,29.989644,1531.98,225.829,45.346,11.7318,8.0966,-2.316,-0.1327,-110.58,-110.58,hid,k6,40.73,True
23.040,-104.219745,29.990176,1534.05,225.8728,45.297,12.1806,8.745,-2.266,-0.1298,-109.66,-109.66,hid,k6,40.73,True
23.100,-104.219633,29.990709,1536.4,225.9168,45.248,12.0526,9.005,-2.21,-0.1266,-108.75,-108.75,hid,k6,40.735,True
23.160,-104.219521,29.991241,1538.75,225.9608,45.199,12.4081,8.623,-2.154,-0.1234,-106.64,-106.64,hid,k6,40.745,True
23.220,-104.219409,29.991774,1541.08,226.0049,45.150,11.8786,7.2179,-2.098,-0.1202,-103.51,-103.51,hid,k6,40.785,True
23.280,-104.219297,29.992306,1543.37,226.0491,45.102,10.8054,6.6464,-2.042,-0.1170,-101.2,-101.2,hid,k6,40.805,True
23.340,-104.219185,29.992838,1545.54,226.0935,45.053,6.7585,6.6359,-1.99,-0.1140,-99.53,-99.53,hid,k6,40.815,True
23.400,-104.219073,29.993371,1546.96,226.1379,45.004,6.7102,6.5861,-1.954,-0.1120,-97.57,-97.57,hid,k6,40.815,True
23.460,-104.218961,29.993903,1547.64,226.1824,44.955,6.6411,6.516,-1.934,-0.1108,-95.76,-95.76,hid,k6,40.8,True
23.520,-104.218849,29.994436,1547.64,226.227,44.906,6.7115,6.5858,-1.929,-0.1105,-97.54,-97.54,hid,k6,40.13,True
23.580,-104.218737,29.994968,1547.14,226.2717,44.858,6.9287,6.802,-1.936,-0.1109,-98.78,-98.78,hid,k6,40.74,True
23.640,-104.218625,29.995501,1546.61,226.3165,44.809,7.0105,6.8822,-1.943,-0.1113,-98.99,-98.99,hid,k6,39.289,True
23.700,-104.218513,29.996033,1546.08,226.3614,44.760,6.9659,6.8352,-1.95,-0.1117,-98.88,-98.88,hid,k6,40.2,True
23.760,-104.218401,29.996565,1546.2,226.4064,44.712,6.9771,6.8431,-1.943,-0.1113,-98.96,-98.96,hid,k6,40.215,True
23.820,-104.218289,29.997098,1547.4,226.4515,44.663,7.0397,6.903,-1.912,-0.1095,-97.77,-97.77,hid,k6,40.22,True
23.880,-104.218178,29.99763,1548.86,226.4967,44.614,7.0485,6.9097,-1.874,-0.1074,-95.88,-95.88,hid,k6,40.24,True
23.940,-104.218066,29.998163,1550.33,226.542,44.566,7.0717,6.915,-1.837,-0.1053,-94.73,-94.73,hid,k6,40.26,True
24.000,-104.217954,29.998695,1551.67,226.5874,44.517,7.0124,6.871,-1.802,-0.1032,-94.17,-94.17,hid,k6,40.27,True
24.060,-104.217841,29.999227,1552.27,226.6329,44.469,7.155,7.0124,-1.784,-0.1022,-95.0,-95.0,hid,k6,40.285,True
24.120,-104.217729,29.99976,1552.12,226.6784,44.420,7.3303,7.1858,-1.783,-0.1022,-96.4,-96.4,hid,k6,40.285,True
24.180,-104.217614,30.000292,1550.97,226.7238,44.372,7.4948,7.348,-1.804,-0.1034,-98.11,-98.11,hid,k6,40.295,True
24.240,-104.217492,30.000822,1549.27,226.7686,44.323,7.7442,7.5948,-1.837,-0.1053,-100.09,-100.09,hid,k6,40.305,True
24.300,-104.217371,30.001353,1547.56,226.8135,44.274,9.7158,8.4927,-1.871,-0.1072,-102.6,-102.6,hid,k6,40.32,True
24.360,-104.217249,30.001884,1546.74,226.8585,44.225,13.2845,11.8003,-1.885,-0.1080,-104.53,-104.53,hid,k6,40.33,True
24.420,-104.21713,30.002415,1546.79,226.9039,44.176,16.4088,14.7353,-1.879,-0.1077,-105.44,-105.52,hid,k6,41.17,True
24.480,-104.21702,30.002948,1547.57,226.9502,44.128,18.8717,16.995,-1.857,-0.1064,-106.02,-106.03,hid,k6,41.157,True
24.540,-104.216885,30.003476,1549.07,226.9941,44.078,21.3968,19.0985,-1.818,-0.1042,-100.83,-100.83,hid,k6,39.78,True
24.600,-104.216731,30.004,1550.6,227.036,44.028,21.9209,18.8075,-1.779,-0.1019,-101.03,-101.03,hid,k6,39.775,True
24.660,-104.216547,30.004517,1551.85,227.0746,43.976,21.853,16.8173,-1.745,-0.1000,-99.06,-99.06,hid,k6,39.775,True
24.720,-104.216355,30.005032,1552.36,227.1125,43.923,18.8026,11.5917,-1.729,-0.0991,-96.57,-96.61,hid,k6,40.48,True
24.780,-104.216142,30.005541,1552.02,227.148,43.870,9.8577,8.5914,-1.731,-0.0992,-97.91,-97.93,hid,k6,40.485,True
24.840,-104.215908,30.006042,1550.76,227.181,43.815,9.0235,8.8455,-1.755,-0.1006,-100.51,-100.51,hid,k6,40.485,True
24.900,-104.215652,30.006535,1548.72,227.2114,43.760,9.3367,9.156,-1.796,-0.1029,-103.36,-103.37,hid,k6,40.485,True
24.960,-104.215376,30.00702,1545.73,227.2391,43.704,9.8036,9.6373,-1.859,-0.1065,-107.13,-107.13,hid,k6,40.48,True
25.020,-104.215087,30.0075,1542.0,227.2652,43.647,10.3599,10.1902,-1.939,-0.1111,-111.32,-111.32,hid,k6,39.179,True
25.080,-104.214798,30.007979,1538.52,227.2915,43.591,10.8931,10.7195,-2.013,-0.1153,-116.83,-116.83,hid,k6,39.179,True
25.140,-104.214509,30.008458,1535.91,227.3178,43.534,11.3525,11.1748,-2.068,-0.1185,-120.27,-120.27,hid,k6,39.189,True
25.200,-104.21422,30.008938,1534.16,227.3441,43.478,11.7046,11.5228,-2.103,-0.1205,-122.19,-122.19,hid,k6,39.199,True
25.260,-104.213932,30.009417,1532.4,227.3706,43.421,12.0389,11.853,-2.139,-0.1226,-123.96,-123.96,hid,k6,39.219,True
25.320,-104.213643,30.009896,1531.33,227.3971,43.364,12.2939,12.0971,-2.159,-0.1237,-124.51,-124.51,hid,k6,39.229,True
25.380,-104.213354,30.010376,1531.12,227.4237,43.308,12.4733,12.2571,-2.158,-0.1236,-123.86,-123.86,hid,k6,39.229,True
25.440,-104.213065,30.010855,1531.1,227.4503,43.251,14.0591,12.5523,-2.154,-0.1234,-122.95,-122.95,hid,k6,39.229,True
25.500,-104.212776,30.011334,1531.19,227.477,43.195,16.1868,14.5429,-2.147,-0.1230,-122.23,-122.24,hid,k6,39.224,True
25.560,-104.212489,30.011814,1532.2,227.504,43.138,18.1207,16.0528,-2.119,-0.1214,-124.03,-124.03,hid,k6,39.705,True
25.620,-104.212201,30.012294,1534.64,227.531,43.082,18.7893,16.286,-2.057,-0.1179,-123.91,-123.91,hid,k6,39.72,True
25.680,-104.211914,30.012774,1537.9,227.5582,43.026,18.273,15.2535,-1.976,-0.1132,-121.02,-121.02,hid,k6,39.725,True
25.740,-104.211627,30.013254,1540.55,227.5854,42.969,18.4695,14.8129,-1.91,-0.1094,-117.49,-117.51,hid,k6,39.725,True
25.800,-104.211339,30.013734,1542.88,227.6127,42.913,19.2154,14.6099,-1.85,-0.1060,-113.99,-114.0,hid,k6,39.72,True
25.860,-104.211052,30.014215,1546.1,227.64,42.856,17.6389,12.3506,-1.769,-0.1014,-109.51,-109.51,hid,k6,39.72,True
25.920,-104.210765,30.014695,1549.66,227.6674,42.800,13.5081,11.8612,-1.681,-0.0963,-104.95,-104.95,hid,k6,39.715,True
25.980,-104.210478,30.015175,1552.32,227.6949,42.744,11.6784,11.3217,-1.613,-0.0924,-101.77,-101.79,hid,k6,39.315,True
26.040,-104.21019,30.015655,1554.34,227.7225,42.687,11.4814,11.2408,-1.56,-0.0894,-100.23,-100.23,hid,k6,39.35,True
26.100,-104.209903,30.016135,1555.68,227.7501,42.631,11.4585,11.2124,-1.523,-0.0873,-98.98,-98.98,hid,k6,39.365,True
26.160,-104.209616,30.016615,1556.65,227.7778,42.574,11.4948,11.2413,-1.495,-0.0857,-98.27,-98.3,hid,k6,39.375,True
26.220,-104.209328,30.017095,1557.07,227.8056,42.518,11.6169,11.356,-1.479,-0.0847,-98.63,-98.67,hid,k6,39.385,True
26.280,-104.209041,30.017575,1557.35,227.8335,42.462,11.8622,11.5929,-1.467,-0.0841,-99.15,-99.15,hid,k6,39.395,True
26.340,-104.208754,30.018055,1557.37,227.8614,42.405,12.1961,11.9175,-1.461,-0.0837,-99.33,-99.36,hid,k6,39.395,True
26.400,-104.208466,30.018535,1556.44,227.8894,42.349,12.7597,12.4711,-1.477,-0.0846,-100.26,-100.25,hid,k6,39.414,True
26.460,-104.208179,30.019015,1555.31,227.9175,42.293,13.3515,13.0547,-1.498,-0.0858,-100.43,-100.45,hid,k6,39.438,True
26.520,-104.207892,30.019495,1554.27,227.9457,42.237,13.9336,13.6269,-1.517,-0.0869,-100.49,-100.48,hid,k6,39.463,True
26.580,-104.207604,30.019975,1553.83,227.9739,42.180,14.437,14.1233,-1.521,-0.0871,-100.6,-100.61,hid,k6,39.491,True
26.640,-104.207317,30.020455,1553.83,228.0022,42.124,14.8966,14.5726,-1.515,-0.0868,-100.66,-100.66,hid,k6,39.513,True
26.700,-104.20703,30.020935,1554.1,228.0306,42.068,15.3916,15.0582,-1.503,-0.0861,-100.91,-100.92,hid,k6,39.654,True
26.760,-104.206742,30.021415,1555.37,228.0591,42.012,15.7342,15.3918,-1.467,-0.0841,-100.37,-100.37,hid,k6,39.638,True
26.820,-104.206455,30.021895,1557.57,228.0876,41.955,15.8932,15.5412,-1.409,-0.0807,-97.57,-97.57,hid,k6,39.638,True
26.880,-104.206168,30.022375,1560.22,228.1162,41.899,15.986,15.6447,-1.34,-0.0768,-93.93,-93.91,hid,k6,39.644,True
26.940,-104.20588,30.022855,1563.58,228.1449,41.843,15.8622,15.5093,-1.254,-0.0718,-89.54,-89.54,hid,k6,39.66,True
27.000,-104.205593,30.023335,1567.05,228.1737,41.787,15.668,15.3045,-1.165,-0.0667,-85.9,-85.9,hid,k6,39.659,True
27.060,-104.205306,30.023815,1569.97,228.2025,41.730,15.556,15.1798,-1.089,-0.0624,-83.08,-83.08,hid,k6,39.671,True
27.120,-104.205018,30.024295,1572.26,228.2315,41.674,15.6475,15.2583,-1.028,-0.0589,-80.72,-80.73,hid,k6,39.687,True
27.180,-104.204731,30.024775,1573.91,228.2605,41.618,15.9955,15.5936,-0.982,-0.0563,-78.76,-78.76,hid,k6,39.717,True
27.240,-104.204444,30.025256,1575.3,228.2895,41.562,16.4084,15.9916,-0.942,-0.0540,-78.34,-78.34,hid,k6,39.769,True
27.300,-104.204156,30.025736,1576.67,228.3187,41.506,16.8742,16.4415,-0.903,-0.0517,-77.18,-77.19,hid,k6,39.785,True
27.360,-104.203869,30.026216,1578.22,228.3479,41.450,17.2094,16.7606,-0.859,-0.0492,-74.88,-74.88,hid,k6,39.788,True
27.420,-104.203582,30.026696,1579.81,228.3773,41.393,17.3995,16.9311,-0.814,-0.0466,-71.99,-71.99,hid,k6,39.79,True
27.480,-104.203294,30.027176,1581.42,228.4067,41.337,17.5891,17.1007,-0.768,-0.0440,-69.29,-69.29,hid,k6,39.786,True
27.540,-104.203007,30.027656,1583.07,228.4361,41.281,17.7473,17.2372,-0.722,-0.0414,-66.92,-66.92,hid,k6,39.788,True
27.600,-104.20272,30.028136,1585.14,228.4657,41.225,17.7859,17.247,-0.665,-0.0381,-64.43,-64.43,hid,k6,39.782,True
27.660,-104.202432,30.028616,1587.82,228.4953,41.169,17.6723,17.0966,-0.593,-0.0340,-61.77,-61.78,hid,k6,39.778,True
27.720,-104.202145,30.029096,1590.74,228.525,41.113,17.6557,17.0433,-0.515,-0.0295,-59.32,-59.31,hid,k6,39.772,True
27.780,-104.201857,30.029576,1593.83,228.5548,41.057,17.7509,17.0969,-0.433,-0.0248,-56.61,-56.62,hid,k6,39.776,True
27.840,-104.201569,30.030056,1596.91,228.5846,41.001,18.2846,17.5691,-0.35,-0.0201,-53.89,-53.89,hid,k6,39.776,True
27.900,-104.201261,30.030525,1599.86,228.6115,40.944,19.0618,18.2765,-0.271,-0.0155,-51.03,-51.02,hid,k6,39.779,True
27.960,-104.200941,30.03099,1602.8,228.6368,40.887,20.009,19.1336,-0.192,-0.0110,-47.81,-47.82,hid,k6,39.792,True
28.020,-104.200595,30.031439,1605.85,228.6581,40.829,20.9074,19.9018,-0.11,-0.0063,-44.36,-44.36,hid,k6,39.816,True
28.080,-104.200235,30.03188,1608.93,228.6772,40.770,21.6217,20.5256,-0.026,-0.0015,-41.17,-39.14,hid,k6,39.825,True
28.140,-104.199867,30.032317,1612.04,228.6953,40.712,22.3156,21.0609,0.058,0.0033,-38.54,-25.85,hid,k6,39.849,True
28.200,-104.199493,30.032749,1615.22,228.7121,40.653,22.8492,21.418,0.145,0.0083,-36.32,-23.29,hid,k6,39.878,True
28.260,-104.199118,30.033181,1618.58,228.729,40.594,23.1028,21.4048,0.236,0.0135,-33.92,-21.51,hid,k6,39.881,True
28.320,-104.198743,30.033613,1621.94,228.746,40.535,23.1452,21.0016,0.327,0.0187,-31.29,-19.62,hid,k6,39.88,True
28.380,-104.198369,30.034045,1625.44,228.763,40.477,22.8153,19.8465,0.422,0.0242,-29.29,-17.55,hid,k6,39.874,True
28.440,-104.197994,30.034477,1629.07,228.7801,40.418,22.8519,17.8633,0.52,0.0298,-24.15,-15.33,hid,k6,39.875,True
28.500,-104.197619,30.03491,1632.29,228.7972,40.359,19.182,14.0427,0.609,0.0349,-20.65,-13.31,hid,k6,39.87,True
28.560,-104.197245,30.035342,1634.76,228.8143,40.300,17.1864,13.8047,0.679,0.0389,-17.65,-9.71,hid,k6,39.865,True
28.620,-104.19687,30.035774,1636.48,228.8315,40.241,19.3278,14.5185,0.731,0.0419,-15.29,1.05,hid,k6,39.858,True
28.680,-104.196495,30.036206,1638.49,228.8488,40.183,22.4665,14.8888,0.79,0.0453,-12.82,2.73,hid,k6,39.854,True
28.740,-104.196121,30.036638,1641.26,228.8661,40.124,13.131,9.1928,0.868,0.0497,-9.77,5.06,hid,k6,39.847,True
28.800,-104.195746,30.03707,1644.11,228.8835,40.065,11.1427,8.5815,0.949,0.0544,-8.19,7.61,hid,k6,39.836,True
28.860,-104.195371,30.037502,1646.81,228.9009,40.006,7.2622,3.3631,1.026,0.0588,-3.5,10.14,hid,k6,39.853,True
28.920,-104.194995,30.037933,1648.68,228.9181,39.948,1.1571,-3.2752,1.082,0.0620,-0.32,12.03,hid,k5,39.833,True
28.980,-104.194602,30.038352,1649.61,228.9323,39.889,-2.3447,-3.292,1.115,0.0639,0.49,20.19,vis,k1,39.853,True
29.040,-104.194174,30.038745,1649.63,228.9404,39.829,-3.2851,-3.3012,1.125,0.0645,0.67,38.23,vis,k1,39.836,True
29.100,-104.193724,30.039117,1648.77,228.9438,39.769,-3.2865,-3.3027,1.114,0.0638,0.7,48.46,vis,k1,39.776,True
29.160,-104.193228,30.039444,1646.63,228.9378,39.709,-0.9169,-3.2931,1.07,0.0613,0.59,49.81,vis,k2,39.538,True
29.220,-104.192733,30.039772,1644.29,228.9317,39.649,-3.2652,-3.2814,1.02,0.0584,0.74,50.24,vis,k1,39.656,True
29.280,-104.192237,30.040099,1643.14,228.9257,39.589,-3.264,-3.2803,1.001,0.0574,0.69,51.89,vis,k1,39.596,True
29.340,-104.191748,30.040433,1642.37,228.9209,39.529,-1.8236,-3.2828,0.992,0.0568,0.67,52.8,vis,k1,39.536,True
29.400,-104.19127,30.040779,1641.67,228.9187,39.470,-2.352,-3.2857,0.984,0.0564,0.68,52.47,vis,k1,39.476,True
29.460,-104.190826,30.041158,1640.25,228.9235,39.410,-3.2655,-3.2819,0.957,0.0548,0.74,51.2,vis,k1,39.416,True
29.520,-104.190401,30.041553,1637.93,228.9321,39.350,-3.2536,-3.2701,0.908,0.0520,0.75,48.87,vis,k1,39.357,True
29.580,-104.190024,30.041983,1634.7,228.9496,39.291,-2.1747,-3.2497,0.835,0.0478,0.79,45.06,vis,k1,39.298,True
29.640,-104.189673,30.04243,1631.04,228.9713,39.233,0.7888,-1.9816,0.751,0.0430,-0.42,41.0,hid,k4,39.034,True
29.700,-104.189325,30.042879,1627.65,228.9939,39.175,5.4742,1.1246,0.674,0.0386,-2.29,37.28,hid,k6,39.038,True
29.760,-104.188978,30.043328,1625.03,229.0165,39.117,10.191,2.5756,0.615,0.0352,-2.52,34.52,hid,k6,39.032,True
29.820,-104.188631,30.043777,1622.56,229.0392,39.059,4.3171,0.3731,0.561,0.0321,-1.95,36.38,hid,k6,38.916,True
29.880,-104.188284,30.044226,1620.0,229.062,39.001,8.3943,2.6903,0.504,0.0289,-2.69,33.92,hid,k6,38.902,True
29.940,-104.187937,30.044676,1618.26,229.0849,38.943,14.0121,5.5358,0.468,0.0268,-3.01,31.83,hid,k6,38.882,True
30.000,-104.18759,30.045125,1617.65,229.1078,38.885,-1.6928,-3.1505,0.461,0.0264,0.38,31.95,vis,k1,38.826,True
30.060,-104.187243,30.045574,1617.21,229.1308,38.827,-3.1384,-3.1554,0.459,0.0263,0.65,31.79,vis,k1,38.834,True
30.120,-104.186896,30.046023,1616.06,229.1538,38.769,-3.1379,-3.155,0.437,0.0250,0.71,30.97,vis,k1,38.776,True
30.180,-104.186549,30.046472,1614.01,229.177,38.712,-3.1283,-3.1454,0.393,0.0225,0.74,29.11,vis,k1,38.718,True
30.240,-104.186202,30.046922,1611.16,229.2002,38.654,-3.1108,-3.128,0.328,0.0188,0.8,26.49,vis,k1,38.66,True
30.300,-104.185855,30.047371,1607.66,229.2234,38.596,-3.0865,-3.1037,0.246,0.0141,0.84,23.19,vis,k1,38.602,True
30.360,-104.185508,30.04782,1604.28,229.2467,38.538,-3.0631,-3.0803,0.166,0.0095,0.8,20.66,vis,k1,38.544,True
30.420,-104.185161,30.048269,1601.4,229.2702,38.480,-3.0448,-3.0621,0.1,0.0057,0.76,21.04,vis,k1,38.486,True
30.480,-104.184814,30.048718,1598.78,229.2936,38.422,-3.0262,-3.0435,0.04,0.0023,0.77,21.37,vis,k1,38.428,True
30.540,-104.184467,30.049168,1596.4,229.3172,38.364,-3.0139,-3.0313,-0.014,-0.0008,0.76,23.84,vis,k1,38.37,True
30.600,-104.18412,30.049617,1594.07,229.3408,38.306,-2.999,-3.0165,-0.067,-0.0038,0.76,29.72,vis,k1,38.312,True
30.660,-104.183772,30.050066,1591.45,229.3645,38.248,-2.0034,-2.9998,-0.128,-0.0073,0.76,29.64,vis,k1,38.255,True
30.720,-104.183423,30.050514,1588.6,229.3878,38.190,2.0306,-1.3044,-0.195,-0.0112,-0.91,28.93,hid,k5,37.985,True
30.780,-104.183082,30.050967,1585.72,229.4128,38.133,13.6485,6.0294,-0.263,-0.0151,-3.61,27.91,hid,k6,38.005,True
30.840,-104.182782,30.051439,1583.83,229.444,38.077,37.0729,22.7496,-0.305,-0.0175,-4.78,28.89,hid,k6,38.013,True
30.900,-104.182561,30.051944,1582.09,229.487,38.024,34.8166,17.1972,-0.344,-0.0197,-3.62,29.85,hid,k6,37.998,True
30.960,-104.182379,30.052462,1579.73,229.5354,37.973,10.4692,-2.4538,-0.4,-0.0229,-1.13,28.74,hid,k6,37.921,True
31.020,-104.1822,30.052981,1576.44,229.5844,37.923,5.7125,-2.9061,-0.48,-0.0275,-0.95,27.16,hid,k6,37.875,True
31.080,-104.182023,30.053499,1573.05,229.6337,37.872,-2.8632,-2.8811,-0.563,-0.0323,0.73,21.03,vis,k1,37.878,True
31.140,-104.181845,30.054018,1570.81,229.683,37.822,-2.521,-2.8656,-0.616,-0.0353,0.73,17.1,vis,k1,37.828,True
31.200,-104.181667,30.054537,1569.9,229.7325,37.772,-0.6962,-1.9862,-0.634,-0.0363,0.7,16.21,vis,k2,37.778,True
31.260,-104.18149,30.055055,1570.06,229.7821,37.721,0.4818,-1.1827,-0.624,-0.0358,-0.39,15.12,hid,k3,37.357,True
31.320,-104.181312,30.055574,1571.28,229.8319,37.671,1.3458,-0.8676,-0.585,-0.0335,-1.01,13.87,hid,k5,37.399,True
31.380,-104.181134,30.056093,1572.86,229.8817,37.621,13.2241,-1.1749,-0.537,-0.0308,-1.67,14.17,hid,k6,37.585,True
31.440,-104.180956,30.056611,1574.28,229.9318,37.571,4.506,-2.8886,-0.493,-0.0282,-0.43,13.95,hid,k6,37.547,True
31.500,-104.180779,30.05713,1575.49,229.9819,37.520,-1.1726,-2.9148,-0.455,-0.0261,0.46,15.82,vis,k1,37.514,True
31.560,-104.180601,30.057649,1576.59,230.0322,37.470,-0.1564,-2.5217,-0.419,-0.0240,0.22,19.5,marg,k2,37.224,True
31.620,-104.180423,30.058168,1577.72,230.0826,37.420,-0.0188,-2.9133,-0.383,-0.0219,0.09,22.96,marg,k2,37.222,True
31.680,-104.180245,30.058686,1578.7,230.1332,37.370,-0.5433,-2.9162,-0.35,-0.0201,0.3,25.61,vis,k2,37.226,True
31.740,-104.180068,30.059205,1579.34,230.1839,37.320,-1.7294,-2.9158,-0.327,-0.0187,0.48,27.77,vis,k1,37.24,True
31.800,-104.179888,30.059723,1579.32,230.2344,37.270,-2.8874,-2.9105,-0.321,-0.0184,0.62,29.8,vis,k1,37.248,True
31.860,-104.179707,30.060241,1578.78,230.285,37.220,-2.8798,-2.9029,-0.329,-0.0189,0.75,33.78,vis,k1,37.225,True
31.920,-104.1795,30.060751,1578.2,230.3322,37.168,-2.8704,-2.8936,-0.338,-0.0194,0.74,31.4,vis,k1,37.174,True
31.980,-104.17924,30.061242,1577.79,230.3719,37.114,-2.8692,-2.8925,-0.342,-0.0196,0.72,29.43,vis,k1,37.12,True
32.040,-104.178918,30.061705,1577.01,230.4022,37.057,-2.8648,-2.8882,-0.356,-0.0204,0.77,29.95,vis,k1,37.063,True
32.100,-104.17855,30.062141,1575.52,230.4246,36.999,-2.8523,-2.8757,-0.388,-0.0222,0.76,31.13,vis,k1,37.005,True
32.160,-104.178154,30.062559,1573.77,230.442,36.940,-2.8382,-2.8617,-0.429,-0.0246,0.74,29.15,vis,k1,36.946,True
32.220,-104.177756,30.062974,1572.1,230.4589,36.881,-2.8238,-2.8474,-0.466,-0.0267,0.72,29.68,vis,k1,36.887,True
32.280,-104.177357,30.06339,1570.0,230.4759,36.822,-2.8041,-2.8278,-0.516,-0.0296,0.77,27.59,vis,k1,36.828,True
32.340,-104.176959,30.063806,1567.24,230.493,36.763,-2.7757,-2.7995,-0.584,-0.0335,0.77,24.29,vis,k1,36.769,True
32.400,-104.17656,30.064222,1564.42,230.5101,36.704,-2.7472,-2.7711,-0.653,-0.0374,0.79,21.15,vis,k1,36.71,True
32.460,-104.176162,30.064637,1561.53,230.5273,36.645,-2.7184,-2.7423,-0.725,-0.0415,0.78,17.38,vis,k1,36.651,True
32.520,-104.175764,30.065053,1558.95,230.5445,36.586,-2.6931,-2.7172,-0.789,-0.0452,0.73,15.4,vis,k1,36.592,True
32.580,-104.175365,30.065469,1557.48,230.5618,36.527,-0.4703,-2.7066,-0.822,-0.0471,0.31,13.83,vis,k2,36.393,True
32.640,-104.174967,30.065885,1557.09,230.5792,36.468,-1.1687,-2.7099,-0.826,-0.0473,0.27,13.41,vis,k1,36.434,True
32.700,-104.174564,30.066297,1557.35,230.5958,36.409,6.0544,-1.3435,-0.812,-0.0465,-1.47,15.75,hid,k6,36.331,True
32.760,-104.174157,30.066706,1557.14,230.6114,36.350,3.4895,-2.728,-0.811,-0.0465,-0.68,19.42,hid,k6,36.287,True
32.820,-104.173745,30.067112,1556.23,230.6263,36.291,-2.7003,-2.7249,-0.83,-0.0476,0.71,21.79,vis,k1,36.296,True
32.880,-104.17335,30.067531,1555.0,230.6446,36.232,-2.6915,-2.7161,-0.857,-0.0491,0.69,20.42,vis,k1,36.237,True
32.940,-104.172956,30.067949,1553.71,230.6629,36.173,-2.6824,-2.7071,-0.886,-0.0508,0.7,19.05,vis,k1,36.178,True
33.000,-104.172559,30.068366,1552.49,230.681,36.114,-2.6734,-2.6982,-0.913,-0.0523,0.7,17.85,vis,k1,36.12,True
33.060,-104.172158,30.06878,1551.23,230.6982,36.055,-2.0937,-2.6886,-0.941,-0.0539,0.6,16.74,vis,k1,35.968,True
33.120,-104.171756,30.069193,1550.02,230.7153,35.996,-2.6559,-2.6809,-0.968,-0.0555,0.72,15.81,vis,k1,36.001,True
33.180,-104.171354,30.069606,1548.74,230.7325,35.937,-2.6471,-2.6722,-0.997,-0.0571,0.72,14.91,vis,k1,35.942,True
33.240,-104.170954,30.070021,1547.46,230.75,35.878,-2.6391,-2.6643,-1.027,-0.0588,0.69,14.13,vis,k1,35.883,True
33.300,-104.170558,30.070439,1546.05,230.7685,35.819,-2.6277,-2.653,-1.059,-0.0607,0.72,13.54,vis,k1,35.825,True
33.360,-104.170165,30.070859,1544.05,230.7877,35.760,-1.1221,-2.6319,-1.109,-0.0635,0.47,12.94,vis,k1,35.636,True
33.420,-104.169773,30.071279,1541.15,230.8071,35.702,2.9182,-2.6002,-1.184,-0.0678,-0.91,12.11,hid,k5,35.593,True
33.480,-104.169381,30.071699,1537.43,230.8263,35.643,11.1227,2.7994,-1.283,-0.0735,-2.43,11.11,hid,k6,35.572,True
33.540,-104.169016,30.072137,1533.71,230.8509,35.585,1.8743,0.5616,-1.381,-0.0791,-2.45,8.21,hid,k5,35.09,True
33.600,-104.16872,30.072612,1529.96,230.8875,35.529,19.4693,13.8302,-1.481,-0.0849,-7.31,5.58,hid,k6,35.086,True
33.660,-104.16849,30.073114,1525.98,230.9346,35.477,29.1947,17.9591,-1.588,-0.0910,-11.93,3.43,hid,k6,35.1,True
33.720,-104.168366,30.073644,1522.09,230.996,35.431,30.2458,24.4916,-1.694,-0.0971,-17.49,-1.24,hid,k6,35.106,True
33.780,-104.168327,30.074184,1519.27,231.0671,35.390,34.9028,30.7964,-1.77,-0.1014,-17.1,-3.54,hid,k6,35.165,True
33.840,-104.168376,30.074723,1516.48,231.1472,35.356,22.0603,18.9179,-1.846,-0.1058,-12.84,-6.86,hid,k6,35.153,True
33.900,-104.168477,30.075257,1513.95,231.2318,35.326,23.031,19.4823,-1.915,-0.1097,-14.66,-2.12,hid,k6,34.821,True
33.960,-104.168591,30.075789,1511.28,231.3175,35.298,25.4597,21.1714,-1.988,-0.1139,-11.54,4.7,hid,k6,34.795,True
34.020,-104.168709,30.076321,1508.84,231.4036,35.270,19.8109,13.7135,-2.055,-0.1177,-5.94,15.57,hid,k6,35.169,True
34.080,-104.168827,30.076852,1507.33,231.4899,35.242,14.9376,4.3809,-2.096,-0.1201,-2.59,31.11,hid,k6,35.185,True
34.140,-104.168945,30.077383,1506.12,231.5763,35.214,5.3476,1.0538,-2.128,-0.1219,-2.24,33.07,hid,k6,35.067,True
34.200,-104.169063,30.077915,1504.89,231.6628,35.186,5.9176,-0.078,-2.161,-0.1238,-1.78,22.21,hid,k6,35.081,True
34.260,-104.16918,30.078446,1503.63,231.7495,35.158,145.6586,110.5049,-2.194,-0.1257,-16.95,22.85,hid,k6,35.058,True
34.320,-104.169298,30.078978,1502.41,231.8363,35.131,83.6631,77.6464,-2.227,-0.1276,-25.78,17.2,hid,k6,35.026,True
34.380,-104.169416,30.079509,1501.14,231.9233,35.103,94.5209,88.1546,-2.261,-0.1295,-28.44,10.01,hid,k6,34.998,True
34.440,-104.169534,30.080041,1499.8,232.0104,35.076,89.4108,81.5408,-2.297,-0.1316,-21.19,6.98,hid,k6,34.997,True
34.500,-104.169652,30.080572,1498.63,232.0976,35.048,109.0822,94.834,-2.329,-0.1334,-14.79,11.6,hid,k6,35.003,True
34.560,-104.16977,30.081104,1497.44,232.185,35.021,173.54,141.5997,-2.361,-0.1353,-10.0,11.01,hid,k6,35.008,True
34.620,-104.169888,30.081635,1495.89,232.2725,34.994,9.6629,-1.9613,-2.403,-0.1377,-0.55,5.89,hid,k6,34.981,True
34.680,-104.170006,30.082167,1493.79,232.3601,34.967,49.1553,17.2231,-2.461,-0.1410,-12.8,3.88,hid,k6,34.558,True
34.740,-104.170124,30.082698,1491.9,232.4479,34.940,29.9949,26.5887,-2.514,-0.1440,-24.59,5.92,hid,k6,34.573,True
34.800,-104.170241,30.083229,1491.29,232.5358,34.913,40.6514,36.8596,-2.529,-0.1449,-27.27,6.46,hid,k6,34.632,True
34.860,-104.170362,30.08376,1491.92,232.624,34.886,64.8086,60.7964,-2.509,-0.1438,-31.94,5.42,hid,k6,34.677,True
34.920,-104.170481,30.084292,1493.11,232.7123,34.859,62.4358,54.7017,-2.474,-0.1417,-21.13,9.72,hid,k6,34.724,True
34.980,-104.170549,30.084829,1493.54,232.7967,34.828,54.3535,38.2103,-2.459,-0.1409,-10.22,16.03,hid,k6,34.717,True
35.040,-104.170535,30.085369,1493.11,232.8737,34.791,11.5823,3.0966,-2.469,-0.1415,-2.68,15.37,hid,k6,34.694,True
35.100,-104.170403,30.085897,1491.6,232.9378,34.745,36.8345,13.5657,-2.509,-0.1438,-2.9,15.26,hid,k6,34.724,True
35.160,-104.170198,30.086408,1489.4,232.9925,34.695,-2.0617,-2.0887,-2.57,-0.1473,0.83,16.75,vis,k1,34.7,True
35.220,-104.169941,30.086901,1486.88,233.0398,34.643,-1.3623,-2.0575,-2.639,-0.1512,0.75,16.21,vis,k1,34.648,True
35.280,-104.169681,30.087393,1484.6,233.0868,34.590,0.0921,-2.0273,-2.702,-0.1548,0.0,17.39,marg,k2,34.551,True
35.340,-104.169421,30.087884,1483.13,233.1339,34.537,-0.5721,-1.7647,-2.741,-0.1570,0.69,27.14,vis,k2,34.542,True
35.400,-104.169161,30.088376,1481.55,233.1812,34.484,0.6902,-1.9953,-2.784,-0.1595,-0.33,25.77,hid,k4,34.277,True
35.460,-104.168889,30.088863,1479.87,233.2266,34.431,8.0941,-0.7824,-2.83,-0.1621,-1.28,24.08,hid,k6,34.212,True
35.520,-104.168616,30.089349,1478.23,233.2722,34.377,29.9757,11.6683,-2.874,-0.1647,-3.43,22.38,hid,k6,34.334,True
35.580,-104.168344,30.089836,1476.62,233.3179,34.324,8.6486,2.4963,-2.919,-0.1672,-2.55,20.55,hid,k6,34.221,True
35.640,-104.16808,30.090326,1474.99,233.3651,34.271,17.1433,3.184,-2.963,-0.1698,-2.29,18.51,hid,k6,34.224,True
35.700,-104.16781,30.090813,1473.32,233.4115,34.218,-1.8711,-1.8991,-3.009,-0.1724,0.79,16.46,vis,k1,34.223,True
35.760,-104.167482,30.091273,1471.39,233.4483,34.162,-1.3889,-1.8764,-3.063,-0.1755,0.81,14.22,vis,k1,34.167,True
35.820,-104.16711,30.091707,1469.27,233.477,34.105,5.1393,0.0306,-3.123,-0.1789,-1.76,12.01,hid,k6,33.805,True
35.880,-104.166734,30.092138,1467.76,233.5051,34.047,14.3419,7.7848,-3.164,-0.1813,-5.11,10.81,hid,k6,33.766,True
35.940,-104.16631,30.092534,1467.66,233.5234,33.988,6.5289,3.4082,-3.165,-0.1813,-3.77,11.74,hid,k6,33.775,True
36.000,-104.165845,30.092893,1468.63,233.5323,33.928,4.5681,1.4701,-3.133,-0.1795,-2.64,12.62,hid,k6,33.713,True
36.060,-104.165367,30.093239,1469.35,233.5379,33.868,-1.8449,-1.8735,-3.11,-0.1782,0.45,14.64,vis,k1,33.843,True
36.120,-104.164889,30.093586,1469.32,233.5436,33.808,-1.851,-1.8798,-3.108,-0.1781,0.67,15.13,vis,k1,33.813,True
36.180,-104.164411,30.093933,1468.48,233.5494,33.749,-1.8438,-1.8727,-3.13,-0.1793,0.72,15.18,vis,k1,33.753,True
36.240,-104.163933,30.09428,1466.65,233.5552,33.689,-1.8209,-1.8499,-3.182,-0.1823,0.75,14.08,vis,k1,33.693,True
36.300,-104.163456,30.094627,1464.07,233.561,33.629,-1.7863,-1.8154,-3.256,-0.1866,0.82,10.67,vis,k1,33.633,True
36.360,-104.162978,30.094973,1460.75,233.5669,33.569,-1.7399,-1.7691,-3.352,-0.1921,0.81,8.77,vis,k1,33.573,True
36.420,-104.1625,30.09532,1458.13,233.5727,33.509,-1.0547,-1.7324,-3.428,-0.1964,0.74,6.26,vis,k1,33.514,True
36.480,-104.162022,30.095667,1456.95,233.5786,33.449,0.2731,-1.6277,-3.462,-0.1984,-0.1,3.99,hid,k3,33.178,True
36.540,-104.161544,30.096014,1455.88,233.5845,33.389,2.7336,0.6255,-3.492,-0.2001,-2.27,4.23,hid,k5,33.064,True
36.600,-104.161066,30.096361,1454.76,233.5904,33.329,3.1571,0.7338,-3.523,-0.2019,-2.35,3.2,hid,k6,33.014,True
36.660,-104.160589,30.096708,1453.7,233.5966,33.269,3.8634,1.2827,-3.553,-0.2036,-2.66,2.15,hid,k6,33.004,True
36.720,-104.160113,30.097057,1452.81,233.6031,33.209,3.1803,0.625,-3.578,-0.2050,-2.23,1.42,hid,k6,32.918,True
36.780,-104.159638,30.097407,1452.94,233.6097,33.150,3.6792,1.0837,-3.572,-0.2047,-2.63,1.59,hid,k6,32.838,True
36.840,-104.159161,30.097755,1454.01,233.616,33.090,-0.3125,-1.3403,-3.538,-0.2027,0.07,2.6,marg,k2,33.036,True
36.900,-104.158684,30.098102,1454.5,233.6223,33.030,-0.8416,-1.4839,-3.522,-0.2018,0.63,2.79,vis,k2,33.024,True
36.960,-104.158207,30.09845,1454.11,233.6286,32.970,-0.7926,-1.4729,-3.532,-0.2024,0.7,2.5,vis,k2,32.974,True
37.020,-104.157731,30.098798,1453.25,233.635,32.910,-0.5291,-1.2478,-3.556,-0.2037,0.7,2.21,vis,k2,32.915,True
37.080,-104.157254,30.099146,1452.85,233.6414,32.850,-0.3746,-1.141,-3.567,-0.2044,0.61,5.21,vis,k2,32.815,True
37.140,-104.156777,30.099494,1452.76,233.6478,32.790,-0.3877,-1.2065,-3.568,-0.2044,0.61,9.53,vis,k2,32.765,True
37.200,-104.1563,30.099842,1452.67,233.6542,32.730,-0.2795,-1.127,-3.569,-0.2045,0.65,10.04,vis,k2,32.735,True
37.260,-104.155823,30.10019,1452.14,233.6607,32.670,0.0371,-1.1385,-3.583,-0.2053,0.01,9.61,marg,k2,32.627,True
37.320,-104.155346,30.100538,1451.22,233.6671,32.611,0.2598,-0.7804,-3.61,-0.2068,-0.23,9.52,hid,k3,31.927,True
37.380,-104.154869,30.100886,1449.77,233.6736,32.551,1.1035,-0.0341,-3.653,-0.2093,-1.57,11.82,hid,k5,31.925,True
37.440,-104.154393,30.101234,1448.01,233.6802,32.491,2.3499,1.0864,-3.706,-0.2123,-3.23,11.46,hid,k5,31.927,True
37.500,-104.153916,30.101581,1446.24,233.6867,32.431,3.8981,2.4809,-3.759,-0.2154,-4.9,11.16,hid,k6,31.927,True
37.560,-104.153439,30.101929,1444.88,233.6933,32.371,5.5098,3.9043,-3.799,-0.2177,-6.18,10.91,hid,k6,31.921,True
37.620,-104.152962,30.102277,1444.46,233.6999,32.311,6.6761,4.8242,-3.811,-0.2184,-6.54,11.22,hid,k6,31.921,True
37.680,-104.152485,30.102625,1440.95,233.7065,32.251,107.3742,36.7087,-3.919,-0.2245,-10.17,7.91,hid,k6,31.96,True
37.740,-104.152007,30.102972,1444.48,233.7129,32.191,9.4137,6.7659,-3.808,-0.2182,-6.95,11.45,hid,k6,31.89,True
37.800,-104.15153,30.103319,1444.73,233.7194,32.131,10.8973,7.6259,-3.8,-0.2177,-6.06,11.75,hid,k6,31.916,True
37.860,-104.151052,30.103667,1445.33,233.726,32.072,6.8236,1.6062,-3.78,-0.2166,-2.64,12.58,hid,k6,31.864,True
37.920,-104.150575,30.104014,1446.69,233.7325,32.012,4.804,-1.68,-3.736,-0.2141,-1.05,14.12,hid,k6,31.906,True
37.980,-104.150097,30.104361,1447.97,233.7391,31.952,-0.8309,-1.7082,-3.695,-0.2117,0.15,15.68,marg,k2,31.902,True
38.040,-104.14962,30.104708,1448.4,233.7457,31.892,-1.6886,-1.7217,-3.68,-0.2108,0.63,16.59,vis,k1,31.888,True
38.100,-104.149142,30.105056,1448.01,233.7523,31.832,-1.6868,-1.7201,-3.691,-0.2115,0.71,16.8,vis,k1,31.836,True
38.160,-104.148665,30.105403,1446.81,233.759,31.772,-1.6706,-1.704,-3.728,-0.2136,0.73,16.26,vis,k1,31.776,True
38.220,-104.148187,30.10575,1445.1,233.7656,31.712,-1.6449,-1.6784,-3.78,-0.2166,0.75,15.03,vis,k1,31.716,True
38.280,-104.14771,30.106097,1443.37,233.7723,31.652,-1.6187,-1.6524,-3.834,-0.2197,0.75,13.99,vis,k1,31.657,True
38.340,-104.147232,30.106444,1441.52,233.7791,31.592,-1.59,-1.6239,-3.892,-0.2230,0.76,12.71,vis,k1,31.597,True
38.400,-104.146755,30.106792,1439.74,233.7858,31.533,-1.5626,-1.5966,-3.947,-0.2261,0.74,11.79,vis,k1,31.537,True
38.460,-104.146277,30.107139,1437.91,233.7926,31.473,-1.5338,-1.568,-4.005,-0.2295,0.74,10.59,vis,k1,31.477,True
38.520,-104.145799,30.107486,1436.26,233.7994,31.413,-1.5075,-1.5418,-4.057,-0.2324,0.72,9.7,vis,k1,31.417,True
38.580,-104.145322,30.107833,1435.34,233.8062,31.353,-1.4948,-1.5293,-4.086,-0.2341,0.68,9.54,vis,k1,31.357,True
38.640,-104.144844,30.10818,1435.05,233.8131,31.293,-1.4935,-1.5281,-4.095,-0.2346,0.64,10.4,vis,k1,31.285,True
38.700,-104.144367,30.108528,1434.98,233.8199,31.233,-1.4967,-1.5315,-4.096,-0.2347,0.66,11.23,vis,k1,31.237,True
38.760,-104.143892,30.108877,1434.76,233.8275,31.173,-1.4975,-1.5324,-4.103,-0.2351,0.64,11.76,vis,k1,31.093,True
38.820,-104.14342,30.109231,1434.6,233.8361,31.114,-1.4982,-1.5333,-4.108,-0.2354,0.56,12.72,vis,k1,31.062,True
38.880,-104.142956,30.109591,1434.49,233.8466,31.054,-1.5007,-1.536,-4.111,-0.2355,0.58,13.56,vis,k1,31.016,True
38.940,-104.142508,30.109967,1434.3,233.8616,30.994,-1.5009,-1.5363,-4.117,-0.2359,0.63,14.07,vis,k1,30.986,True
39.000,-104.142077,30.110357,1433.88,233.8806,30.935,-1.4977,-1.5333,-4.13,-0.2366,0.68,14.17,vis,k1,30.939,True
39.060,-104.141661,30.11076,1433.3,233.9035,30.877,-1.4897,-1.5255,-4.149,-0.2377,0.66,14.03,vis,k1,30.881,True
39.120,-104.14126,30.111174,1432.81,233.9299,30.818,-1.4816,-1.5176,-4.165,-0.2386,0.61,13.99,vis,k1,30.798,True
39.180,-104.140875,30.111599,1432.37,233.9597,30.760,-1.4783,-1.5144,-4.179,-0.2394,0.68,14.2,vis,k1,30.764,True
39.240,-104.140507,30.112036,1431.85,233.9937,30.703,-1.4713,-1.5076,-4.196,-0.2404,0.65,14.37,vis,k1,30.705,True
39.300,-104.140146,30.112476,1431.28,234.029,30.646,-1.4635,-1.5,-4.214,-0.2414,0.67,14.63,vis,k1,30.648,True
39.360,-104.139783,30.112917,1430.71,234.0643,30.589,-1.4531,-1.4898,-4.233,-0.2425,0.69,14.9,vis,k1,30.593,True
39.420,-104.139421,30.113357,1429.98,234.0997,30.532,-1.4415,-1.4783,-4.257,-0.2439,0.65,14.87,vis,k1,30.536,True
39.480,-104.139058,30.113797,1429.24,234.1352,30.476,-1.4299,-1.4669,-4.281,-0.2453,0.67,14.96,vis,k1,30.479,True
39.540,-104.138696,30.114237,1428.56,234.1709,30.419,-1.4192,-1.4564,-4.304,-0.2466,0.68,14.98,vis,k1,30.42,True
39.600,-104.138333,30.114677,1427.91,234.2067,30.362,-1.4078,-1.4452,-4.326,-0.2479,0.68,15.04,vis,k1,30.366,True
39.660,-104.137971,30.115117,1427.25,234.2426,30.305,-1.3946,-1.432,-4.348,-0.2491,0.7,13.89,vis,k1,30.309,True
39.720,-104.137608,30.115557,1426.29,234.2787,30.248,-1.3684,-1.4058,-4.38,-0.2510,0.69,10.16,vis,k1,30.252,True
39.780,-104.137245,30.115997,1425.18,234.3149,30.191,-1.3431,-1.3807,-4.417,-0.2531,0.69,8.24,vis,k1,30.195,True
39.840,-104.136883,30.116437,1424.17,234.3512,30.134,-1.3401,-1.3781,-4.451,-0.2550,0.69,7.03,vis,k1,30.138,True
39.900,-104.13652,30.116877,1423.21,234.3877,30.077,-1.3212,-1.3593,-4.484,-0.2569,0.67,5.79,vis,k1,30.081,True
39.960,-104.136158,30.117317,1422.32,234.4243,30.020,-1.3029,-1.3412,-4.514,-0.2586,0.7,4.15,vis,k1,30.024,True
40.020,-104.135795,30.117757,1421.41,234.461,29.964,-1.0906,-1.3177,-4.545,-0.2604,0.7,3.05,vis,k1,29.967,True
40.080,-104.135433,30.118197,1420.58,234.4981,29.907,37.2254,-1.31,-4.574,-0.2621,-1.13,2.72,hid,k6,29.901,True
40.140,-104.135072,30.118638,1420.09,234.5354,29.850,-0.9159,-1.3045,-4.591,-0.2630,0.67,6.54,vis,k2,29.854,True
40.200,-104.134711,30.119079,1419.41,234.5728,29.793,-0.5689,-1.2918,-4.615,-0.2644,0.68,11.27,vis,k2,29.797,True
40.260,-104.134349,30.119519,1418.72,234.6104,29.737,-0.3986,-1.2793,-4.639,-0.2658,0.68,13.5,vis,k2,29.74,True
40.320,-104.133988,30.11996,1418.14,234.6481,29.680,0.2514,-0.8884,-4.659,-0.2669,-0.17,14.94,hid,k3,29.101,True
40.380,-104.133627,30.120401,1417.58,234.686,29.623,1.4839,-0.0064,-4.68,-0.2681,-1.67,15.29,hid,k5,29.099,True
40.440,-104.133266,30.120842,1417.34,234.724,29.566,2.6645,1.0001,-4.689,-0.2687,-2.8,13.36,hid,k5,29.096,True
40.500,-104.132904,30.121283,1417.17,234.7622,29.510,3.6986,1.8035,-4.696,-0.2691,-3.48,8.88,hid,k6,29.087,True
40.560,-104.132543,30.121723,1417.17,234.8005,29.453,4.5867,2.3941,-4.697,-0.2691,-3.74,7.97,hid,k6,29.097,True
40.620,-104.132182,30.122164,1417.53,234.839,29.396,5.2237,2.5388,-4.686,-0.2685,-3.49,11.51,hid,k6,29.106,True
40.680,-104.13182,30.122605,1418.22,234.8776,29.340,5.5504,2.0663,-4.664,-0.2672,-2.87,13.55,hid,k6,29.115,True
40.740,-104.131459,30.123046,1418.98,234.9164,29.283,5.1093,-0.2633,-4.639,-0.2658,-1.71,13.42,hid,k6,29.141,True
40.800,-104.131098,30.123487,1419.61,234.9553,29.227,13.6428,2.7121,-4.619,-0.2646,-2.28,11.34,hid,k6,29.158,True
40.860,-104.130736,30.123927,1419.78,234.9943,29.170,-1.2927,-1.3338,-4.614,-0.2644,0.67,7.52,vis,k1,29.172,True
40.920,-104.130375,30.124368,1419.19,235.0336,29.113,-1.0665,-1.3242,-4.636,-0.2656,0.69,3.07,vis,k1,29.117,True
40.980,-104.130014,30.124809,1418.33,235.0729,29.057,-0.1662,-0.9139,-4.667,-0.2674,0.68,0.73,vis,k2,29.06,True
41.040,-104.129652,30.12525,1417.49,235.1124,29.000,-0.7255,-1.2936,-4.697,-0.2691,0.69,2.17,vis,k2,29.004,True
41.100,-104.129291,30.12569,1416.59,235.1521,28.944,-0.6971,-1.2781,-4.729,-0.2710,0.7,2.01,vis,k2,28.947,True
41.160,-104.128929,30.126131,1415.62,235.1918,28.887,-0.5836,-1.2596,-4.764,-0.2730,0.71,1.65,vis,k2,28.891,True
41.220,-104.128567,30.126571,1414.1,235.2317,28.831,-1.1859,-1.2282,-4.819,-0.2761,0.73,5.4,vis,k1,28.834,True
41.280,-104.128206,30.127012,1412.06,235.2718,28.774,-1.1429,-1.1854,-4.892,-0.2803,0.73,6.59,vis,k1,28.778,True
41.340,-104.127844,30.127453,1409.97,235.312,28.718,-0.9645,-1.1405,-4.966,-0.2845,0.75,2.62,vis,k2,28.721,True
41.400,-104.127482,30.127893,1407.81,235.3524,28.661,1.5292,0.7153,-5.043,-0.2889,-3.16,-3.15,hid,k5,27.662,True
41.460,-104.127121,30.128334,1405.39,235.393,28.605,3.4729,2.6218,-5.13,-0.2939,-7.23,-3.81,hid,k6,27.648,True
41.520,-104.126759,30.128774,1402.88,235.4337,28.548,4.9335,4.0477,-5.221,-0.2991,-9.98,-3.19,hid,k6,27.625,True
41.580,-104.126397,30.129215,1400.38,235.4745,28.492,6.1617,5.2362,-5.311,-0.3043,-11.99,-4.14,hid,k6,27.609,True
41.640,-104.126036,30.129655,1398.27,235.5156,28.435,5.7681,4.7901,-5.388,-0.3087,-10.61,-8.07,hid,k6,27.595,True
41.700,-104.125674,30.130096,1396.63,235.5568,28.379,4.8821,3.8508,-5.449,-0.3122,-9.76,-9.45,hid,k6,27.394,True
41.760,-104.125312,30.130537,1395.54,235.5981,28.322,5.0831,4.2035,-5.49,-0.3146,-10.36,-6.22,hid,k6,27.388,True
41.820,-104.124951,30.130977,1394.91,235.6396,28.266,5.5793,4.6457,-5.516,-0.3160,-10.75,-7.22,hid,k6,27.381,True
41.880,-104.124589,30.131418,1394.51,235.6813,28.210,5.9233,4.9281,-5.533,-0.3170,-10.72,-7.41,hid,k6,27.379,True
41.940,-104.124227,30.131858,1394.18,235.7232,28.153,6.0085,4.9396,-5.548,-0.3179,-10.12,-6.88,hid,k6,27.381,True
42.000,-104.123865,30.132299,1393.8,235.7652,28.097,4.7445,3.5776,-5.565,-0.3189,-8.64,-8.64,hid,k6,26.91,True
42.060,-104.123504,30.132739,1393.44,235.8074,28.041,3.9203,3.185,-5.581,-0.3198,-9.48,-9.48,hid,k6,26.91,True
42.120,-104.123142,30.13318,1393.05,235.8498,27.984,4.602,3.827,-5.599,-0.3208,-10.62,-10.62,hid,k6,26.907,True
42.180,-104.12278,30.133621,1392.63,235.8923,27.928,5.2792,4.4587,-5.617,-0.3218,-11.57,-11.57,hid,k6,26.907,True
42.240,-104.122418,30.134061,1392.21,235.935,27.872,5.9327,5.0753,-5.636,-0.3229,-12.47,-11.88,hid,k6,26.895,True
42.300,-104.122057,30.134502,1391.83,235.9779,27.815,6.4378,5.5325,-5.654,-0.3240,-12.82,-5.24,hid,k6,26.891,True
42.360,-104.121695,30.134942,1391.49,236.0209,27.759,6.8372,5.8915,-5.67,-0.3249,-13.05,0.64,hid,k6,26.87,True
42.420,-104.121333,30.135383,1391.19,236.0642,27.703,7.6853,6.6838,-5.684,-0.3257,-13.89,6.91,hid,k6,26.862,True
42.480,-104.120972,30.135823,1390.93,236.1076,27.647,8.6962,7.6157,-5.698,-0.3265,-14.74,9.49,hid,k6,26.856,True
42.540,-104.12061,30.136264,1390.67,236.1511,27.591,10.6328,9.4641,-5.711,-0.3272,-16.53,11.6,hid,k6,26.87,True
42.600,-104.120248,30.136704,1390.33,236.1949,27.534,13.0549,11.731,-5.727,-0.3281,-18.47,13.21,hid,k6,26.868,True
42.660,-104.119886,30.137145,1389.93,236.2388,27.478,15.2073,13.7185,-5.746,-0.3292,-18.66,14.25,hid,k6,26.909,True
42.720,-104.119525,30.137586,1389.58,236.2829,27.422,16.9305,15.2576,-5.762,-0.3301,-18.5,14.67,hid,k6,26.915,True
42.780,-104.119163,30.138026,1389.08,236.3272,27.366,18.6474,16.7225,-5.785,-0.3315,-17.7,14.56,hid,k6,26.927,True
42.840,-104.118797,30.138464,1388.55,236.3708,27.310,20.2312,18.0582,-5.808,-0.3328,-17.02,14.46,hid,k6,26.921,True
42.900,-104.118431,30.138902,1388.24,236.4145,27.253,22.6239,20.0096,-5.824,-0.3337,-15.83,14.57,hid,k6,26.925,True
42.960,-104.118075,30.139346,1388.34,236.4606,27.198,25.5584,22.3545,-5.825,-0.3337,-14.6,15.25,hid,k6,26.935,True
43.020,-104.117711,30.139785,1389.55,236.5052,27.141,21.776,17.5215,-5.785,-0.3315,-9.48,17.08,hid,k6,26.939,True
43.080,-104.117345,30.140223,1391.17,236.5493,27.085,16.3396,7.9445,-5.729,-0.3282,-4.27,18.86,hid,k6,26.944,True
43.140,-104.116963,30.14065,1391.85,236.5898,27.028,9.8337,-0.7836,-5.708,-0.3270,-1.49,19.53,hid,k6,26.959,True
43.200,-104.116575,30.141074,1391.55,236.629,26.971,-0.6593,-0.7745,-5.724,-0.3280,0.11,19.17,marg,k2,26.912,True
43.260,-104.116166,30.141482,1390.27,236.6631,26.913,-0.6933,-0.743,-5.775,-0.3309,0.78,17.96,vis,k2,26.917,True
43.320,-104.115745,30.141881,1388.23,236.6942,26.855,-0.6386,-0.6888,-5.856,-0.3355,0.77,16.07,vis,k2,26.858,True
43.380,-104.115321,30.142276,1386.04,236.7243,26.797,-0.5829,-0.6332,-5.942,-0.3405,0.77,14.04,vis,k2,26.8,True
43.440,-104.114893,30.14267,1383.99,236.7536,26.738,-0.527,-0.5772,-6.024,-0.3451,0.76,12.29,vis,k2,26.742,True
43.500,-104.114467,30.143064,1382.22,236.7836,26.680,-0.4792,-0.5302,-6.095,-0.3492,0.54,10.91,vis,k2,26.469,True
43.560,-104.114043,30.143461,1381.39,236.8144,26.622,2.8869,-0.5082,-6.132,-0.3513,-0.88,12.1,hid,k5,26.475,True
43.620,-104.113618,30.143857,1381.2,236.845,26.564,-0.4507,-0.5021,-6.145,-0.3521,0.67,11.6,vis,k2,26.567,True
43.680,-104.113192,30.144252,1380.95,236.8756,26.505,-0.4441,-0.4958,-6.159,-0.3529,0.67,11.55,vis,k2,26.508,True
43.740,-104.112767,30.144647,1380.43,236.9063,26.447,-0.4293,-0.4814,-6.185,-0.3544,0.68,11.3,vis,k2,26.45,True
43.800,-104.112342,30.145042,1379.82,236.9372,26.389,-0.4122,-0.4643,-6.214,-0.3560,0.7,10.45,vis,k2,26.392,True
43.860,-104.111916,30.145438,1379.31,236.9682,26.330,-0.3971,-0.4495,-6.239,-0.3575,0.69,9.94,vis,k2,26.333,True
43.920,-104.111491,30.145833,1379.03,236.9993,26.272,-0.3898,-0.4425,-6.255,-0.3584,0.67,10.21,vis,k2,26.275,True
43.980,-104.111065,30.146228,1379.01,237.0306,26.214,-0.3881,-0.4407,-6.262,-0.3588,0.65,10.75,vis,k2,26.215,True
44.040,-104.11064,30.146624,1379.28,237.062,26.156,-0.3796,-0.4333,-6.257,-0.3585,0.63,11.81,vis,k2,26.155,True
44.100,-104.110214,30.147019,1379.43,237.0935,26.097,-0.3956,-0.4489,-6.258,-0.3586,0.66,12.75,vis,k2,26.1,True
44.160,-104.109789,30.147414,1379.37,237.1252,26.039,-0.3933,-0.447,-6.266,-0.3590,0.67,13.15,vis,k2,26.042,True
44.220,-104.109364,30.147809,1379.16,237.1571,25.981,-0.3869,-0.441,-6.28,-0.3598,0.69,14.13,vis,k2,25.984,True
44.280,-104.108938,30.148205,1379.02,237.189,25.923,-0.3793,-0.4335,-6.292,-0.3605,0.66,15.44,vis,k2,25.926,True
44.340,-104.108513,30.1486,1379.0,237.2212,25.864,-0.3787,-0.433,-6.298,-0.3608,0.67,15.45,vis,k2,25.867,True
44.400,-104.108087,30.148995,1372.71,237.2534,25.806,250.766,168.3678,-6.548,-0.3752,-5.9,9.33,hid,k6,25.787,True
44.460,-104.107662,30.149391,1379.0,237.286,25.748,-0.3742,-0.4295,-6.311,-0.3616,0.65,16.18,vis,k2,25.749,True
44.520,-104.107238,30.149787,1379.06,237.3187,25.690,1.9299,-0.4318,-6.315,-0.3618,-0.82,16.75,hid,k5,25.467,True
44.580,-104.106813,30.150182,1379.57,237.3516,25.632,10.7373,5.7391,-6.301,-0.3610,-3.9,17.1,hid,k6,25.455,True
44.640,-104.106388,30.150578,1380.49,237.3846,25.574,18.6047,10.3573,-6.272,-0.3594,-4.24,17.93,hid,k6,25.462,True
44.700,-104.105963,30.150974,1380.53,237.4178,25.515,14.892,-0.1712,-6.277,-0.3596,-1.8,17.24,hid,k6,25.46,True
44.760,-104.105538,30.15137,1379.69,237.4511,25.457,-0.3732,-0.4299,-6.316,-0.3619,0.74,15.48,vis,k2,25.46,True
44.820,-104.105113,30.151765,1378.0,237.4846,25.399,-0.3355,-0.3926,-6.389,-0.3661,0.76,13.23,vis,k2,25.402,True
44.880,-104.104688,30.152161,1375.73,237.5182,25.341,-0.2606,-0.3181,-6.485,-0.3716,0.77,10.36,vis,k2,25.344,True
44.940,-104.104263,30.152557,1374.03,237.552,25.283,-0.208,-0.2657,-6.56,-0.3759,0.7,7.96,vis,k2,25.286,True
45.000,-104.103838,30.152952,1373.53,237.586,25.225,-0.0916,-0.1496,-6.587,-0.3774,0.68,6.9,vis,k2,25.228,True
45.060,-104.103413,30.153348,1373.4,237.6201,25.167,-0.1217,-0.1794,-6.599,-0.3781,0.68,8.03,vis,k2,25.17,True
45.120,-104.102989,30.153744,1373.21,237.6543,25.109,-0.1746,-0.2336,-6.614,-0.3790,0.68,9.5,vis,k2,25.111,True
45.180,-104.102564,30.15414,1372.83,237.6887,25.050,-0.1554,-0.2147,-6.636,-0.3802,0.7,8.86,vis,k2,25.053,True
45.240,-104.102139,30.154535,1372.23,237.7233,24.992,-0.133,-0.1926,-6.668,-0.3820,0.71,8.11,vis,k2,24.995,True
45.300,-104.101714,30.154931,1371.45,237.7581,24.934,-0.1064,-0.1662,-6.706,-0.3842,0.7,7.27,vis,k2,24.937,True
45.360,-104.101289,30.155327,1370.75,237.793,24.876,-0.0805,-0.141,-6.742,-0.3863,0.67,6.4,vis,k2,24.879,True
45.420,-104.100864,30.155722,1370.41,237.828,24.818,0.0648,0.005,-6.764,-0.3875,0.68,2.01,vis,k2,24.821,True
45.480,-104.100439,30.156118,1370.34,237.8632,24.760,0.247,-0.1214,-6.775,-0.3882,-0.13,5.74,hid,k3,24.179,True
45.540,-104.100014,30.156514,1370.34,237.8986,24.702,1.1829,-0.1185,-6.782,-0.3886,-1.07,5.6,hid,k5,24.181,True
45.600,-104.099589,30.15691,1370.59,237.9342,24.644,9.1654,3.6188,-6.78,-0.3885,-3.03,5.66,hid,k6,24.327,True
45.660,-104.099164,30.157305,1371.59,237.9699,24.586,17.1921,9.1374,-6.748,-0.3866,-3.98,6.47,hid,k6,24.469,True
45.720,-104.098739,30.157701,1373.32,238.0058,24.528,26.5098,10.7555,-6.685,-0.3830,-3.23,8.1,hid,k6,24.439,True
45.780,-104.098314,30.158097,1375.66,238.0419,24.470,13.593,-0.2845,-6.597,-0.3780,-1.37,10.27,hid,k6,24.423,True
45.840,-104.097889,30.158492,1377.45,238.0781,24.412,-0.2778,-0.3411,-6.532,-0.3743,0.37,11.84,vis,k2,24.395,True
45.900,-104.097464,30.158888,1378.42,238.1145,24.354,-0.3081,-0.3714,-6.5,-0.3724,0.58,12.71,vis,k2,24.345,True
45.960,-104.097039,30.159284,1379.09,238.1511,24.296,-0.3289,-0.3927,-6.48,-0.3713,0.63,13.19,vis,k2,24.293,True
46.020,-104.096614,30.159679,1379.17,238.1879,24.238,-0.3287,-0.393,-6.484,-0.3715,0.68,13.11,vis,k2,24.241,True
46.080,-104.096189,30.160075,1378.36,238.2248,24.180,-0.2931,-0.3579,-6.525,-0.3739,0.73,12.02,vis,k2,24.183,True
46.140,-104.095765,30.160471,1376.62,238.2619,24.123,-0.229,-0.2943,-6.605,-0.3784,0.76,10.12,vis,k2,24.125,True
46.200,-104.09534,30.160867,1374.37,238.2992,24.065,-0.1454,-0.211,-6.706,-0.3842,0.76,7.7,vis,k2,24.067,True
46.260,-104.094915,30.161262,1371.96,238.3367,24.007,-0.0546,-0.1204,-6.815,-0.3905,0.78,5.16,vis,k2,24.009,True
46.320,-104.09449,30.161658,1369.66,238.3743,23.949,0.0362,-0.0305,-6.92,-0.3965,0.78,2.59,vis,k2,23.951,True
46.380,-104.094065,30.162054,1367.83,238.4122,23.891,0.1089,0.0421,-7.005,-0.4014,0.58,0.58,marg,k2,9.192,True
46.440,-104.09364,30.162449,1366.24,238.4502,23.833,0.1725,0.1053,-7.081,-0.4057,-1.16,-1.16,hid,k3,9.187,True
46.500,-104.093215,30.162845,1364.66,238.4884,23.775,0.238,0.1704,-7.156,-0.4100,-2.94,-2.94,hid,k3,9.187,True
46.560,-104.09279,30.163241,1363.6,238.5268,23.717,0.2839,0.2153,-7.211,-0.4132,-4.15,-4.15,hid,k3,9.182,True
46.620,-104.092365,30.163636,1363.45,238.5653,23.659,0.2995,0.2309,-7.226,-0.4140,-4.55,-4.55,hid,k3,9.217,True
46.680,-104.09194,30.164032,1363.43,238.6041,23.602,0.3107,0.2416,-7.237,-0.4146,-4.82,-4.82,hid,k3,9.212,True
46.740,-104.091515,30.164428,1363.37,238.6431,23.544,0.3192,0.2493,-7.25,-0.4154,-5.0,-5.0,hid,k3,9.217,True
46.800,-104.09109,30.164823,1363.42,238.6822,23.486,0.3277,0.2577,-7.257,-0.4158,-5.2,-5.2,hid,k3,9.217,True
46.860,-104.090665,30.165219,1363.41,238.7215,23.428,0.3433,0.2726,-7.268,-0.4164,-5.55,-5.55,hid,k3,9.262,True
46.920,-104.09024,30.165615,1363.36,238.7611,23.370,0.3521,0.2809,-7.28,-0.4171,-5.74,-5.74,hid,k3,9.282,True
46.980,-104.089815,30.16601,1363.34,238.8008,23.313,0.3658,0.2939,-7.291,-0.4177,-6.04,-6.04,hid,k3,9.322,True
47.040,-104.08939,30.166406,1363.46,238.8407,23.255,0.3741,0.3017,-7.296,-0.4180,-6.21,-6.21,hid,k3,9.327,True
47.100,-104.088965,30.166802,1363.7,238.8809,23.197,0.3737,0.3005,-7.296,-0.4180,-6.13,-6.13,hid,k3,9.387,True
47.160,-104.088539,30.167197,1364.2,238.9212,23.139,0.3634,0.2902,-7.285,-0.4174,-5.87,-5.87,hid,k3,9.287,True
47.220,-104.088114,30.167593,1364.7,238.9617,23.082,0.3577,0.2835,-7.273,-0.4167,-5.65,-5.65,hid,k3,9.302,True
47.280,-104.087689,30.167989,1365.01,239.0025,23.024,0.3594,0.2847,-7.27,-0.4165,-5.65,-5.65,hid,k3,9.402,True
47.340,-104.087264,30.168384,1364.94,239.0434,22.966,0.3729,0.2979,-7.283,-0.4173,-5.97,-5.97,hid,k3,9.322,True
47.400,-104.086839,30.16878,1364.54,239.0845,22.909,0.4031,0.3274,-7.311,-0.4189,-6.63,-6.63,hid,k3,9.397,True
47.460,-104.086414,30.169176,1364.65,239.1259,22.851,0.6549,0.3337,-7.317,-0.4192,-6.76,-6.76,hid,k4,9.372,True
47.520,-104.085989,30.169571,1364.91,239.1674,22.793,0.8761,0.5467,-7.316,-0.4192,-6.95,-6.95,hid,k4,9.392,True
47.580,-104.085564,30.169967,1365.25,239.2093,22.736,1.3557,1.0451,-7.312,-0.4189,-7.26,-7.26,hid,k5,19.42,True
47.640,-104.08514,30.170363,1364.93,239.2515,22.678,1.6988,1.381,-7.337,-0.4204,-9.1,-9.1,hid,k5,19.42,True
47.700,-104.084718,30.170762,1364.39,239.2948,22.620,2.0194,1.6767,-7.372,-0.4224,-10.52,-10.52,hid,k5,19.435,True
47.760,-104.084312,30.171172,1364.16,239.3431,22.564,2.7739,2.4246,-7.392,-0.4235,-13.93,-13.92,hid,k5,19.593,True
47.820,-104.083917,30.17159,1364.08,239.3949,22.507,3.0728,2.7134,-7.407,-0.4244,-15.08,-15.08,hid,k6,19.597,True
47.880,-104.083544,30.172024,1363.97,239.4535,22.452,3.3607,2.9899,-7.422,-0.4252,-16.03,-16.03,hid,k6,19.639,True
47.940,-104.083188,30.172468,1363.8,239.5172,22.397,3.6154,3.2331,-7.44,-0.4263,-16.78,-16.78,hid,k6,19.663,True
48.000,-104.082847,30.17292,1363.7,239.5851,22.343,15.4866,3.4866,-7.455,-0.4271,-17.58,-17.58,hid,k6,19.673,True
48.060,-104.082524,30.173383,1363.3,239.6581,22.291,4.0551,3.6516,-7.484,-0.4288,-17.92,-17.92,hid,k6,19.682,True
48.120,-104.082224,30.173858,1362.4,239.7372,22.239,4.6018,4.1887,-7.534,-0.4317,-19.92,-19.92,hid,k6,19.691,True
48.180,-104.081938,30.174338,1361.06,239.8199,22.188,5.4312,4.9763,-7.605,-0.4357,-21.45,-21.45,hid,k6,19.868,True
48.240,-104.081673,30.174828,1359.32,239.908,22.139,6.0987,5.6384,-7.694,-0.4408,-23.86,-23.86,hid,k6,19.843,True
48.300,-104.081431,30.175327,1357.57,240.0014,22.091,6.7562,6.2842,-7.783,-0.4459,-25.85,-25.85,hid,k6,19.845,True
48.360,-104.081207,30.175832,1356.16,240.0993,22.044,7.2122,6.7294,-7.857,-0.4502,-26.99,-26.99,hid,k6,19.846,True
48.420,-104.080994,30.17634,1355.49,240.1998,21.998,7.8697,7.3501,-7.898,-0.4525,-29.03,-29.03,hid,k6,19.706,True
48.480,-104.080786,30.17685,1351.58,240.3016,21.953,9.1589,8.6273,-8.086,-0.4633,-33.9,-33.9,hid,k6,19.746,True
48.540,-104.080578,30.17736,1355.45,240.4038,21.907,8.0883,7.5375,-7.92,-0.4538,-28.19,-28.19,hid,k6,19.755,True
48.600,-104.080369,30.177871,1355.4,240.5065,21.862,8.2965,7.7145,-7.932,-0.4545,-25.84,-25.83,hid,k6,20.02,True
48.660,-104.080161,30.178381,1355.41,240.6096,21.817,8.6334,8.0306,-7.942,-0.4550,-25.97,-25.97,hid,k6,20.034,True
48.720,-104.079952,30.178891,1355.43,240.7131,21.771,9.6596,9.0104,-7.952,-0.4556,-27.02,-27.02,hid,k6,20.115,True
48.780,-104.079744,30.179401,1355.38,240.817,21.726,9.5206,8.8629,-7.964,-0.4563,-26.27,-26.27,hid,k6,20.09,True
48.840,-104.079535,30.179911,1355.39,240.9214,21.681,8.7549,8.069,-7.974,-0.4569,-23.14,-23.15,hid,k6,20.107,True
48.900,-104.079327,30.180421,1355.37,241.0262,21.636,9.0061,8.2926,-7.985,-0.4575,-22.92,-22.92,hid,k6,20.118,True
48.960,-104.079118,30.180931,1355.39,241.1314,21.591,8.7426,7.9982,-7.995,-0.4581,-21.61,-21.61,hid,k6,17.169,True
49.020,-104.07891,30.181441,1355.35,241.2371,21.546,8.4131,7.6461,-8.008,-0.4588,-21.21,-21.21,hid,k6,17.184,True
49.080,-104.078701,30.181951,1355.37,241.3432,21.501,6.5949,5.8017,-8.017,-0.4593,-20.48,-20.48,hid,k6,17.169,True
49.140,-104.078492,30.182461,1355.37,241.4498,21.456,4.892,4.2656,-8.028,-0.4600,-20.7,-20.7,hid,k6,17.389,True
49.200,-104.078284,30.182971,1355.37,241.5568,21.412,4.1966,3.5555,-8.038,-0.4605,-19.66,-19.66,hid,k6,9.247,True
49.260,-104.078075,30.183481,1355.36,241.6643,21.367,3.7758,3.1701,-8.049,-0.4612,-19.85,-19.85,hid,k6,9.207,True
49.320,-104.077867,30.183991,1355.36,241.7722,21.323,3.7634,3.2577,-8.06,-0.4618,-20.07,-20.07,hid,k6,9.267,True
49.380,-104.077658,30.184501,1355.35,241.8805,21.278,3.849,3.3361,-8.071,-0.4624,-20.22,-20.22,hid,k6,9.252,True
49.440,-104.07745,30.185011,1355.37,241.9893,21.234,3.7636,3.2343,-8.081,-0.4630,-20.55,-20.55,hid,k6,9.337,True
49.500,-104.077241,30.185521,1355.44,242.0986,21.189,3.651,3.0962,-8.089,-0.4635,-20.86,-20.86,hid,k6,9.507,True
49.560,-104.077033,30.186031,1355.49,242.2083,21.145,3.8704,3.2229,-8.097,-0.4639,-21.55,-21.55,hid,k6,9.492,True
49.620,-104.076824,30.186541,1355.57,242.3185,21.101,14.9788,3.4349,-8.104,-0.4643,-22.06,-22.06,hid,k6,9.507,True
49.680,-104.076616,30.187051,1355.58,242.4291,21.057,20.6608,3.8273,-8.115,-0.4650,-22.54,-22.54,hid,k6,9.507,True
49.740,-104.076407,30.187561,1355.63,242.5403,21.013,6.2144,4.5391,-8.123,-0.4654,-23.07,-23.07,hid,k6,9.497,True
49.800,-104.076199,30.188071,1355.65,242.6518,20.969,5.7413,5.0418,-8.133,-0.4660,-23.43,-23.43,hid,k6,9.487,True
49.860,-104.07599,30.188581,1355.7,242.7639,20.925,5.1981,4.4847,-8.142,-0.4665,-23.85,-23.85,hid,k6,9.507,True
49.920,-104.075782,30.189091,1355.65,242.8764,20.881,4.5864,3.85,-8.155,-0.4672,-24.36,-24.36,hid,k6,9.532,True
49.980,-104.075573,30.189601,1355.29,242.9894,20.838,3.8979,3.148,-8.184,-0.4689,-25.04,-25.04,hid,k6,9.527,True
50.040,-104.075365,30.190111,1355.12,243.1028,20.794,3.371,2.8995,-8.203,-0.4700,-25.59,-25.59,hid,k6,9.527,True
50.100,-104.075156,30.190621,1355.1,243.2168,20.751,3.4975,3.1545,-8.215,-0.4707,-26.01,-26.01,hid,k6,9.522,True
50.160,-104.074947,30.191131,1355.25,243.3312,20.707,4.0267,3.6779,-8.219,-0.4709,-26.18,-26.18,hid,k6,9.587,True
50.220,-104.074739,30.191641,1355.38,243.4461,20.664,4.3411,3.9598,-8.224,-0.4712,-26.54,-26.54,hid,k6,9.577,True
50.280,-104.07453,30.192151,1355.62,243.5615,20.621,4.3973,4.0176,-8.224,-0.4712,-26.31,-26.31,hid,k6,9.607,True
50.340,-104.074322,30.192661,1355.8,243.6773,20.577,5.1228,4.1149,-8.226,-0.4713,-26.28,-26.28,hid,k6,9.642,True
50.400,-104.074113,30.193171,1356.03,243.7937,20.534,6.1532,5.0643,-8.226,-0.4713,-26.33,-26.33,hid,k6,9.672,True
50.460,-104.073905,30.193681,1356.23,243.9105,20.491,5.2005,4.0647,-8.228,-0.4714,-26.25,-26.25,hid,k6,9.682,True
50.520,-104.073696,30.194191,1356.5,244.0278,20.448,4.2179,3.0494,-8.226,-0.4713,-29.2,-29.2,hid,k6,10.403,True
50.580,-104.073488,30.194701,1356.77,244.1457,20.405,3.5645,2.7555,-8.225,-0.4713,-30.85,-30.85,hid,k6,10.413,True
50.640,-104.073279,30.195211,1357.05,244.264,20.363,3.8336,3.3897,-8.222,-0.4711,-31.68,-31.68,hid,k6,10.418,True
50.700,-104.07307,30.195721,1357.59,244.3828,20.320,4.122,3.6723,-8.207,-0.4702,-31.24,-31.24,hid,k6,10.413,True
50.760,-104.072862,30.196231,1358.21,244.5021,20.277,4.1592,3.4007,-8.188,-0.4691,-30.64,-30.64,hid,k6,10.408,True
50.820,-104.072653,30.196741,1358.81,244.6219,20.235,4.3417,3.5568,-8.17,-0.4681,-29.91,-29.91,hid,k6,10.398,True
50.880,-104.072445,30.197252,1359.31,244.7422,20.193,4.6236,3.8219,-8.156,-0.4673,-28.27,-28.27,hid,k6,10.408,True
50.940,-104.072236,30.197762,1359.84,244.8631,20.150,5.5718,4.9536,-8.141,-0.4664,-24.04,-24.04,hid,k6,10.363,True
51.000,-104.072028,30.198272,1360.42,244.9844,20.108,6.157,5.5261,-8.124,-0.4655,-21.78,-21.78,hid,k6,9.592,True
51.060,-104.071819,30.198782,1360.94,245.1063,20.066,7.4012,6.7565,-8.109,-0.4646,-21.15,-21.15,hid,k6,9.592,True
51.120,-104.07161,30.199292,1361.46,245.2286,20.024,8.5591,7.8329,-8.094,-0.4638,-26.89,-26.89,hid,k6,15.749,True
51.180,-104.071402,30.199802,1361.94,245.3515,19.982,10.3247,9.5942,-8.081,-0.4630,-42.73,-42.73,hid,k6,15.774,True
51.240,-104.071193,30.200312,1362.49,245.4749,19.940,10.1545,9.4151,-8.065,-0.4621,-42.34,-42.34,hid,k6,15.789,True
51.300,-104.070985,30.200822,1363.11,245.5988,19.898,11.2944,10.447,-8.045,-0.4609,-38.16,-38.16,hid,k6,15.799,True
51.360,-104.070776,30.201332,1363.7,245.7232,19.857,11.7965,10.8954,-8.026,-0.4599,-33.92,-33.92,hid,k6,15.774,True
51.420,-104.070568,30.201842,1364.27,245.8482,19.815,11.5353,10.5752,-8.009,-0.4589,-29.56,-29.56,hid,k6,15.769,True
51.480,-104.070359,30.202352,1364.79,245.9736,19.774,12.0241,11.0148,-7.994,-0.4580,-27.22,-27.22,hid,k6,15.734,True
51.540,-104.07015,30.202862,1365.18,246.0996,19.732,13.1657,12.1239,-7.985,-0.4575,-26.23,-26.24,hid,k6,15.744,True
51.600,-104.069942,30.203372,1365.68,246.2262,19.691,13.6672,12.5793,-7.971,-0.4567,-26.39,-26.41,hid,k6,15.774,True
51.660,-104.069733,30.203882,1366.08,246.3532,19.650,13.4617,12.3429,-7.961,-0.4561,-25.35,-25.35,hid,k6,15.759,True
51.720,-104.069525,30.204392,1366.46,246.4808,19.609,13.332,12.1001,-7.953,-0.4557,-22.87,-22.88,hid,k6,15.829,True
51.780,-104.069316,30.204902,1366.92,246.6089,19.568,13.2343,11.9843,-7.941,-0.4550,-22.84,-22.84,hid,k6,15.759,True
51.840,-104.069107,30.205412,1367.46,246.7376,19.527,12.992,11.6675,-7.924,-0.4540,-22.25,-22.27,hid,k6,15.804,True
51.900,-104.068899,30.205922,1367.89,246.8668,19.486,12.555,11.1471,-7.913,-0.4534,-23.94,-23.94,hid,k6,15.814,True
51.960,-104.06869,30.206432,1368.36,246.9966,19.445,12.0332,10.5613,-7.9,-0.4526,-29.27,-29.37,hid,k6,15.809,True
52.020,-104.068482,30.206942,1369.07,247.1269,19.405,11.5251,9.9851,-7.874,-0.4511,-33.48,-33.48,hid,k6,13.568,True
52.080,-104.068273,30.207452,1370.06,247.2577,19.364,10.704,9.0735,-7.834,-0.4489,-27.98,-27.98,hid,k6,13.558,True
52.140,-104.068064,30.207962,1371.21,247.3891,19.324,9.5464,8.554,-7.785,-0.4460,-22.6,-22.6,hid,k6,13.523,True
52.200,-104.067856,30.208472,1372.31,247.521,19.283,9.0122,7.9768,-7.739,-0.4434,-23.32,-23.32,hid,k6,13.493,True
52.260,-104.067647,30.208982,1373.1,247.6535,19.243,8.728,7.6461,-7.708,-0.4416,-29.48,-29.48,hid,k6,13.498,True
52.320,-104.067438,30.209492,1373.69,247.7865,19.203,8.4336,7.3375,-7.688,-0.4405,-31.4,-31.4,hid,k6,13.488,True
52.380,-104.06723,30.210002,1374.2,247.9201,19.163,8.8426,8.4598,-7.672,-0.4396,-41.87,-41.88,hid,k6,15.969,True
52.440,-104.067021,30.210512,1374.71,248.0543,19.123,9.4865,9.0968,-7.656,-0.4387,-44.17,-44.24,hid,k6,15.979,True
52.500,-104.066813,30.211022,1375.3,248.189,19.083,10.4147,10.0147,-7.636,-0.4375,-47.3,-47.32,hid,k6,16.014,True
52.560,-104.066603,30.211532,1375.9,248.3242,19.044,10.3738,9.9664,-7.614,-0.4363,-46.29,-46.33,hid,k6,16.019,True
52.620,-104.066392,30.212041,1376.44,248.4594,19.004,10.9705,10.5511,-7.597,-0.4353,-47.56,-47.56,hid,k6,16.063,True
52.680,-104.06618,30.21255,1377.04,248.5951,18.964,10.4758,10.0491,-7.576,-0.4341,-44.6,-44.59,hid,k6,16.069,True
52.740,-104.065968,30.213059,1377.64,248.7314,18.924,10.116,9.6734,-7.554,-0.4328,-41.81,-41.82,hid,k6,16.085,True
52.800,-104.065756,30.213568,1378.27,248.8683,18.885,9.7066,9.2621,-7.531,-0.4315,-39.83,-39.84,hid,k6,16.03,True
52.860,-104.065544,30.214077,1378.91,249.0057,18.846,11.0416,10.6083,-7.507,-0.4301,-46.38,-46.37,hid,k6,15.968,True
52.920,-104.065332,30.214586,1379.51,249.1438,18.806,11.0486,10.6057,-7.486,-0.4289,-45.48,-45.47,hid,k6,15.977,True
52.980,-104.06512,30.215095,1379.94,249.2824,18.767,11.4168,10.9494,-7.473,-0.4282,-44.43,-44.45,hid,k6,16.096,True
53.040,-104.064908,30.215604,1380.4,249.4216,18.728,10.8547,10.3803,-7.459,-0.4274,-41.61,-41.61,hid,k6,16.089,True
53.100,-104.064696,30.216113,1381.03,249.5613,18.689,10.2665,9.7831,-7.435,-0.4260,-38.98,-38.98,hid,k6,16.034,True
53.160,-104.064484,30.216622,1381.71,249.7017,18.650,9.9524,9.4604,-7.409,-0.4245,-36.73,-36.71,hid,k6,16.097,True
53.220,-104.064272,30.217131,1382.4,249.8426,18.612,9.5233,9.0021,-7.382,-0.4230,-33.99,-34.0,hid,k6,16.106,True
53.280,-104.06406,30.21764,1383.18,249.9841,18.573,8.879,8.348,-7.35,-0.4211,-30.33,-30.33,hid,k6,16.196,True
53.340,-104.063848,30.218149,1383.97,250.1262,18.534,9.5299,8.8555,-7.317,-0.4192,-26.26,-26.27,hid,k6,16.195,True
53.400,-104.063636,30.218658,1384.96,250.2689,18.496,8.8673,8.2055,-7.274,-0.4168,-24.29,-24.29,hid,k6,16.583,True
53.460,-104.063424,30.219167,1386.18,250.4122,18.458,7.104,6.5392,-7.218,-0.4136,-22.74,-22.74,hid,k6,16.209,True
53.520,-104.063213,30.219676,1387.55,250.5561,18.420,5.1119,4.5389,-7.153,-0.4098,-16.6,-16.6,hid,k6,14.939,True
53.580,-104.063001,30.220184,1388.89,250.7006,18.382,3.8429,3.4709,-7.09,-0.4062,-18.36,-18.37,hid,k6,14.954,True
53.640,-104.062789,30.220693,1390.22,250.8457,18.344,3.2717,2.8958,-7.027,-0.4026,-15.38,-15.39,hid,k6,14.944,True
53.700,-104.062577,30.221202,1391.77,250.9914,18.306,3.0062,2.5173,-6.951,-0.3983,-13.32,-13.37,hid,k6,14.959,True
53.760,-104.062365,30.221711,1393.46,251.1376,18.268,3.6814,3.0216,-6.868,-0.3935,-10.64,-10.65,hid,k6,14.949,True
53.820,-104.062153,30.22222,1395.09,251.2845,18.231,3.1247,2.4581,-6.788,-0.3889,-9.42,-9.42,hid,k6,14.954,True
53.880,-104.061941,30.222729,1396.73,251.432,18.193,12.3611,1.2567,-6.706,-0.3842,-7.05,-7.09,hid,k6,14.954,True
53.940,-104.061729,30.223238,1397.75,251.5801,18.156,34.173,9.7278,-6.659,-0.3815,-3.07,1.02,hid,k6,18.061,True
54.000,-104.061517,30.223747,1397.98,251.7288,18.119,5.7361,-0.3068,-6.655,-0.3813,-0.68,2.61,hid,k6,18.036,True
54.060,-104.061305,30.224256,1397.35,251.8782,18.082,-0.0374,-0.285,-6.698,-0.3838,0.41,1.24,vis,k2,18.009,True
54.120,-104.061093,30.224765,1395.95,252.0281,18.045,0.3643,0.1142,-6.784,-0.3887,-1.72,-1.72,hid,k3,12.848,True
54.180,-104.060881,30.225274,1394.4,252.1786,18.008,1.0496,0.795,-6.879,-0.3941,-6.64,-6.64,hid,k5,12.893,True
54.240,-104.060669,30.225783,1392.98,252.3298,17.971,1.7968,1.4779,-6.967,-0.3992,-11.54,-11.54,hid,k5,12.868,True
54.300,-104.060457,30.226292,1392.13,252.4816,17.934,8.1929,5.07,-7.023,-0.4024,-15.76,-15.76,hid,k6,12.863,True
54.360,-104.060245,30.226801,1391.92,252.634,17.898,9.1519,5.5469,-7.045,-0.4036,-19.05,-19.05,hid,k6,12.858,True
54.420,-104.060033,30.22731,1392.3,252.787,17.862,6.4087,3.3989,-7.032,-0.4029,-24.8,-24.8,hid,k6,12.848,True
54.480,-104.059821,30.227819,1393.02,252.9407,17.826,4.8827,4.5381,-7.002,-0.4012,-26.29,-26.29,hid,k6,12.823,True
54.540,-104.059609,30.228328,1393.63,253.0949,17.789,4.8772,4.5272,-6.976,-0.3997,-26.72,-26.72,hid,k6,12.808,True
54.600,-104.059397,30.228837,1394.15,253.2498,17.753,4.7779,4.4228,-6.956,-0.3985,-26.11,-26.11,hid,k6,12.808,True
54.660,-104.059185,30.229346,1394.57,253.4053,17.718,4.0617,3.7179,-6.942,-0.3977,-24.56,-24.56,hid,k6,12.808,True
54.720,-104.058973,30.229855,1395.03,253.5615,17.682,4.7502,4.4126,-6.925,-0.3968,-25.18,-25.2,hid,k6,13.753,True
54.780,-104.058757,30.230363,1395.4,253.7175,17.646,4.8726,4.533,-6.913,-0.3961,-25.69,-25.7,hid,k6,13.733,True
54.840,-104.05854,30.23087,1395.74,253.8738,17.610,4.4571,4.1167,-6.903,-0.3955,-23.39,-23.44,hid,k6,13.698,True
54.900,-104.058322,30.231377,1396.08,254.0307,17.574,4.3849,4.0522,-6.893,-0.3949,-27.41,-27.41,hid,k6,12.053,True
54.960,-104.058104,30.231884,1396.48,254.1883,17.539,4.3841,4.0482,-6.879,-0.3941,-27.6,-27.6,hid,k6,12.063,True
55.020,-104.057886,30.232391,1396.68,254.3465,17.503,4.4613,4.1217,-6.876,-0.3940,-27.63,-27.63,hid,k6,12.078,True
55.080,-104.057669,30.232899,1396.77,254.5053,17.468,4.4652,4.1201,-6.88,-0.3942,-30.29,-30.29,hid,k6,12.248,True
55.140,-104.057451,30.233406,1396.89,254.6648,17.433,4.8508,4.5905,-6.882,-0.3943,-33.4,-33.4,hid,k6,12.258,True
55.200,-104.057233,30.233913,1396.97,254.8249,17.398,4.9678,4.6923,-6.887,-0.3946,-32.8,-32.8,hid,k6,12.233,True
55.260,-104.057015,30.23442,1397.12,254.9857,17.363,5.3948,5.1162,-6.887,-0.3946,-34.8,-34.8,hid,k6,12.493,True
55.320,-104.056798,30.234927,1397.27,255.1471,17.328,5.4598,5.1781,-6.888,-0.3947,-34.86,-34.86,hid,k6,12.508,True
55.380,-104.05658,30.235434,1397.44,255.3091,17.293,5.3986,5.1169,-6.887,-0.3946,-34.45,-34.45,hid,k6,12.473,True
55.440,-104.056362,30.235941,1397.45,255.4718,17.259,5.357,5.0776,-6.896,-0.3951,-34.43,-34.43,hid,k6,12.393,True
55.500,-104.056144,30.236448,1397.73,255.6352,17.224,5.2622,4.9812,-6.888,-0.3947,-33.63,-33.63,hid,k6,12.373,True
55.560,-104.055926,30.236956,1398.16,255.7992,17.190,5.2366,4.9542,-6.872,-0.3937,-33.27,-33.27,hid,k6,12.358,True
55.620,-104.055709,30.237463,1398.48,255.9639,17.156,5.2927,5.008,-6.863,-0.3932,-33.37,-33.37,hid,k6,12.353,True
55.680,-104.055491,30.23797,1398.5,256.1292,17.122,5.4403,5.1522,-6.871,-0.3937,-33.94,-33.94,hid,k6,12.363,True
55.740,-104.055273,30.238477,1398.34,256.2952,17.088,5.5414,5.2487,-6.889,-0.3947,-34.02,-34.02,hid,k6,12.398,True
55.800,-104.055055,30.238984,1398.27,256.4618,17.054,5.3216,5.0272,-6.901,-0.3954,-32.44,-32.44,hid,k6,12.383,True
55.860,-104.054837,30.239491,1398.21,256.6291,17.021,5.1577,4.8687,-6.914,-0.3961,-32.03,-32.03,hid,k6,12.248,True
55.920,-104.05462,30.239998,1398.02,256.7971,16.987,5.2323,4.941,-6.934,-0.3973,-32.27,-32.27,hid,k6,12.238,True
55.980,-104.054402,30.240506,1397.88,256.9657,16.954,5.1921,4.9033,-6.952,-0.3983,-32.25,-32.25,hid,k6,12.163,True
56.040,-104.054184,30.241013,1397.79,257.135,16.921,5.2413,4.9509,-6.966,-0.3991,-32.47,-32.47,hid,k6,12.118,True
56.100,-104.053966,30.24152,1397.78,257.3049,16.888,5.1746,4.8834,-6.975,-0.3996,-31.88,-31.88,hid,k6,12.108,True
56.160,-104.053748,30.242027,1397.87,257.4755,16.855,5.1684,4.8758,-6.979,-0.3999,-31.71,-31.71,hid,k6,12.093,True
56.220,-104.053531,30.242534,1397.79,257.6468,16.823,5.386,5.0921,-6.993,-0.4007,-32.91,-32.91,hid,k6,12.078,True
56.280,-104.053313,30.243041,1397.75,257.8187,16.790,5.8013,5.4977,-7.005,-0.4014,-34.37,-34.37,hid,k6,12.188,True
56.340,-104.053096,30.243549,1397.81,257.9915,16.758,6.0295,5.715,-7.01,-0.4016,-35.1,-35.1,hid,k6,12.103,True
56.400,-104.05288,30.244056,1398.01,258.1651,16.726,5.9095,5.6064,-7.007,-0.4015,-35.12,-35.12,hid,k6,12.093,True
56.460,-104.052665,30.244564,1398.18,258.3395,16.694,5.9518,5.6464,-7.006,-0.4014,-35.1,-35.1,hid,k6,12.088,True
56.520,-104.052449,30.245072,1398.27,258.5145,16.662,5.9128,5.606,-7.009,-0.4016,-34.78,-34.78,hid,k6,12.058,True
56.580,-104.052233,30.24558,1398.51,258.6901,16.631,5.6457,5.3415,-7.004,-0.4013,-33.37,-33.37,hid,k6,11.993,True
56.640,-104.052018,30.246088,1398.69,258.8665,16.599,6.2133,5.2851,-7.002,-0.4012,-32.94,-32.94,hid,k6,11.963,True
56.700,-104.051802,30.246596,1398.59,259.0435,16.568,9.2294,5.2979,-7.017,-0.4020,-32.74,-32.74,hid,k6,11.963,True
56.760,-104.051587,30.247103,1398.14,259.2211,16.537,7.1708,5.313,-7.053,-0.4041,-33.01,-33.01,hid,k6,11.893,True
56.820,-104.051371,30.247611,1397.69,259.3995,16.506,5.686,5.3805,-7.089,-0.4062,-33.5,-33.5,hid,k6,11.843,True
56.880,-104.051155,30.248119,1397.39,259.5785,16.475,5.7643,5.4569,-7.116,-0.4077,-33.79,-33.79,hid,k6,11.833,True
56.940,-104.05094,30.248627,1397.31,259.7582,16.445,5.7715,5.4618,-7.13,-0.4085,-33.59,-33.59,hid,k6,11.818,True
57.000,-104.050726,30.249135,1397.38,259.9388,16.415,5.7148,5.4008,-7.135,-0.4088,-33.26,-33.26,hid,k6,11.763,True
57.060,-104.05051,30.249643,1397.46,260.1197,16.384,5.725,5.4069,-7.139,-0.4090,-32.62,-32.62,hid,k6,11.753,True
57.120,-104.050292,30.25015,1397.53,260.301,16.354,6.0324,5.7008,-7.144,-0.4093,-32.99,-32.99,hid,k6,11.953,True
57.180,-104.050074,30.250657,1397.73,260.4829,16.324,5.9243,5.5948,-7.141,-0.4091,-32.36,-32.36,hid,k6,11.958,True
57.240,-104.049856,30.251164,1398.0,260.6655,16.294,5.2897,4.984,-7.133,-0.4087,-31.25,-31.25,hid,k6,11.413,True
57.300,-104.049638,30.251671,1398.26,260.8488,16.264,5.2501,4.9439,-7.126,-0.4083,-31.3,-31.3,hid,k6,11.433,True
57.360,-104.04942,30.252178,1398.47,261.0327,16.234,5.2698,4.9618,-7.122,-0.4081,-31.14,-31.14,hid,k6,11.348,True
57.420,-104.049202,30.252685,1398.49,261.2173,16.205,5.5526,5.2352,-7.13,-0.4085,-31.44,-31.44,hid,k6,11.643,True
57.480,-104.048984,30.253193,1398.64,261.4026,16.176,5.7266,5.4087,-7.13,-0.4085,-32.39,-32.39,hid,k6,11.613,True
57.540,-104.048766,30.2537,1398.89,261.5886,16.146,5.6751,5.356,-7.123,-0.4081,-31.97,-31.97,hid,k6,11.593,True
57.600,-104.048548,30.254207,1399.09,261.7752,16.118,5.6575,5.3365,-7.119,-0.4079,-31.68,-31.68,hid,k6,11.583,True
57.660,-104.04833,30.254714,1399.32,261.9625,16.089,5.6938,5.3698,-7.114,-0.4076,-31.62,-31.62,hid,k6,11.583,True
57.720,-104.048112,30.255221,1399.61,262.1504,16.060,5.4282,5.1023,-7.104,-0.4070,-31.18,-31.18,hid,k6,11.093,True
57.780,-104.047894,30.255728,1399.84,262.3391,16.032,5.2109,4.9087,-7.099,-0.4067,-31.3,-31.3,hid,k6,11.103,True
57.840,-104.047676,30.256235,1400.06,262.5284,16.003,5.3073,5.0063,-7.093,-0.4064,-31.65,-31.65,hid,k6,11.133,True
57.900,-104.047458,30.256742,1400.31,262.7183,15.975,5.3926,5.0915,-7.086,-0.4060,-32.16,-32.16,hid,k6,11.093,True
57.960,-104.04724,30.257249,1400.5,262.909,15.947,5.5243,5.2213,-7.083,-0.4058,-32.75,-32.75,hid,k6,11.093,True
58.020,-104.047022,30.257756,1400.82,263.1003,15.920,5.5436,5.2376,-7.072,-0.4052,-32.72,-32.72,hid,k6,11.073,True
58.080,-104.046804,30.258263,1401.28,263.2922,15.892,5.506,5.2022,-7.051,-0.4040,-32.56,-32.56,hid,k6,11.033,True
58.140,-104.046586,30.25877,1401.52,263.4849,15.865,5.4813,5.179,-7.044,-0.4036,-32.71,-32.71,hid,k6,10.838,True
58.200,-104.046368,30.259277,1401.58,263.6782,15.837,5.5481,5.2445,-7.049,-0.4039,-33.07,-33.07,hid,k6,10.808,True
58.260,-104.04615,30.259785,1401.77,263.8721,15.810,5.6264,5.3221,-7.045,-0.4036,-33.33,-33.33,hid,k6,10.798,True
58.320,-104.045932,30.260292,1402.02,264.0667,15.784,5.7497,5.4381,-7.038,-0.4032,-33.71,-33.71,hid,k6,10.873,True
58.380,-104.045714,30.260799,1402.23,264.262,15.757,5.8813,5.5658,-7.032,-0.4029,-33.82,-33.82,hid,k6,10.868,True
58.440,-104.045496,30.261306,1402.43,264.458,15.730,5.8162,5.4949,-7.028,-0.4027,-33.78,-33.78,hid,k6,10.803,True
58.500,-104.045278,30.261813,1402.77,264.6546,15.704,5.7409,5.4336,-7.014,-0.4019,-33.67,-33.67,hid,k6,10.813,True
58.560,-104.04506,30.26232,1403.17,264.8518,15.678,5.7179,5.409,-6.997,-0.4009,-33.44,-33.44,hid,k6,10.803,True
58.620,-104.044842,30.262827,1403.71,265.0497,15.652,5.5779,5.2716,-6.97,-0.3994,-32.82,-32.82,hid,k6,10.733,True
58.680,-104.044624,30.263334,1404.3,265.2483,15.626,5.4894,5.1829,-6.94,-0.3976,-32.19,-32.19,hid,k6,10.723,True
58.740,-104.044407,30.263841,1404.86,265.4477,15.601,5.3679,5.0583,-6.912,-0.3960,-31.15,-31.15,hid,k6,10.738,True
58.800,-104.044196,30.264351,1405.25,265.6486,15.576,42.2127,4.8483,-6.895,-0.3951,-31.21,-31.21,hid,k6,10.442,True
58.860,-104.043974,30.264857,1405.49,265.8486,15.551,5.164,4.8657,-6.887,-0.3946,-31.25,-31.25,hid,k6,10.452,True
58.920,-104.043746,30.26536,1405.52,266.0481,15.525,5.2615,4.9544,-6.893,-0.3949,-31.58,-31.58,hid,k6,10.427,True
58.980,-104.043526,30.265867,1405.55,266.2496,15.500,5.3879,5.0816,-6.899,-0.3953,-31.87,-31.87,hid,k6,10.412,True
59.040,-104.043271,30.26636,1405.75,266.4457,15.472,5.437,5.1289,-6.895,-0.3951,-31.93,-31.93,hid,k6,10.392,True
59.100,-104.043004,30.266849,1405.63,266.6404,15.443,5.4688,5.1577,-6.912,-0.3960,-31.91,-31.91,hid,k6,10.372,True
59.160,-104.042729,30.267335,1405.34,266.8343,15.413,5.3736,5.0581,-6.939,-0.3976,-32.24,-32.24,hid,k6,10.097,True
59.220,-104.042421,30.267806,1405.3,267.0221,15.381,5.2478,4.9593,-6.952,-0.3983,-32.64,-32.64,hid,k6,10.092,True
59.280,-104.042095,30.268267,1405.3,267.2064,15.347,5.3356,5.0451,-6.963,-0.3990,-32.97,-32.97,hid,k6,10.082,True
59.340,-104.041753,30.26872,1405.31,267.3878,15.311,5.4298,5.1361,-6.974,-0.3996,-33.22,-33.22,hid,k6,10.052,True
59.400,-104.041406,30.269169,1405.45,267.5688,15.276,5.5448,5.2449,-6.976,-0.3997,-33.42,-33.42,hid,k6,10.077,True
59.460,-104.041055,30.269617,1405.62,267.7494,15.240,5.6215,5.3191,-6.976,-0.3997,-33.65,-33.65,hid,k6,10.087,True
59.520,-104.040704,30.270064,1405.68,267.9309,15.204,5.7036,5.4002,-6.983,-0.4001,-33.88,-33.88,hid,k6,10.087,True
59.580,-104.040353,30.270511,1405.83,268.1132,15.169,5.752,5.4463,-6.985,-0.4002,-33.84,-33.84,hid,k6,10.082,True
59.640,-104.040001,30.270958,1406.02,268.2964,15.133,5.7518,5.4438,-6.984,-0.4002,-33.76,-33.76,hid,k6,10.022,True
59.700,-104.03965,30.271405,1406.12,268.4805,15.098,5.7687,5.4595,-6.989,-0.4004,-33.85,-33.85,hid,k6,9.992,True
59.760,-104.039299,30.271852,1406.31,268.6654,15.063,5.7843,5.4764,-6.988,-0.4004,-33.81,-33.81,hid,k6,9.977,True
59.820,-104.038948,30.2723,1406.68,268.8511,15.028,5.8243,5.5117,-6.974,-0.3996,-33.57,-33.57,hid,k6,9.947,True
59.880,-104.038598,30.272748,1406.88,269.0381,14.993,5.8381,5.5217,-6.973,-0.3995,-33.53,-33.53,hid,k6,9.982,True
59.940,-104.03825,30.273197,1406.89,269.2266,14.959,5.8829,5.5648,-6.983,-0.4001,-33.71,-33.71,hid,k6,9.947,True
60.000,-104.037903,30.273646,1407.04,269.4159,14.925,5.9142,5.5986,-6.984,-0.4002,-33.74,-33.74,hid,k6,9.917,True
60.060,-104.037555,30.274096,1407.26,269.6061,14.891,6.6009,6.2352,-6.981,-0.4000,-33.72,-33.72,hid,k6,9.907,True
60.120,-104.037204,30.274543,1407.49,269.7962,14.857,6.802,6.4329,-6.977,-0.3998,-33.77,-33.77,hid,k6,9.912,True
60.180,-104.036851,30.274989,1407.92,269.9868,14.823,6.7733,6.4026,-6.959,-0.3987,-33.61,-33.61,hid,k6,9.912,True
60.240,-104.036498,30.275435,1408.37,270.1782,14.789,6.7103,6.3362,-6.94,-0.3976,-33.54,-33.54,hid,k6,6.992,True
60.300,-104.036145,30.275882,1408.67,270.3705,14.755,7.0469,6.6694,-6.931,-0.3971,-33.71,-33.71,hid,k6,10.542,True
60.360,-104.035792,30.276328,1409.05,270.5636,14.722,7.349,6.9676,-6.916,-0.3963,-34.83,-34.83,hid,k6,10.542,True
60.420,-104.035439,30.276774,1409.59,270.7577,14.688,6.9981,6.6136,-6.89,-0.3948,-33.24,-33.24,hid,k6,7.007,True
60.480,-104.035086,30.27722,1410.27,270.9526,14.655,6.7452,6.3596,-6.855,-0.3928,-32.9,-32.9,hid,k6,6.927,True
60.540,-104.034733,30.277666,1411.0,271.1484,14.622,6.8749,6.3013,-6.816,-0.3905,-32.54,-32.54,hid,k6,6.957,True
60.600,-104.03438,30.278112,1411.62,271.3451,14.589,7.9823,7.3981,-6.785,-0.3888,-32.38,-32.38,hid,k6,6.932,True
60.660,-104.034027,30.278558,1411.96,271.5427,14.556,8.8113,8.2267,-6.772,-0.3880,-32.4,-32.4,hid,k6,6.867,True
60.720,-104.033674,30.279005,1412.42,271.7412,14.523,9.0531,8.4623,-6.751,-0.3868,-32.34,-32.34,hid,k6,6.882,True
60.780,-104.033321,30.279451,1412.93,271.9406,14.491,8.6283,8.0293,-6.726,-0.3854,-32.72,-32.72,hid,k6,10.432,True
60.840,-104.032968,30.279897,1413.37,272.1408,14.459,8.1376,7.555,-6.706,-0.3842,-33.33,-33.33,hid,k6,10.407,True
60.900,-104.032615,30.280343,1413.85,272.342,14.427,8.3093,7.7365,-6.684,-0.3830,-34.27,-34.27,hid,k6,10.407,True
60.960,-104.032262,30.280789,1414.32,272.544,14.395,8.4459,7.8623,-6.661,-0.3816,-35.11,-35.11,hid,k6,10.347,True
61.020,-104.031908,30.281235,1414.86,272.747,14.363,8.3361,7.8988,-6.634,-0.3801,-35.57,-35.57,hid,k6,10.342,True
61.080,-104.031555,30.281681,1415.44,272.9508,14.331,9.0377,8.5927,-6.604,-0.3784,-36.83,-36.83,hid,k6,10.652,True
61.140,-104.031202,30.282128,1416.06,273.1556,14.300,9.1427,8.6941,-6.571,-0.3765,-36.97,-36.97,hid,k6,10.642,True
61.200,-104.030849,30.282574,1416.75,273.3612,14.269,9.3151,8.8605,-6.532,-0.3743,-37.19,-37.19,hid,k6,10.627,True
61.260,-104.030496,30.28302,1417.47,273.5677,14.238,9.6008,9.1287,-6.492,-0.3720,-37.19,-37.19,hid,k6,10.647,True
61.320,-104.030143,30.283466,1418.21,273.7752,14.207,9.7763,9.2989,-6.449,-0.3695,-37.27,-37.28,hid,k6,10.727,True
61.380,-104.02979,30.283912,1418.74,273.9835,14.176,9.9136,9.4303,-6.422,-0.3680,-37.48,-37.48,hid,k6,10.702,True
61.440,-104.029437,30.284358,1418.92,274.1927,14.146,10.0805,9.5899,-6.419,-0.3678,-37.69,-37.71,hid,k6,10.712,True
61.500,-104.029084,30.284804,1418.81,274.4029,14.116,10.1282,9.6406,-6.436,-0.3688,-37.87,-37.89,hid,k6,10.687,True
61.560,-104.028731,30.28525,1418.41,274.6139,14.086,10.3276,9.8375,-6.474,-0.3709,-38.36,-38.37,hid,k6,10.672,True
61.620,-104.028378,30.285697,1417.85,274.8258,14.056,10.5523,10.0575,-6.523,-0.3737,-39.01,-39.01,hid,k6,10.642,True
61.680,-104.028024,30.286143,1417.35,275.0386,14.026,10.7196,10.2268,-6.569,-0.3764,-39.53,-39.53,hid,k6,10.632,True
61.740,-104.027671,30.286589,1417.18,275.2524,13.997,10.8837,10.387,-6.591,-0.3776,-39.87,-39.88,hid,k6,10.597,True
61.800,-104.027318,30.287035,1417.17,275.467,13.968,11.095,10.5914,-6.601,-0.3782,-40.16,-40.17,hid,k6,10.612,True
61.860,-104.026965,30.287481,1416.97,275.6825,13.938,11.3864,10.874,-6.625,-0.3796,-40.69,-40.69,hid,k6,10.617,True
61.920,-104.026612,30.287927,1416.97,275.8989,13.910,11.6284,11.1106,-6.635,-0.3802,-40.99,-40.99,hid,k6,10.637,True
61.980,-104.026259,30.288373,1417.3,276.1162,13.881,11.7687,11.2412,-6.621,-0.3794,-40.97,-40.97,hid,k6,10.637,True
62.040,-104.025906,30.288819,1417.93,276.3345,13.852,11.8904,11.3511,-6.585,-0.3773,-40.68,-40.68,hid,k6,10.642,True
62.100,-104.025556,30.289268,1418.73,276.5544,13.825,11.9122,11.3696,-6.537,-0.3745,-40.22,-40.22,hid,k6,10.657,True
62.160,-104.02523,30.289729,1419.41,276.7799,13.799,65.3083,11.3165,-6.495,-0.3721,-39.69,-39.71,hid,k6,10.642,True
62.220,-104.02492,30.290198,1419.94,277.0096,13.776,42.5624,11.2699,-6.465,-0.3704,-38.73,-38.74,hid,k6,10.692,True
62.280,-104.024631,30.290678,1420.15,277.2433,13.755,11.845,11.2826,-6.457,-0.3700,-38.45,-38.45,hid,k6,10.432,True
62.340,-104.024358,30.291165,1420.2,277.4803,13.736,11.9872,11.4174,-6.46,-0.3701,-38.69,-38.7,hid,k6,10.402,False
62.400,-104.024111,30.291662,1420.13,277.7213,13.719,11.9009,11.3257,-6.47,-0.3707,-39.03,-39.03,hid,k6,10.332,False
62.460,-104.023885,30.292166,1419.78,277.965,13.705,11.1431,10.6295,-6.5,-0.3724,-39.77,-39.84,hid,k6,10.312,False
62.520,-104.023684,30.292678,1419.57,278.2114,13.694,11.3231,10.8077,-6.52,-0.3736,-40.32,-40.33,hid,k6,10.322,False
62.580,-104.023496,30.293194,1419.32,278.4593,13.684,11.521,11.0073,-6.541,-0.3748,-41.06,-41.06,hid,k6,9.927,False
62.640,-104.023312,30.293711,1419.35,278.7077,13.675,11.6439,11.1292,-6.542,-0.3748,-41.9,-41.9,hid,k6,9.922,False
62.700,-104.02313,30.294229,1419.42,278.9566,13.667,12.053,11.5165,-6.539,-0.3747,-42.64,-42.65,hid,k6,9.887,False
62.760,-104.022949,30.294747,1419.66,279.2058,13.658,12.0486,11.5187,-6.525,-0.3739,-43.37,-43.37,hid,k6,9.932,False
62.820,-104.022767,30.295265,1420.1,279.4553,13.650,11.9844,11.4562,-6.495,-0.3721,-43.63,-43.64,hid,k6,9.887,False
62.880,-104.022585,30.295782,1420.55,279.7051,13.643,11.8153,11.2904,-6.465,-0.3704,-43.83,-43.84,hid,k6,9.912,False
62.940,-104.022404,30.2963,1420.83,279.9552,13.635,11.6474,11.106,-6.447,-0.3694,-44.09,-44.09,hid,k6,9.912,False
63.000,-104.022222,30.296818,1421.18,280.2056,13.628,11.7083,11.2432,-6.424,-0.3681,-45.8,-45.87,hid,k6,9.927,False
63.060,-104.02204,30.297336,1421.42,280.4562,13.621,11.7286,11.2679,-6.408,-0.3672,-46.32,-46.49,hid,k6,9.882,False
63.120,-104.021859,30.297853,1421.59,280.7071,13.614,12.0849,11.6111,-6.398,-0.3666,-46.43,-46.45,hid,k6,9.977,False
63.180,-104.021677,30.298371,1421.82,280.9582,13.608,11.9378,11.47,-6.383,-0.3657,-46.45,-46.51,hid,k6,9.922,False
63.240,-104.021495,30.298889,1422.14,281.2095,13.602,11.4187,10.9499,-6.361,-0.3645,-44.35,-44.35,hid,k6,9.917,False
63.300,-104.021313,30.299407,1422.39,281.461,13.596,10.2475,9.7772,-6.345,-0.3635,-39.69,-39.72,hid,k6,9.907,False
63.360,-104.02113,30.299924,1422.68,281.7128,13.590,9.2734,8.8059,-6.325,-0.3624,-37.78,-37.78,hid,k6,7.252,False
63.420,-104.020948,30.300442,1422.94,281.9647,13.584,8.5515,8.0825,-6.308,-0.3614,-37.9,-37.9,hid,k6,7.357,False
63.480,-104.020765,30.300959,1423.21,282.2169,13.579,7.8864,7.4621,-6.29,-0.3604,-38.0,-38.0,hid,k6,7.337,False
63.540,-104.020583,30.301477,1423.39,282.4692,13.574,7.5801,7.1551,-6.279,-0.3598,-38.2,-38.2,hid,k6,7.312,False
63.600,-104.0204,30.301994,1423.72,282.7218,13.570,7.1169,6.7363,-6.256,-0.3584,-38.16,-38.16,hid,k6,7.342,False
63.660,-104.020218,30.302512,1424.27,282.9744,13.565,7.1478,6.7675,-6.217,-0.3562,-37.92,-37.92,hid,k6,7.347,False
63.720,-104.020035,30.303029,1424.64,283.2273,13.561,7.215,6.8328,-6.191,-0.3547,-37.82,-37.82,hid,k6,7.317,False
63.780,-104.019853,30.303547,1424.95,283.4803,13.557,8.0024,7.1582,-6.169,-0.3535,-37.7,-37.7,hid,k6,7.357,False
63.840,-104.019669,30.304064,1425.36,283.7334,13.553,10.0336,9.2038,-6.139,-0.3517,-37.36,-37.36,hid,k6,7.332,False
63.900,-104.019484,30.304581,1425.8,283.9866,13.550,8.9886,8.1711,-6.108,-0.3500,-36.86,-36.86,hid,k6,7.332,False
63.960,-104.01933,30.305105,1426.19,284.2402,13.549,7.5182,7.1332,-6.08,-0.3484,-36.36,-36.36,hid,k6,7.337,False
64.020,-104.019311,30.305645,1426.6,284.4871,13.562,7.42,7.0365,-6.046,-0.3464,-35.75,-35.75,hid,k6,7.362,False
64.080,-104.019441,30.306173,1427.07,284.7133,13.589,7.3807,6.9985,-6.002,-0.3439,-35.05,-35.05,hid,k6,7.377,False
64.140,-104.019624,30.306691,1427.51,284.9279,13.621,7.29,6.9113,-5.961,-0.3415,-34.82,-34.82,hid,k6,9.062,False
64.200,-104.01981,30.307207,1427.82,285.1411,13.653,7.2027,6.8255,-5.928,-0.3396,-34.51,-34.51,hid,k6,9.092,False
64.260,-104.019995,30.307724,1428.2,285.3533,13.685,6.6389,6.2685,-5.891,-0.3375,-33.06,-33.06,hid,k6,7.392,False
64.320,-104.02018,30.308241,1428.6,285.5646,13.717,6.1645,5.7999,-5.852,-0.3353,-32.54,-32.54,hid,k6,7.472,False
64.380,-104.020365,30.308758,1428.97,285.7748,13.750,5.6986,5.3392,-5.816,-0.3332,-32.08,-32.08,hid,k6,7.337,False
64.440,-104.02055,30.309275,1429.41,285.9841,13.783,5.3305,4.978,-5.775,-0.3309,-31.43,-31.43,hid,k6,7.372,False
