<?xml version="1.0" encoding="UTF-8"?>
<kml xmlns="http://www.opengis.net/kml/2.2"><Document>
<name>Marfa infrastructure layer</name>
<description><![CDATA[Candidate artificial light sources around the Marfa Lights Viewing Area.
Fan window 228.93°–277.28° true. "IN FRONT OF US-67" = on the same bearing but closer than the highway.
Sources: OurAirports; FAA NASR (NTAD); USDOT NARN; FRA crossing inventory; HIFLD transmission lines; FCC ULS; EIA-860. Retrieved 2026-09-28.]]></description>

<Style id="apt"><IconStyle><color>ff00d7ff</color><Icon><href>http://maps.google.com/mapfiles/kml/shapes/airports.png</href></Icon></IconStyle><LabelStyle><scale>0.7</scale></LabelStyle></Style>
<Style id="apt_closed"><IconStyle><color>ff9e9e9e</color><scale>0.8</scale><Icon><href>http://maps.google.com/mapfiles/kml/shapes/airports.png</href></Icon></IconStyle><LabelStyle><scale>0.6</scale></LabelStyle></Style>
<Style id="heli"><IconStyle><color>ff00d7ff</color><Icon><href>http://maps.google.com/mapfiles/kml/shapes/heliport.png</href></Icon></IconStyle></Style>
<Style id="balloon"><IconStyle><color>ff3c14dc</color><scale>1.2</scale><Icon><href>http://maps.google.com/mapfiles/kml/shapes/triangle.png</href></Icon></IconStyle></Style>
<Style id="runway"><LineStyle><color>ff00d7ff</color><width>3</width></LineStyle></Style>
<Style id="rail_up"><LineStyle><color>ff3030d0</color><width>3.5</width></LineStyle></Style>
<Style id="rail_txpf"><LineStyle><color>ffd06030</color><width>3.5</width></LineStyle></Style>
<Style id="rail_yard"><LineStyle><color>ff909090</color><width>2</width></LineStyle></Style>
<Style id="xing"><IconStyle><color>ffffffff</color><scale>0.6</scale><Icon><href>http://maps.google.com/mapfiles/kml/shapes/placemark_square.png</href></Icon></IconStyle><LabelStyle><scale>0</scale></LabelStyle></Style>
<Style id="tl"><LineStyle><color>ff00ffff</color><width>2</width></LineStyle></Style>
<Style id="cell"><IconStyle><color>ff0000ff</color><Icon><href>http://maps.google.com/mapfiles/kml/shapes/target.png</href></Icon></IconStyle><LabelStyle><scale>0.7</scale></LabelStyle></Style>
<Style id="plant"><IconStyle><color>ff00ff80</color><Icon><href>http://maps.google.com/mapfiles/kml/shapes/square.png</href></Icon></IconStyle></Style>
<Style id="bound"><LineStyle><color>80ffffff</color><width>2</width></LineStyle></Style>
<Style id="viewer"><IconStyle><color>ff007cf5</color><scale>1.3</scale><Icon><href>http://maps.google.com/mapfiles/kml/shapes/star.png</href></Icon></IconStyle></Style>

<Folder><name>Reference</name>
<Placemark><name>Marfa Lights Viewing Area</name><description><![CDATA[Observer position]]></description><styleUrl>#viewer</styleUrl><Point><coordinates>-103.882797,30.275111,0</coordinates></Point></Placemark>
<Placemark><name>Fan edge 228.9°</name><description><![CDATA[]]></description><styleUrl>#bound</styleUrl><MultiGeometry><LineString><tessellate>1</tessellate><coordinates>-103.882797,30.275111,0 -104.506642,29.799507,0</coordinates></LineString></MultiGeometry></Placemark>
<Placemark><name>Fan edge 277.3°</name><description><![CDATA[]]></description><styleUrl>#bound</styleUrl><MultiGeometry><LineString><tessellate>1</tessellate><coordinates>-103.882797,30.275111,0 -104.708290,30.363904,0</coordinates></LineString></MultiGeometry></Placemark>
</Folder>
<Folder><name>Airfields – open (34)</name><Placemark><name>Alta Vista Ranch Airport</name><description><![CDATA[0TA7 · small_airport · elev 4702 ft<br>In current FAA NASR: no<br>Az 186.9°, 13.6 km<br>Outside fan window<br>RWY 05/23: 5000 ft TURF, lighted=0<br>RWY 12/30: 5200 ft ASPH, lighted=1<br>RWY 15/33: 5100 ft TURF, lighted=0<br><a href='https://ourairports.com/airports/0TA7/'>OurAirports record</a>]]></description><styleUrl>#apt</styleUrl><Point><coordinates>-103.899780,30.153167,0</coordinates></Point></Placemark><Placemark><name>0TA7 RWY 05/23</name><description><![CDATA[]]></description><styleUrl>#runway</styleUrl><MultiGeometry><LineString><tessellate>1</tessellate><coordinates>-103.905998,30.141001,0 -103.892998,30.148199,0</coordinates></LineString></MultiGeometry></Placemark><Placemark><name>0TA7 RWY 12/30</name><description><![CDATA[]]></description><styleUrl>#runway</styleUrl><MultiGeometry><LineString><tessellate>1</tessellate><coordinates>-103.905998,30.157101,0 -103.892998,30.148199,0</coordinates></LineString></MultiGeometry></Placemark><Placemark><name>0TA7 RWY 15/33</name><description><![CDATA[]]></description><styleUrl>#runway</styleUrl><MultiGeometry><LineString><tessellate>1</tessellate><coordinates>-103.899002,30.161301,0 -103.892998,30.148199,0</coordinates></LineString></MultiGeometry></Placemark><Placemark><name>Marfa Municipal Airport</name><description><![CDATA[KMRF · small_airport · elev 4849 ft<br>In current FAA NASR: yes<br>Az 309.3°, 16.5 km<br>Outside fan window<br>RWY 04/22: 5309 ft ASP, lighted=0<br>RWY 09/27: 2825 ft , lighted=0<br>RWY 13/31: 6203 ft ASP, lighted=1<br><a href='https://ourairports.com/airports/KMRF/'>OurAirports record</a>]]></description><styleUrl>#apt</styleUrl><Point><coordinates>-104.015893,30.369593,0</coordinates></Point></Placemark><Placemark><name>KMRF RWY 04/22</name><description><![CDATA[]]></description><styleUrl>#runway</styleUrl><MultiGeometry><LineString><tessellate>1</tessellate><coordinates>-104.019997,30.365700,0 -104.008003,30.375999,0</coordinates></LineString></MultiGeometry></Placemark><Placemark><name>KMRF RWY 09/27</name><description><![CDATA[]]></description><styleUrl>#runway</styleUrl><MultiGeometry><LineString><tessellate>1</tessellate><coordinates>-104.026001,30.369600,0 -104.016998,30.369600,0</coordinates></LineString></MultiGeometry></Placemark><Placemark><name>KMRF RWY 13/31</name><description><![CDATA[]]></description><styleUrl>#runway</styleUrl><MultiGeometry><LineString><tessellate>1</tessellate><coordinates>-104.025002,30.378099,0 -104.012001,30.365900,0</coordinates></LineString></MultiGeometry></Placemark><Placemark><name>Alpine Casparis Municipal Airport</name><description><![CDATA[KE38 · small_airport · elev 4515 ft<br>In current FAA NASR: yes<br>Az 57.6°, 22.6 km<br>Outside fan window<br>RWY 01/19: 6002 ft ASP, lighted=1<br>RWY 05/23: 5018 ft ASP, lighted=1<br><a href='https://ourairports.com/airports/KE38/'>OurAirports record</a>]]></description><styleUrl>#apt</styleUrl><Point><coordinates>-103.683998,30.384199,0</coordinates></Point></Placemark><Placemark><name>KE38 RWY 01/19</name><description><![CDATA[]]></description><styleUrl>#runway</styleUrl><MultiGeometry><LineString><tessellate>1</tessellate><coordinates>-103.686997,30.375401,0 -103.679001,30.390600,0</coordinates></LineString></MultiGeometry></Placemark><Placemark><name>KE38 RWY 05/23</name><description><![CDATA[]]></description><styleUrl>#runway</styleUrl><MultiGeometry><LineString><tessellate>1</tessellate><coordinates>-103.691002,30.382401,0 -103.677002,30.388901,0</coordinates></LineString></MultiGeometry></Placemark><Placemark><name>Big Bend Regional Medical Center Heliport</name><description><![CDATA[17TS · heliport · elev 4435 ft<br>In current FAA NASR: yes<br>Az 59.4°, 23.9 km<br>Outside fan window<br>RWY H1/: 50 ft CONC, lighted=1<br><a href='https://ourairports.com/airports/17TS/'>OurAirports record</a>]]></description><styleUrl>#heli</styleUrl><Point><coordinates>-103.668999,30.384701,0</coordinates></Point></Placemark><Placemark><name>Shurley Ranch Airport</name><description><![CDATA[US-8529 · small_airport · elev 4839 ft<br>In current FAA NASR: no<br>Az 221.2°, 39.3 km<br>Outside fan window<br>no runway record<br><a href='https://ourairports.com/airports/US-8529/'>OurAirports record</a>]]></description><styleUrl>#apt</styleUrl><Point><coordinates>-104.150910,30.008180,0</coordinates></Point></Placemark><Placemark><name>Elephant Mountain Airport</name><description><![CDATA[US-6748 · small_airport · elev 4302 ft<br>In current FAA NASR: no<br>Az 132.0°, 39.9 km<br>Outside fan window<br>no runway record<br><a href='https://ourairports.com/airports/US-6748/'>OurAirports record</a>]]></description><styleUrl>#apt</styleUrl><Point><coordinates>-103.575380,30.034110,0</coordinates></Point></Placemark><Placemark><name>Marfa TARS Site</name><description><![CDATA[US-2465 · balloonport · elev 4701 ft<br>In current FAA NASR: no<br>Az 292.9°, 45.6 km<br>Outside fan window<br>no runway record<br><a href='https://ourairports.com/airports/US-2465/'>OurAirports record</a>]]></description><styleUrl>#balloon</styleUrl><Point><coordinates>-104.320610,30.434400,0</coordinates></Point></Placemark><Placemark><name>Carrizal Ranch Airport</name><description><![CDATA[US-6752 · small_airport · elev 3738 ft<br>In current FAA NASR: no<br>Az 199.4°, 53.0 km<br>Outside fan window<br>no runway record<br><a href='https://ourairports.com/airports/US-6752/'>OurAirports record</a>]]></description><styleUrl>#apt</styleUrl><Point><coordinates>-104.065250,29.823830,0</coordinates></Point></Placemark><Placemark><name>Yellow Tank Airport</name><description><![CDATA[US-4667 · small_airport · elev 4250 ft<br>In current FAA NASR: no<br>Az 94.4°, 55.1 km<br>Outside fan window<br>no runway record<br><a href='https://ourairports.com/airports/US-4667/'>OurAirports record</a>]]></description><styleUrl>#apt</styleUrl><Point><coordinates>-103.311868,30.235863,0</coordinates></Point></Placemark><Placemark><name>Cibolo Creek Ranch Airport</name><description><![CDATA[TS15 · small_airport · elev 4400 ft<br>In current FAA NASR: yes<br>Az 220.9°, 55.9 km<br>Outside fan window<br>RWY 09/27: 5300 ft CALICHE, lighted=0<br><a href='https://ourairports.com/airports/TS15/'>OurAirports record</a>]]></description><styleUrl>#apt</styleUrl><Point><coordinates>-104.261207,29.893564,0</coordinates></Point></Placemark><Placemark><name>Los Alamos Ranch Airport</name><description><![CDATA[US-6753 · small_airport · elev 3470 ft<br>In current FAA NASR: no<br>Az 196.2°, 61.8 km<br>Outside fan window<br>no runway record<br><a href='https://ourairports.com/airports/US-6753/'>OurAirports record</a>]]></description><styleUrl>#apt</styleUrl><Point><coordinates>-104.061340,29.739970,0</coordinates></Point></Placemark><Placemark><name>San Jacinto Ranch Airport</name><description><![CDATA[US-8274 · small_airport · elev 3598 ft<br>In current FAA NASR: no<br>Az 188.0°, 62.0 km<br>Outside fan window<br>no runway record<br><a href='https://ourairports.com/airports/US-8274/'>OurAirports record</a>]]></description><styleUrl>#apt</styleUrl><Point><coordinates>-103.972100,29.721470,0</coordinates></Point></Placemark><Placemark><name>STO 5 Heliport</name><description><![CDATA[US-7487 · heliport · elev 4121 ft<br>In current FAA NASR: yes<br>Az 96.1°, 62.1 km<br>Outside fan window<br>no runway record<br><a href='https://ourairports.com/airports/US-7487/'>OurAirports record</a>]]></description><styleUrl>#heli</styleUrl><Point><coordinates>-103.241103,30.213578,0</coordinates></Point></Placemark><Placemark><name>Brite Ranch Airport</name><description><![CDATA[US-4390 · small_airport · elev 4718 ft<br>In current FAA NASR: no<br>Az 275.6°, 62.7 km<br><b>In fan window</b> — beyond US-67 (highway at 14.0 km on this bearing)<br>no runway record<br><a href='https://ourairports.com/airports/US-4390/'>OurAirports record</a>]]></description><styleUrl>#apt</styleUrl><Point><coordinates>-104.531650,30.328580,0</coordinates></Point></Placemark><Placemark><name>Rancho del Martillo Airport</name><description><![CDATA[US-7649 · small_airport · elev 3689 ft<br>In current FAA NASR: no<br>Az 176.1°, 63.6 km<br>Outside fan window<br>no runway record<br><a href='https://ourairports.com/airports/US-7649/'>OurAirports record</a>]]></description><styleUrl>#apt</styleUrl><Point><coordinates>-103.838490,29.703030,0</coordinates></Point></Placemark><Placemark><name>Maravillas Gap Ranch Airport</name><description><![CDATA[48XS · small_airport · elev 3325 ft<br>In current FAA NASR: yes<br>Az 124.1°, 68.6 km<br>Outside fan window<br>RWY 13/31: 5000 ft ASPH, lighted=0<br><a href='https://ourairports.com/airports/48XS/'>OurAirports record</a>]]></description><styleUrl>#apt</styleUrl><Point><coordinates>-103.294998,29.926600,0</coordinates></Point></Placemark><Placemark><name>48XS RWY 13/31</name><description><![CDATA[]]></description><styleUrl>#runway</styleUrl><MultiGeometry><LineString><tessellate>1</tessellate><coordinates>-103.300003,29.931700,0 -103.290001,29.921400,0</coordinates></LineString></MultiGeometry></Placemark><Placemark><name>Alfred Means Ranch Landing Strip</name><description><![CDATA[US-3470 · small_airport · elev 4837 ft<br>In current FAA NASR: no<br>Az 316.5°, 68.7 km<br>Outside fan window<br>no runway record<br><a href='https://ourairports.com/airports/US-3470/'>OurAirports record</a>]]></description><styleUrl>#apt</styleUrl><Point><coordinates>-104.376698,30.723587,0</coordinates></Point></Placemark><Placemark><name>Rawls Ranch Airport</name><description><![CDATA[5TE1 · small_airport · elev 4520 ft<br>In current FAA NASR: yes<br>Az 185.4°, 69.6 km<br>Outside fan window<br>RWY 03/21: 1800 ft DIRT, lighted=0<br>RWY 08/26: 3722 ft DIRT, lighted=0<br>RWY 12/30: 2400 ft DIRT, lighted=0<br>RWY 17/35: 1600 ft DIRT, lighted=0<br><a href='https://ourairports.com/airports/5TE1/'>OurAirports record</a>]]></description><styleUrl>#apt</styleUrl><Point><coordinates>-103.949997,29.650200,0</coordinates></Point></Placemark><Placemark><name>Seven Springs Airport</name><description><![CDATA[16TA · small_airport · elev 3500 ft<br>In current FAA NASR: yes<br>Az 7.6°, 72.1 km<br>Outside fan window<br>RWY 18/36: 6213 ft GRVL, lighted=0<br><a href='https://ourairports.com/airports/16TA/'>OurAirports record</a>]]></description><styleUrl>#apt</styleUrl><Point><coordinates>-103.782997,30.919701,0</coordinates></Point></Placemark><Placemark><name>Taurus Mesa Airport</name><description><![CDATA[4TE4 · small_airport · elev 3576 ft<br>In current FAA NASR: yes<br>Az 165.1°, 74.8 km<br>Outside fan window<br>RWY 08/26: 3200 ft DIRT, lighted=0<br>RWY 17L/35R: 3600 ft DIRT, lighted=0<br>RWY 17R/35L: 4900 ft DIRT, lighted=0<br><a href='https://ourairports.com/airports/4TE4/'>OurAirports record</a>]]></description><styleUrl>#apt</styleUrl><Point><coordinates>-103.684646,29.623160,0</coordinates></Point></Placemark><Placemark><name>Sosa Peak Airport</name><description><![CDATA[US-5238 · small_airport · elev 3284 ft<br>In current FAA NASR: no<br>Az 125.7°, 75.3 km<br>Outside fan window<br>no runway record<br><a href='https://ourairports.com/airports/US-5238/'>OurAirports record</a>]]></description><styleUrl>#apt</styleUrl><Point><coordinates>-103.249500,29.877580,0</coordinates></Point></Placemark><Placemark><name>Cezanne Airport</name><description><![CDATA[US-7647 · small_airport · elev 3520 ft<br>In current FAA NASR: no<br>Az 163.5°, 75.3 km<br>Outside fan window<br>no runway record<br><a href='https://ourairports.com/airports/US-7647/'>OurAirports record</a>]]></description><styleUrl>#apt</styleUrl><Point><coordinates>-103.661970,29.623160,0</coordinates></Point></Placemark><Placemark><name>Neal Ranch Airport</name><description><![CDATA[US-6181 · small_airport · elev 4475 ft<br>In current FAA NASR: no<br>Az 83.4°, 76.0 km<br>Outside fan window<br>no runway record<br><a href='https://ourairports.com/airports/US-6181/'>OurAirports record</a>]]></description><styleUrl>#apt</styleUrl><Point><coordinates>-103.097080,30.351000,0</coordinates></Point></Placemark><Placemark><name>Candelaria Airport</name><description><![CDATA[XA95 · small_airport · elev 2913 ft<br>In current FAA NASR: yes<br>Az 259.9°, 78.3 km<br><b>In fan window</b> — beyond US-67 (highway at 16.4 km on this bearing)<br>RWY 18/36: 1900 ft GRVL-F, lighted=0<br><a href='https://ourairports.com/airports/XA95/'>OurAirports record</a>]]></description><styleUrl>#apt</styleUrl><Point><coordinates>-104.682999,30.149401,0</coordinates></Point></Placemark><Placemark><name>Big Bend Valley Airport</name><description><![CDATA[70TT · small_airport · elev 3344 ft<br>In current FAA NASR: yes<br>Az 156.4°, 79.9 km<br>Outside fan window<br>RWY 18/36: 1515 ft Dirt, lighted=0<br><a href='https://ourairports.com/airports/70TT/'>OurAirports record</a>]]></description><styleUrl>#apt</styleUrl><Point><coordinates>-103.553029,29.614018,0</coordinates></Point></Placemark></Folder>
<Folder><name>Airfields – closed / historic (39)</name><Placemark><name>Presidio County Airport</name><description><![CDATA[US-2971 · closed · elev n/a ft<br>In current FAA NASR: no<br>Az 187.3°, 2.1 km<br>Outside fan window<br>no runway record<br><a href='https://ourairports.com/airports/US-2971/'>OurAirports record</a>]]></description><styleUrl>#apt_closed</styleUrl><Point><coordinates>-103.885603,30.256023,0</coordinates></Point></Placemark><Placemark><name>MacGuire Ranch Airport</name><description><![CDATA[US-3469 · closed · elev 4685 ft<br>In current FAA NASR: no<br>Az 278.2°, 11.7 km<br>Outside fan window<br>no runway record<br><a href='https://ourairports.com/airports/US-3469/'>OurAirports record</a>]]></description><styleUrl>#apt_closed</styleUrl><Point><coordinates>-104.003303,30.290038,0</coordinates></Point></Placemark><Placemark><name>Marfa Municipal Airport (1923) / Marfa Auxiliary Army Airfield #7</name><description><![CDATA[US-2976 · closed · elev n/a ft<br>In current FAA NASR: no<br>Az 298.0°, 12.2 km<br>Outside fan window<br>no runway record<br><a href='https://ourairports.com/airports/US-2976/'>OurAirports record</a>]]></description><styleUrl>#apt_closed</styleUrl><Point><coordinates>-103.995060,30.326780,0</coordinates></Point></Placemark><Placemark><name>Marfa Auxiliary Army Airfield #1 / A-1 South Field</name><description><![CDATA[US-2972 · closed · elev n/a ft<br>In current FAA NASR: no<br>Az 165.2°, 14.6 km<br>Outside fan window<br>no runway record<br><a href='https://ourairports.com/airports/US-2972/'>OurAirports record</a>]]></description><styleUrl>#apt_closed</styleUrl><Point><coordinates>-103.843960,30.147530,0</coordinates></Point></Placemark><Placemark><name>Corder Ranch Airport</name><description><![CDATA[US-8528 · closed · elev 5014 ft<br>In current FAA NASR: no<br>Az 180.0°, 25.5 km<br>Outside fan window<br>no runway record<br><a href='https://ourairports.com/airports/US-8528/'>OurAirports record</a>]]></description><styleUrl>#apt_closed</styleUrl><Point><coordinates>-103.882840,30.045110,0</coordinates></Point></Placemark><Placemark><name>Alamito Ranch North Airport</name><description><![CDATA[US-8572 · closed · elev 4226 ft<br>In current FAA NASR: no<br>Az 207.2°, 28.7 km<br>Outside fan window<br>no runway record<br><a href='https://ourairports.com/airports/US-8572/'>OurAirports record</a>]]></description><styleUrl>#apt_closed</styleUrl><Point><coordinates>-104.018850,30.045210,0</coordinates></Point></Placemark><Placemark><name>Marfa Auxiliary Army Airfield #5 / Aragon Field</name><description><![CDATA[US-2975 · closed · elev n/a ft<br>In current FAA NASR: no<br>Az 284.8°, 29.0 km<br>Outside fan window<br>no runway record<br><a href='https://ourairports.com/airports/US-2975/'>OurAirports record</a>]]></description><styleUrl>#apt_closed</styleUrl><Point><coordinates>-104.174800,30.341830,0</coordinates></Point></Placemark><Placemark><name>Alamito Ranch Airport</name><description><![CDATA[US-8548 · closed · elev 4175 ft<br>In current FAA NASR: no<br>Az 203.4°, 29.1 km<br>Outside fan window<br>no runway record<br><a href='https://ourairports.com/airports/US-8548/'>OurAirports record</a>]]></description><styleUrl>#apt_closed</styleUrl><Point><coordinates>-104.002500,30.033910,0</coordinates></Point></Placemark><Placemark><name>Marfa Auxiliary Army Airfield #2</name><description><![CDATA[US-2973 · closed · elev n/a ft<br>In current FAA NASR: no<br>Az 286.0°, 33.5 km<br>Outside fan window<br>no runway record<br><a href='https://ourairports.com/airports/US-2973/'>OurAirports record</a>]]></description><styleUrl>#apt_closed</styleUrl><Point><coordinates>-104.217750,30.357810,0</coordinates></Point></Placemark><Placemark><name>Perdiz Airport</name><description><![CDATA[US-8527 · closed · elev 4084 ft<br>In current FAA NASR: no<br>Az 196.5°, 34.2 km<br>Outside fan window<br>no runway record<br><a href='https://ourairports.com/airports/US-8527/'>OurAirports record</a>]]></description><styleUrl>#apt_closed</styleUrl><Point><coordinates>-103.983620,29.979260,0</coordinates></Point></Placemark><Placemark><name>Blue Mountain Airport</name><description><![CDATA[US-12204 · closed · elev 5502 ft<br>In current FAA NASR: no<br>Az 329.9°, 34.9 km<br>Outside fan window<br>no runway record<br><a href='https://ourairports.com/airports/US-12204/'>OurAirports record</a>]]></description><styleUrl>#apt_closed</styleUrl><Point><coordinates>-104.064900,30.547300,0</coordinates></Point></Placemark><Placemark><name>Altuda Ranch Airport</name><description><![CDATA[US-3587 · closed · elev 4788 ft<br>In current FAA NASR: no<br>Az 83.9°, 39.3 km<br>Outside fan window<br>no runway record<br><a href='https://ourairports.com/airports/US-3587/'>OurAirports record</a>]]></description><styleUrl>#apt_closed</styleUrl><Point><coordinates>-103.476240,30.312100,0</coordinates></Point></Placemark><Placemark><name>Alamito East Airport</name><description><![CDATA[US-8526 · closed · elev 4248 ft<br>In current FAA NASR: no<br>Az 192.7°, 41.7 km<br>Outside fan window<br>no runway record<br><a href='https://ourairports.com/airports/US-8526/'>OurAirports record</a>]]></description><styleUrl>#apt_closed</styleUrl><Point><coordinates>-103.977620,29.908130,0</coordinates></Point></Placemark><Placemark><name>Marfa Auxiliary Army Airfield #3 / Ryan Field</name><description><![CDATA[US-2974 · closed · elev n/a ft<br>In current FAA NASR: no<br>Az 291.2°, 43.1 km<br>Outside fan window<br>no runway record<br><a href='https://ourairports.com/airports/US-2974/'>OurAirports record</a>]]></description><styleUrl>#apt_closed</styleUrl><Point><coordinates>-104.300930,30.415150,0</coordinates></Point></Placemark><Placemark><name>French Ranch Airport</name><description><![CDATA[US-8398 · closed · elev 5415 ft<br>In current FAA NASR: no<br>Az 237.4°, 45.1 km<br><b>In fan window</b> — beyond US-67 (highway at 25.5 km on this bearing)<br>no runway record<br><a href='https://ourairports.com/airports/US-8398/'>OurAirports record</a>]]></description><styleUrl>#apt_closed</styleUrl><Point><coordinates>-104.276920,30.055420,0</coordinates></Point></Placemark><Placemark><name>White House Ranch Airport</name><description><![CDATA[US-8397 · closed · elev 3817 ft<br>In current FAA NASR: no<br>Az 198.7°, 47.4 km<br>Outside fan window<br>no runway record<br><a href='https://ourairports.com/airports/US-8397/'>OurAirports record</a>]]></description><styleUrl>#apt_closed</styleUrl><Point><coordinates>-104.040010,29.869580,0</coordinates></Point></Placemark><Placemark><name>02 Ranch Airport</name><description><![CDATA[US-10159 · closed · elev 3799 ft<br>In current FAA NASR: no<br>Az 158.6°, 47.8 km<br>Outside fan window<br>RWY 05/23: 3500 ft DIRT, lighted=0<br>RWY 15/33: 5000 ft DIRT, lighted=0<br><a href='https://ourairports.com/airports/US-10159/'>OurAirports record</a>]]></description><styleUrl>#apt_closed</styleUrl><Point><coordinates>-103.702656,29.873373,0</coordinates></Point></Placemark><Placemark><name>M Ranch Airport</name><description><![CDATA[US-8531 · closed · elev 3836 ft<br>In current FAA NASR: no<br>Az 190.0°, 50.0 km<br>Outside fan window<br>no runway record<br><a href='https://ourairports.com/airports/US-8531/'>OurAirports record</a>]]></description><styleUrl>#apt_closed</styleUrl><Point><coordinates>-103.972860,29.831190,0</coordinates></Point></Placemark><Placemark><name>Coffee Cup Ranch Airport</name><description><![CDATA[US-8530 · closed · elev 3817 ft<br>In current FAA NASR: no<br>Az 179.8°, 50.7 km<br>Outside fan window<br>no runway record<br><a href='https://ourairports.com/airports/US-8530/'>OurAirports record</a>]]></description><styleUrl>#apt_closed</styleUrl><Point><coordinates>-103.880870,29.817930,0</coordinates></Point></Placemark><Placemark><name>Arnold Ranch Airport</name><description><![CDATA[US-6562 · closed · elev 4188 ft<br>In current FAA NASR: no<br>Az 98.9°, 50.8 km<br>Outside fan window<br>no runway record<br><a href='https://ourairports.com/airports/US-6562/'>OurAirports record</a>]]></description><styleUrl>#apt_closed</styleUrl><Point><coordinates>-103.361520,30.203380,0</coordinates></Point></Placemark><Placemark><name>Green Valley Ranch Airport</name><description><![CDATA[US-8575 · closed · elev 3663 ft<br>In current FAA NASR: no<br>Az 165.2°, 56.2 km<br>Outside fan window<br>no runway record<br><a href='https://ourairports.com/airports/US-8575/'>OurAirports record</a>]]></description><styleUrl>#apt_closed</styleUrl><Point><coordinates>-103.733820,29.784590,0</coordinates></Point></Placemark><Placemark><name>Elephant Rock Airport</name><description><![CDATA[US-6751 · closed · elev 4395 ft<br>In current FAA NASR: no<br>Az 220.5°, 57.6 km<br>Outside fan window<br>no runway record<br><a href='https://ourairports.com/airports/US-6751/'>OurAirports record</a>]]></description><styleUrl>#apt_closed</styleUrl><Point><coordinates>-104.269870,29.879170,0</coordinates></Point></Placemark><Placemark><name>Little Suzy Ranch Airport</name><description><![CDATA[US-9095 · closed · elev 3812 ft<br>In current FAA NASR: no<br>Az 63.4°, 58.0 km<br>Outside fan window<br>no runway record<br><a href='https://ourairports.com/airports/US-9095/'>OurAirports record</a>]]></description><styleUrl>#apt_closed</styleUrl><Point><coordinates>-103.342660,30.508420,0</coordinates></Point></Placemark><Placemark><name>Limpia Creek Landing Strip</name><description><![CDATA[US-3468 · closed · elev 4132 ft<br>In current FAA NASR: no<br>Az 14.8°, 60.3 km<br>Outside fan window<br>no runway record<br><a href='https://ourairports.com/airports/US-3468/'>OurAirports record</a>]]></description><styleUrl>#apt_closed</styleUrl><Point><coordinates>-103.722400,30.800900,0</coordinates></Point></Placemark><Placemark><name>Combs Ranch Airport</name><description><![CDATA[US-8547 · closed · elev 3529 ft<br>In current FAA NASR: no<br>Az 119.1°, 60.8 km<br>Outside fan window<br>no runway record<br><a href='https://ourairports.com/airports/US-8547/'>OurAirports record</a>]]></description><styleUrl>#apt_closed</styleUrl><Point><coordinates>-103.332330,30.007170,0</coordinates></Point></Placemark><Placemark><name>Los Muertos Airport</name><description><![CDATA[US-1099 · closed · elev 4034 ft<br>In current FAA NASR: no<br>Az 97.2°, 61.3 km<br>Outside fan window<br>RWY 13/31: 2181 ft Dirt, lighted=0<br>RWY 17/35: 1560 ft Dirt, lighted=0<br><a href='https://ourairports.com/airports/US-1099/'>OurAirports record</a>]]></description><styleUrl>#apt_closed</styleUrl><Point><coordinates>-103.251083,30.204370,0</coordinates></Point></Placemark><Placemark><name>Iron Mountain Ranch Airport</name><description><![CDATA[5TE5 · closed · elev 4313 ft<br>In current FAA NASR: no<br>Az 90.7°, 62.5 km<br>Outside fan window<br>RWY 16/34: 4000 ft ASPH, lighted=1<br><a href='https://ourairports.com/airports/5TE5/'>OurAirports record</a>]]></description><styleUrl>#apt_closed</styleUrl><Point><coordinates>-103.233543,30.266409,0</coordinates></Point></Placemark><Placemark><name>5TE5 RWY 16/34</name><description><![CDATA[]]></description><styleUrl>#runway</styleUrl><MultiGeometry><LineString><tessellate>1</tessellate><coordinates>-103.237999,30.279301,0 -103.235001,30.268499,0</coordinates></LineString></MultiGeometry></Placemark><Placemark><name>Marathon Airport</name><description><![CDATA[US-4665 · closed · elev 4112 ft<br>In current FAA NASR: no<br>Az 97.2°, 63.6 km<br>Outside fan window<br>no runway record<br><a href='https://ourairports.com/airports/US-4665/'>OurAirports record</a>]]></description><styleUrl>#apt_closed</styleUrl><Point><coordinates>-103.228000,30.201650,0</coordinates></Point></Placemark><Placemark><name>Reynolds Creek Ranch Airport</name><description><![CDATA[US-5240 · closed · elev 3480 ft<br>In current FAA NASR: no<br>Az 118.8°, 66.2 km<br>Outside fan window<br>no runway record<br><a href='https://ourairports.com/airports/US-5240/'>OurAirports record</a>]]></description><styleUrl>#apt_closed</styleUrl><Point><coordinates>-103.281720,29.985900,0</coordinates></Point></Placemark><Placemark><name>Stone Ranch Airport</name><description><![CDATA[US-9091 · closed · elev 3623 ft<br>In current FAA NASR: no<br>Az 37.3°, 67.0 km<br>Outside fan window<br>no runway record<br><a href='https://ourairports.com/airports/US-9091/'>OurAirports record</a>]]></description><styleUrl>#apt_closed</styleUrl><Point><coordinates>-103.459020,30.754910,0</coordinates></Point></Placemark><Placemark><name>Saddleback Ranch Airport</name><description><![CDATA[US-3713 · closed · elev 3888 ft<br>In current FAA NASR: no<br>Az 10.6°, 67.8 km<br>Outside fan window<br>no runway record<br><a href='https://ourairports.com/airports/US-3713/'>OurAirports record</a>]]></description><styleUrl>#apt_closed</styleUrl><Point><coordinates>-103.751880,30.876130,0</coordinates></Point></Placemark><Placemark><name>Saddleback Ranch Number 2 Airport</name><description><![CDATA[US-3714 · closed · elev 3642 ft<br>In current FAA NASR: no<br>Az 12.1°, 69.9 km<br>Outside fan window<br>no runway record<br><a href='https://ourairports.com/airports/US-3714/'>OurAirports record</a>]]></description><styleUrl>#apt_closed</styleUrl><Point><coordinates>-103.729920,30.891240,0</coordinates></Point></Placemark><Placemark><name>Bennett Ranch Airport</name><description><![CDATA[US-8574 · closed · elev 4340 ft<br>In current FAA NASR: no<br>Az 176.0°, 73.5 km<br>Outside fan window<br>no runway record<br><a href='https://ourairports.com/airports/US-8574/'>OurAirports record</a>]]></description><styleUrl>#apt_closed</styleUrl><Point><coordinates>-103.829550,29.613620,0</coordinates></Point></Placemark><Placemark><name>Spring Creek Ranch Airport</name><description><![CDATA[US-5239 · closed · elev 3273 ft<br>In current FAA NASR: no<br>Az 124.6°, 73.9 km<br>Outside fan window<br>no runway record<br><a href='https://ourairports.com/airports/US-5239/'>OurAirports record</a>]]></description><styleUrl>#apt_closed</styleUrl><Point><coordinates>-103.252290,29.895220,0</coordinates></Point></Placemark><Placemark><name>Moore Airport</name><description><![CDATA[US-7648 · closed · elev 3478 ft<br>In current FAA NASR: no<br>Az 163.1°, 76.4 km<br>Outside fan window<br>no runway record<br><a href='https://ourairports.com/airports/US-7648/'>OurAirports record</a>]]></description><styleUrl>#apt_closed</styleUrl><Point><coordinates>-103.653020,29.616010,0</coordinates></Point></Placemark><Placemark><name>Alamo de Cesario Airport</name><description><![CDATA[US-8573 · closed · elev 4201 ft<br>In current FAA NASR: no<br>Az 176.5°, 77.0 km<br>Outside fan window<br>no runway record<br><a href='https://ourairports.com/airports/US-8573/'>OurAirports record</a>]]></description><styleUrl>#apt_closed</styleUrl><Point><coordinates>-103.833590,29.581780,0</coordinates></Point></Placemark><Placemark><name>Frontier Roadhouse Airport</name><description><![CDATA[US-8403 · closed · elev 3428 ft<br>In current FAA NASR: no<br>Az 157.7°, 77.2 km<br>Outside fan window<br>no runway record<br><a href='https://ourairports.com/airports/US-8403/'>OurAirports record</a>]]></description><styleUrl>#apt_closed</styleUrl><Point><coordinates>-103.580970,29.630600,0</coordinates></Point></Placemark><Placemark><name>Mesquite Ranch Airport</name><description><![CDATA[US-4388 · closed · elev 3204 ft<br>In current FAA NASR: no<br>Az 229.0°, 79.6 km<br><b>In fan window</b> — beyond US-67 (highway at 39.1 km on this bearing)<br>no runway record<br><a href='https://ourairports.com/airports/US-4388/'>OurAirports record</a>]]></description><styleUrl>#apt_closed</styleUrl><Point><coordinates>-104.504170,29.803060,0</coordinates></Point></Placemark></Folder>
<Folder><name>Railroads (NARN) (7)</name><Placemark><name>Texas Pacifico (ex-South Orient) — (siding/yard) sub, siding/yard</name><description><![CDATA[Owner TXPF; NARN.<br>Outside fan window (nearest 14.0 km)]]></description><styleUrl>#rail_yard</styleUrl><MultiGeometry><LineString><tessellate>1</tessellate><coordinates>-103.370480,30.610360,0 -103.369900,30.610590,0 -103.366940,30.611200,0 -103.366260,30.611230,0</coordinates></LineString><LineString><tessellate>1</tessellate><coordinates>-104.018780,29.869400,0 -104.019200,29.868780,0 -104.019530,29.865870,0 -104.019190,29.865070,0 -104.018300,29.863760,0 -104.017790,29.863250,0</coordinates></LineString><LineString><tessellate>1</tessellate><coordinates>-104.061850,29.748450,0 -104.062510,29.747620,0 -104.063090,29.746430,0 -104.063650,29.744990,0 -104.064040,29.743160,0</coordinates></LineString><LineString><tessellate>1</tessellate><coordinates>-104.377110,29.552040,0 -104.377540,29.551650,0 -104.378420,29.550570,0 -104.378710,29.549760,0 -104.379050,29.548140,0 -104.379080,29.547650,0 -104.378550,29.546090,0 -104.378290,29.545680,0</coordinates></LineString><LineString><tessellate>1</tessellate><coordinates>-104.356560,29.555980,0 -104.355490,29.555440,0 -104.354630,29.555140,0 -104.347340,29.555240,0 -104.346080,29.555630,0</coordinates></LineString><LineString><tessellate>1</tessellate><coordinates>-104.346080,29.555630,0 -104.345030,29.556010,0</coordinates></LineString><LineString><tessellate>1</tessellate><coordinates>-104.351270,29.555980,0 -104.350350,29.555690,0 -104.349360,29.555600,0 -104.346080,29.555630,0</coordinates></LineString><LineString><tessellate>1</tessellate><coordinates>-104.357900,29.555950,0 -104.356590,29.556650,0 -104.355180,29.557060,0 -104.354230,29.557150,0 -104.350530,29.557110,0 -104.348990,29.556810,0 -104.348090,29.556330,0 -104.347100,29.555980,0</coordinates></LineString><LineString><tessellate>1</tessellate><coordinates>-103.996260,30.188680,0 -103.994950,30.189290,0 -103.990670,30.190070,0 -103.990010,30.190070,0</coordinates></LineString><LineString><tessellate>1</tessellate><coordinates>-103.998980,29.989110,0 -103.998950,29.989680,0 -103.997360,29.992090,0 -103.997250,29.992250,0 -103.996690,29.992530,0</coordinates></LineString><LineString><tessellate>1</tessellate><coordinates>-104.337400,29.560880,0 -104.337450,29.559600,0</coordinates></LineString><LineString><tessellate>1</tessellate><coordinates>-104.337450,29.559600,0 -104.337320,29.558800,0 -104.336930,29.558040,0 -104.334410,29.555950,0</coordinates></LineString><LineString><tessellate>1</tessellate><coordinates>-104.342970,29.555970,0 -104.338420,29.558290,0 -104.337820,29.558800,0 -104.337480,29.559370,0 -104.337450,29.559600,0</coordinates></LineString></MultiGeometry></Placemark><Placemark><name>Texas Pacifico (ex-South Orient) — ALPINE sub, main</name><description><![CDATA[Owner TXPF; NARN.<br><b>In fan window</b>: az 228.9–230.7°, 14.6–17.4 km<br><b style='color:#c00'>IN FRONT OF US-67</b> at az 228.9–230.7°, 14.6–17.4 km]]></description><styleUrl>#rail_txpf</styleUrl><MultiGeometry><LineString><tessellate>1</tessellate><coordinates>-104.345030,29.556010,0 -104.342970,29.555970,0</coordinates></LineString><LineString><tessellate>1</tessellate><coordinates>-103.996260,30.188680,0 -104.005850,30.186590,0 -104.006960,30.186180,0 -104.012590,30.182890,0 -104.013810,30.181700,0 -104.014310,30.181000,0 -104.018760,30.172610,0 -104.023850,30.162520,0 -104.024380,30.160840,0 -104.024570,30.159580,0 -104.024490,30.157380,0 -104.022900,30.151650,0 -104.021770,30.148670,0 -104.020640,30.146490,0 -104.018270,30.136610,0 -104.016390,30.130050,0 -104.015520,30.126490,0 -104.014320,30.123650,0 -103.999230,30.097320,0 -103.998010,30.094300,0 -103.995220,30.084240,0 -103.988720,30.062890,0 -103.988420,30.060710,0 -103.987690,30.050260,0 -103.986820,30.040640,0 -103.986990,30.036630,0 -103.987580,30.030730,0 -103.987510,30.030520,0 -103.987720,30.029310,0 -103.989430,30.007450,0 -103.989840,30.004810,0 -103.991890,30.000380,0 -103.992550,29.999090,0 -103.996690,29.992530,0</coordinates></LineString><LineString><tessellate>1</tessellate><coordinates>-103.998980,29.989110,0 -103.996690,29.992530,0</coordinates></LineString><LineString><tessellate>1</tessellate><coordinates>-103.990010,30.190070,0 -103.958130,30.196930,0 -103.956230,30.197600,0 -103.954700,30.198400,0 -103.941950,30.207820,0 -103.939420,30.209260,0 -103.937340,30.210160,0 -103.928770,30.214210,0 -103.927160,30.214710,0 -103.921570,30.215270,0 -103.920190,30.215610,0 -103.918820,30.216490,0 -103.905800,30.227000,0 -103.904510,30.227890,0 -103.902430,30.228930,0 -103.830850,30.258600,0 -103.829390,30.259450,0 -103.828440,30.260290,0 -103.827390,30.261810,0 -103.820350,30.273360,0</coordinates></LineString><LineString><tessellate>1</tessellate><coordinates>-103.817320,30.278340,0 -103.820350,30.273360,0</coordinates></LineString><LineString><tessellate>1</tessellate><coordinates>-103.998980,29.989110,0 -104.000260,29.987200,0 -104.000830,29.985500,0 -104.000870,29.978810,0 -104.001080,29.977340,0 -104.002460,29.974140,0 -104.003410,29.972190,0 -104.004240,29.969490,0 -104.004400,29.967790,0 -104.004440,29.964790,0 -104.004570,29.963740,0 -104.005230,29.961470,0 -104.005820,29.960090,0 -104.007300,29.957760,0 -104.008170,29.956610,0 -104.014760,29.949800,0 -104.015320,29.948720,0 -104.015380,29.947050,0 -104.013890,29.942620,0 -104.012580,29.939460,0 -104.008630,29.931560,0 -104.008020,29.929800,0 -104.008080,29.928540,0 -104.009070,29.922950,0 -104.009290,29.920680,0 -104.009100,29.919140,0 -104.008270,29.916960,0 -104.006670,29.914280,0 -104.006150,29.913150,0 -104.005680,29.909260,0 -104.004800,29.905220,0 -104.004850,29.904280,0 -104.005150,29.903480,0 -104.006200,29.902290,0 -104.010950,29.897580,0 -104.011240,29.897140,0 -104.011900,29.895490,0 -104.013540,29.892240,0 -104.015330,29.889650,0 -104.018130,29.884590,0 -104.018560,29.882970,0 -104.018130,29.877190,0 -104.018270,29.874070,0 -104.018510,29.872590,0 -104.018780,29.869400,0</coordinates></LineString><LineString><tessellate>1</tessellate><coordinates>-104.018780,29.869400,0 -104.019020,29.867450,0 -104.019020,29.865960,0 -104.018810,29.865270,0 -104.017790,29.863250,0</coordinates></LineString><LineString><tessellate>1</tessellate><coordinates>-104.017790,29.863250,0 -104.015460,29.858600,0 -104.014730,29.856120,0 -104.014400,29.853920,0 -104.014510,29.851970,0 -104.016910,29.837080,0 -104.016990,29.835820,0 -104.017620,29.834470,0 -104.018280,29.833280,0 -104.020340,29.831120,0 -104.022340,29.828740,0 -104.024030,29.826410,0 -104.025800,29.823550,0 -104.026270,29.822980,0 -104.026930,29.822400,0 -104.028720,29.821560,0 -104.030910,29.820970,0 -104.042770,29.814770,0 -104.043980,29.813840,0 -104.045590,29.810880,0 -104.046460,29.809550,0 -104.047600,29.808130,0 -104.048760,29.806330,0 -104.048970,29.805640,0 -104.050710,29.801910,0 -104.053450,29.798630,0 -104.053740,29.798110,0 -104.054620,29.795220,0 -104.056880,29.791510,0 -104.062180,29.782330,0 -104.062470,29.780880,0 -104.062370,29.780190,0 -104.058090,29.765840,0 -104.057830,29.764440,0 -104.057700,29.763020,0 -104.057870,29.760290,0 -104.058110,29.758530,0 -104.058740,29.756490,0 -104.061850,29.748450,0</coordinates></LineString><LineString><tessellate>1</tessellate><coordinates>-104.061850,29.748450,0 -104.064040,29.743160,0</coordinates></LineString><LineString><tessellate>1</tessellate><coordinates>-104.377110,29.552040,0 -104.378290,29.549950,0 -104.378660,29.548250,0 -104.378290,29.545680,0</coordinates></LineString><LineString><tessellate>1</tessellate><coordinates>-104.334410,29.555950,0 -104.319960,29.555980,0 -104.317660,29.556190,0 -104.297260,29.561220,0 -104.294430,29.561740,0 -104.293090,29.562250,0 -104.292280,29.562750,0 -104.278440,29.569680,0 -104.277570,29.570210,0 -104.276050,29.570890,0 -104.273950,29.572500,0 -104.272720,29.573830,0 -104.264620,29.583990,0 -104.261870,29.587080,0 -104.254940,29.593220,0 -104.254290,29.593910,0 -104.253080,29.594710,0 -104.251540,29.595310,0 -104.250490,29.595520,0 -104.247260,29.595540,0 -104.246050,29.595630,0 -104.243770,29.596110,0 -104.236930,29.598860,0 -104.234720,29.600400,0 -104.232490,29.602390,0 -104.230470,29.603490,0 -104.223000,29.605690,0 -104.221710,29.606220,0 -104.221110,29.606700,0 -104.220400,29.607660,0 -104.219530,29.608530,0 -104.218480,29.609330,0 -104.217380,29.609810,0 -104.216200,29.610160,0 -104.215650,29.610460,0 -104.214570,29.611300,0 -104.213810,29.612290,0 -104.213390,29.613300,0 -104.213290,29.614280,0 -104.213370,29.616350,0 -104.213180,29.617220,0 -104.212730,29.618000,0 -104.212080,29.618800,0 -104.203890,29.625580,0 -104.203340,29.626110,0 -104.202320,29.627440,0 -104.198690,29.634660,0 -104.197460,29.637310,0 -104.196090,29.639810,0 -104.194440,29.642290,0 -104.193780,29.644030,0 -104.192020,29.652390,0 -104.191860,29.653650,0 -104.191460,29.654430,0 -104.190750,29.655280,0 -104.189570,29.656200,0 -104.181620,29.660570,0 -104.179830,29.661280,0 -104.176950,29.662010,0 -104.174900,29.662950,0 -104.173510,29.663800,0 -104.167680,29.668310,0 -104.167120,29.668840,0 -104.166100,29.669530,0 -104.165020,29.670510,0 -104.164130,29.672000,0 -104.162260,29.676080,0 -104.161550,29.677130,0 -104.160690,29.677890,0 -104.159210,29.678740,0 -104.158080,29.679650,0 -104.157480,29.680520,0 -104.157030,29.681940,0 -104.156580,29.685540,0 -104.156030,29.687670,0 -104.155370,29.688770,0 -104.153770,29.690030,0 -104.153090,29.691130,0 -104.151770,29.694500,0 -104.151060,29.695620,0 -104.149460,29.697500,0 -104.145540,29.701280,0 -104.144300,29.703620,0 -104.143590,29.704510,0 -104.142810,29.705040,0 -104.141780,29.705290,0 -104.140710,29.705400,0 -104.139550,29.705170,0 -104.137950,29.705030,0 -104.136240,29.705310,0 -104.135560,29.705690,0 -104.133350,29.707690,0 -104.131910,29.708760,0 -104.131010,29.709080,0 -104.129460,29.709910,0 -104.127250,29.711830,0 -104.126330,29.712450,0 -104.119820,29.715900,0 -104.089090,29.721920,0 -104.085410,29.722490,0 -104.083880,29.722940,0 -104.082750,29.723490,0 -104.081410,29.724380,0 -104.071710,29.731180,0 -104.068890,29.733770,0 -104.068030,29.734910,0 -104.066790,29.737020,0 -104.064040,29.743160,0</coordinates></LineString><LineString><tessellate>1</tessellate><coordinates>-104.377110,29.552040,0 -104.376380,29.552800,0 -104.373740,29.554660,0 -104.371260,29.555570,0 -104.368760,29.555970,0 -104.357900,29.555950,0</coordinates></LineString><LineString><tessellate>1</tessellate><coordinates>-104.357900,29.555950,0 -104.356560,29.555980,0</coordinates></LineString><LineString><tessellate>1</tessellate><coordinates>-104.356560,29.555980,0 -104.351270,29.555980,0</coordinates></LineString><LineString><tessellate>1</tessellate><coordinates>-104.351270,29.555980,0 -104.347100,29.555980,0</coordinates></LineString><LineString><tessellate>1</tessellate><coordinates>-104.347100,29.555980,0 -104.345030,29.556010,0</coordinates></LineString><LineString><tessellate>1</tessellate><coordinates>-103.996260,30.188680,0 -103.990010,30.190070,0</coordinates></LineString><LineString><tessellate>1</tessellate><coordinates>-104.342970,29.555970,0 -104.334410,29.555950,0</coordinates></LineString></MultiGeometry></Placemark><Placemark><name>Texas Pacifico (ex-South Orient) — BIG LAKE sub, main</name><description><![CDATA[Owner TXPF; NARN.<br>Outside fan window (nearest 21.1 km)]]></description><styleUrl>#rail_txpf</styleUrl><MultiGeometry><LineString><tessellate>1</tessellate><coordinates>-103.362470,30.612000,0 -103.285260,30.628020,0 -103.277260,30.629710,0 -103.275450,30.630280,0 -103.274170,30.630910,0 -103.272270,30.632040,0 -103.250000,30.645580,0 -103.173200,30.691940,0</coordinates></LineString><LineString><tessellate>1</tessellate><coordinates>-103.173200,30.691940,0 -103.091410,30.741340,0 -103.023900,30.790780,0</coordinates></LineString><LineString><tessellate>1</tessellate><coordinates>-103.370480,30.610360,0 -103.366260,30.611230,0</coordinates></LineString><LineString><tessellate>1</tessellate><coordinates>-103.366260,30.611230,0 -103.362470,30.612000,0</coordinates></LineString><LineString><tessellate>1</tessellate><coordinates>-103.590530,30.484730,0 -103.567310,30.511530,0 -103.564400,30.514620,0 -103.556750,30.520860,0 -103.549790,30.526320,0 -103.533010,30.533260,0 -103.531110,30.534200,0 -103.528930,30.535560,0 -103.491070,30.560530,0 -103.489790,30.562070,0 -103.488250,30.565170,0 -103.485310,30.571660,0 -103.482620,30.574270,0 -103.480300,30.575240,0 -103.464260,30.584090,0 -103.458950,30.585950,0 -103.445120,30.590000,0 -103.429480,30.597650,0 -103.427110,30.598490,0 -103.416280,30.600910,0 -103.370480,30.610360,0</coordinates></LineString><LineString><tessellate>1</tessellate><coordinates>-103.672900,30.373770,0 -103.675420,30.413120,0 -103.675340,30.414310,0 -103.675000,30.415650,0 -103.674660,30.416420,0 -103.674060,30.417420,0 -103.673030,30.418580,0 -103.671700,30.419620,0 -103.635450,30.442060,0 -103.620040,30.454060,0 -103.618130,30.455250,0 -103.616270,30.456090,0 -103.615490,30.456570,0 -103.615080,30.456920,0 -103.613150,30.459360,0 -103.609920,30.462420,0 -103.590530,30.484730,0</coordinates></LineString><LineString><tessellate>1</tessellate><coordinates>-103.672730,30.371260,0 -103.672560,30.367950,0</coordinates></LineString><LineString><tessellate>1</tessellate><coordinates>-103.672900,30.373770,0 -103.672730,30.371260,0</coordinates></LineString><LineString><tessellate>1</tessellate><coordinates>-103.672340,30.365110,0 -103.672130,30.362080,0</coordinates></LineString><LineString><tessellate>1</tessellate><coordinates>-103.672560,30.367950,0 -103.672340,30.365110,0</coordinates></LineString><LineString><tessellate>1</tessellate><coordinates>-103.672130,30.362080,0 -103.671910,30.357810,0 -103.672030,30.357030,0 -103.672480,30.355870,0 -103.672970,30.355100,0 -103.673450,30.354590,0</coordinates></LineString><LineString><tessellate>1</tessellate><coordinates>-103.681450,30.351100,0 -103.680950,30.351320,0</coordinates></LineString><LineString><tessellate>1</tessellate><coordinates>-103.680950,30.351320,0 -103.677860,30.352570,0 -103.675230,30.353440,0 -103.674210,30.353990,0 -103.673450,30.354590,0</coordinates></LineString></MultiGeometry></Placemark><Placemark><name>Union Pacific (Sunset Route) — SANDERSON sub, main</name><description><![CDATA[Owner UP; NARN.<br>Outside fan window (nearest 18.1 km)]]></description><styleUrl>#rail_up</styleUrl><MultiGeometry><LineString><tessellate>1</tessellate><coordinates>-103.689450,30.352290,0 -103.686510,30.350930,0 -103.685060,30.350610,0 -103.684090,30.350560,0 -103.683340,30.350630,0 -103.681450,30.351100,0</coordinates></LineString><LineString><tessellate>1</tessellate><coordinates>-103.716940,30.352080,0 -103.715240,30.352610,0 -103.711040,30.353540,0 -103.698200,30.355710,0 -103.696950,30.355650,0 -103.695960,30.355410,0 -103.689450,30.352290,0</coordinates></LineString><LineString><tessellate>1</tessellate><coordinates>-103.661020,30.357160,0 -103.658160,30.357880,0 -103.647920,30.359970,0 -103.624350,30.365810,0 -103.622710,30.366310,0 -103.621500,30.366980,0 -103.620520,30.367860,0 -103.619890,30.368760,0 -103.618620,30.371290,0 -103.617930,30.372090,0 -103.616990,30.372820,0 -103.615980,30.373330,0 -103.614840,30.373710,0 -103.608410,30.375030,0 -103.607360,30.375340,0 -103.593190,30.382020,0 -103.592370,30.382610,0 -103.591720,30.383360,0 -103.591380,30.384020,0 -103.590750,30.385810,0 -103.590400,30.386400,0 -103.589910,30.386940,0 -103.589220,30.387490,0 -103.586050,30.389480,0 -103.585390,30.389790,0 -103.584600,30.390000,0 -103.583530,30.390010,0 -103.582490,30.389750,0 -103.577580,30.387140,0 -103.575080,30.386140,0 -103.554150,30.380170,0 -103.553040,30.379690,0 -103.550790,30.378500,0 -103.547930,30.376350,0 -103.546400,30.375610,0 -103.544700,30.375280,0 -103.540800,30.375270,0 -103.539950,30.375230,0 -103.538860,30.375040,0 -103.537270,30.374500,0 -103.528760,30.370820,0</coordinates></LineString><LineString><tessellate>1</tessellate><coordinates>-103.663460,30.356450,0 -103.661020,30.357160,0</coordinates></LineString><LineString><tessellate>1</tessellate><coordinates>-103.681450,30.351100,0 -103.663460,30.356450,0</coordinates></LineString><LineString><tessellate>1</tessellate><coordinates>-103.088990,30.203060,0 -103.086420,30.202960,0 -103.084840,30.202730,0 -103.083450,30.202300,0 -103.081980,30.201580,0 -103.081100,30.200970,0 -103.079700,30.199610,0 -103.074380,30.193450,0 -103.073170,30.191890,0 -103.062160,30.175930,0 -103.061440,30.174390,0 -103.059460,30.168370,0 -103.058700,30.166590,0 -103.057450,30.164450,0 -103.056440,30.163000,0 -103.053400,30.159510,0 -103.052070,30.158440,0 -103.051130,30.157850,0 -103.049130,30.156910,0 -103.037250,30.153150,0</coordinates></LineString><LineString><tessellate>1</tessellate><coordinates>-103.117230,30.204050,0 -103.088990,30.203060,0</coordinates></LineString><LineString><tessellate>1</tessellate><coordinates>-103.217350,30.203100,0 -103.202860,30.206520,0 -103.200760,30.206820,0 -103.198580,30.206910,0 -103.117230,30.204050,0</coordinates></LineString><LineString><tessellate>1</tessellate><coordinates>-103.242500,30.205290,0 -103.239690,30.204820,0 -103.238290,30.204930,0 -103.236130,30.205410,0 -103.234600,30.205380,0 -103.226730,30.203190,0 -103.225650,30.202960,0 -103.224360,30.202820,0 -103.219390,30.202920,0 -103.217350,30.203100,0</coordinates></LineString><LineString><tessellate>1</tessellate><coordinates>-103.247150,30.206180,0 -103.242500,30.205290,0</coordinates></LineString><LineString><tessellate>1</tessellate><coordinates>-103.259330,30.208500,0 -103.247150,30.206180,0</coordinates></LineString><LineString><tessellate>1</tessellate><coordinates>-103.292560,30.213780,0 -103.291360,30.214010,0 -103.289910,30.214130,0 -103.287740,30.213920,0 -103.259330,30.208500,0</coordinates></LineString><LineString><tessellate>1</tessellate><coordinates>-103.362090,30.230910,0 -103.358920,30.229470,0 -103.357780,30.228780,0 -103.356820,30.228000,0 -103.348380,30.219670,0 -103.346830,30.218720,0 -103.344920,30.218070,0 -103.311920,30.212120,0 -103.310330,30.212100,0 -103.300020,30.212460,0 -103.292560,30.213780,0</coordinates></LineString><LineString><tessellate>1</tessellate><coordinates>-103.387900,30.241650,0 -103.383800,30.237530,0 -103.383070,30.237020,0 -103.381920,30.236450,0 -103.380350,30.236010,0 -103.379130,30.235900,0 -103.375490,30.235820,0 -103.374320,30.235630,0 -103.373210,30.235320,0 -103.368390,30.233720,0 -103.362090,30.230910,0</coordinates></LineString><LineString><tessellate>1</tessellate><coordinates>-103.454530,30.293870,0 -103.450870,30.284520,0 -103.449890,30.282980,0 -103.448640,30.281710,0 -103.446920,30.280570,0 -103.443400,30.278990,0 -103.437970,30.275800,0 -103.437160,30.275230,0 -103.435190,30.273480,0 -103.434440,30.273050,0 -103.432320,30.272180,0 -103.431460,30.271720,0 -103.427410,30.268580,0 -103.425450,30.267280,0 -103.415820,30.262200,0 -103.403770,30.252480,0 -103.402540,30.251590,0 -103.400870,30.250700,0 -103.396180,30.248840,0 -103.394150,30.247690,0 -103.392460,30.246310,0 -103.387900,30.241650,0</coordinates></LineString><LineString><tessellate>1</tessellate><coordinates>-103.465530,30.319770,0 -103.461660,30.312190,0 -103.454530,30.293870,0</coordinates></LineString><LineString><tessellate>1</tessellate><coordinates>-103.528760,30.370820,0 -103.519380,30.366770,0 -103.516170,30.365480,0 -103.505800,30.362130,0 -103.504140,30.361510,0 -103.501650,30.360250,0 -103.497350,30.357510,0 -103.496050,30.356570,0 -103.488590,30.349750,0 -103.487480,30.348240,0 -103.486220,30.345590,0 -103.485600,30.344540,0 -103.484260,30.342930,0 -103.483220,30.342020,0 -103.481880,30.341120,0 -103.476700,30.338510,0 -103.475320,30.337480,0 -103.474540,30.336640,0 -103.473570,30.335150,0 -103.465530,30.319770,0</coordinates></LineString></MultiGeometry></Placemark><Placemark><name>Union Pacific (Sunset Route) — SANDERSON sub, siding/yard</name><description><![CDATA[Owner UP; NARN.<br>Outside fan window (nearest 18.1 km)]]></description><styleUrl>#rail_yard</styleUrl><MultiGeometry><LineString><tessellate>1</tessellate><coordinates>-103.088990,30.203060,0 -103.090290,30.202990,0 -103.115490,30.203860,0 -103.117230,30.204050,0</coordinates></LineString><LineString><tessellate>1</tessellate><coordinates>-103.259330,30.208500,0 -103.261190,30.208740,0 -103.288850,30.214010,0 -103.290000,30.214040,0 -103.292560,30.213780,0</coordinates></LineString><LineString><tessellate>1</tessellate><coordinates>-103.362090,30.230910,0 -103.364220,30.231750,0 -103.368430,30.233610,0 -103.372070,30.234860,0 -103.374380,30.235530,0 -103.375370,30.235690,0 -103.380350,30.235910,0 -103.381970,30.236320,0 -103.383570,30.237210,0 -103.384840,30.238350,0 -103.387900,30.241650,0</coordinates></LineString><LineString><tessellate>1</tessellate><coordinates>-103.454530,30.293870,0 -103.455660,30.296510,0 -103.461760,30.312210,0 -103.464760,30.317960,0 -103.465530,30.319770,0</coordinates></LineString><LineString><tessellate>1</tessellate><coordinates>-103.716940,30.352080,0 -103.715190,30.352690,0 -103.712370,30.353340,0 -103.700040,30.355510,0 -103.697920,30.355790,0 -103.696730,30.355680,0 -103.695660,30.355360,0 -103.689450,30.352290,0</coordinates></LineString><LineString><tessellate>1</tessellate><coordinates>-103.663460,30.356450,0 -103.660000,30.357500,0 -103.657300,30.358150,0</coordinates></LineString><LineString><tessellate>1</tessellate><coordinates>-103.247150,30.206180,0 -103.246300,30.206230,0 -103.244690,30.205960,0 -103.243630,30.205740,0 -103.242500,30.205290,0</coordinates></LineString></MultiGeometry></Placemark><Placemark><name>Union Pacific (Sunset Route) — VALENTINE sub, main</name><description><![CDATA[Owner UP; NARN.<br>Outside fan window (nearest 0.1 km)]]></description><styleUrl>#rail_up</styleUrl><MultiGeometry><LineString><tessellate>1</tessellate><coordinates>-103.716940,30.352080,0 -103.739290,30.344610,0 -103.740830,30.343980,0 -103.747450,30.340860,0 -103.749220,30.339930,0 -103.754920,30.336540,0 -103.758200,30.334270,0 -103.766530,30.329320,0 -103.767680,30.328730,0 -103.772270,30.326830,0 -103.773920,30.326040,0 -103.789830,30.316690,0 -103.800150,30.310910,0</coordinates></LineString><LineString><tessellate>1</tessellate><coordinates>-103.817320,30.278340,0 -103.815840,30.279460,0 -103.815110,30.279800,0 -103.814390,30.279990,0 -103.813280,30.280080,0 -103.810050,30.279960,0</coordinates></LineString><LineString><tessellate>1</tessellate><coordinates>-103.800150,30.310910,0 -103.802450,30.309580,0 -103.803370,30.308750,0 -103.803880,30.308030,0 -103.804300,30.307020,0 -103.805820,30.302190,0 -103.806040,30.300890,0 -103.805950,30.299910,0 -103.805550,30.298800,0 -103.805170,30.298170,0 -103.802980,30.295330,0 -103.802450,30.294260,0 -103.802200,30.292810,0 -103.802240,30.290360,0 -103.802140,30.289360,0 -103.801880,30.288450,0 -103.800600,30.285220,0 -103.800520,30.284270,0 -103.800680,30.283410,0 -103.800930,30.282780,0 -103.801560,30.281930,0 -103.802510,30.281180,0 -103.803260,30.280820,0 -103.804850,30.280490,0 -103.809180,30.279980,0 -103.810050,30.279960,0</coordinates></LineString><LineString><tessellate>1</tessellate><coordinates>-104.161610,30.350120,0 -104.158220,30.348800,0 -104.156410,30.348360,0 -104.155410,30.348230,0 -104.153440,30.348180,0 -104.135440,30.348540,0 -104.134100,30.348430,0 -104.133370,30.348250,0 -104.132320,30.347820,0 -104.131040,30.346960,0 -104.109130,30.329150,0 -104.107760,30.328340,0 -104.106560,30.328040,0 -104.105760,30.328000,0 -104.093350,30.328110,0 -104.090760,30.327850,0 -104.089380,30.327500,0 -104.087540,30.326770,0 -104.074770,30.320190,0 -104.073600,30.319650,0 -104.071490,30.318910,0 -104.043050,30.311140,0 -104.033050,30.308910,0 -104.031150,30.308640,0 -104.029420,30.308690,0 -104.028520,30.308840,0 -104.025820,30.309540,0</coordinates></LineString><LineString><tessellate>1</tessellate><coordinates>-104.025820,30.309540,0 -104.013850,30.312720,0 -104.012030,30.312950,0 -104.007500,30.312940,0</coordinates></LineString><LineString><tessellate>1</tessellate><coordinates>-104.775500,30.875150,0 -104.737320,30.786150,0 -104.735990,30.783600,0 -104.734300,30.781020,0 -104.724430,30.768930,0</coordinates></LineString><LineString><tessellate>1</tessellate><coordinates>-104.629470,30.691800,0 -104.506400,30.594750,0</coordinates></LineString><LineString><tessellate>1</tessellate><coordinates>-104.506400,30.594750,0 -104.490320,30.582070,0</coordinates></LineString><LineString><tessellate>1</tessellate><coordinates>-103.987200,30.302460,0 -103.983160,30.300130,0 -103.981930,30.299610,0 -103.981370,30.299480,0 -103.979800,30.299330,0 -103.966940,30.299340,0 -103.965870,30.299230,0 -103.952980,30.294430,0 -103.951060,30.293820,0 -103.904230,30.283560,0 -103.903350,30.283270,0 -103.902480,30.282830,0 -103.899120,30.280290,0 -103.895140,30.277950,0 -103.893670,30.277270,0 -103.892180,30.276850,0 -103.890090,30.276620,0 -103.844170,30.273420,0 -103.842170,30.272970,0 -103.837400,30.271170,0</coordinates></LineString><LineString><tessellate>1</tessellate><coordinates>-104.490320,30.582070,0 -104.407810,30.516800,0</coordinates></LineString><LineString><tessellate>1</tessellate><coordinates>-103.818340,30.277490,0 -103.817320,30.278340,0</coordinates></LineString><LineString><tessellate>1</tessellate><coordinates>-103.837400,30.271170,0 -103.836060,30.270700,0 -103.834760,30.270450,0 -103.833240,30.270490,0 -103.831860,30.270820,0 -103.821740,30.274830,0 -103.820770,30.275450,0 -103.818340,30.277490,0</coordinates></LineString><LineString><tessellate>1</tessellate><coordinates>-104.007500,30.312940,0 -104.000000,30.312840,0 -103.998230,30.312500,0 -103.996520,30.311850,0 -103.995160,30.311020,0 -103.994110,30.310110,0 -103.988490,30.303610,0 -103.987200,30.302460,0</coordinates></LineString><LineString><tessellate>1</tessellate><coordinates>-104.187520,30.360640,0 -104.161610,30.350120,0</coordinates></LineString><LineString><tessellate>1</tessellate><coordinates>-104.283580,30.418180,0 -104.240260,30.383700,0 -104.238480,30.382350,0 -104.236880,30.381280,0 -104.234300,30.379790,0 -104.230580,30.378070,0 -104.187520,30.360640,0</coordinates></LineString><LineString><tessellate>1</tessellate><coordinates>-104.303430,30.433960,0 -104.283580,30.418180,0</coordinates></LineString><LineString><tessellate>1</tessellate><coordinates>-104.386640,30.500020,0 -104.303430,30.433960,0</coordinates></LineString><LineString><tessellate>1</tessellate><coordinates>-104.403950,30.513740,0 -104.386640,30.500020,0</coordinates></LineString><LineString><tessellate>1</tessellate><coordinates>-104.407810,30.516800,0 -104.403950,30.513740,0</coordinates></LineString><LineString><tessellate>1</tessellate><coordinates>-104.703450,30.750040,0 -104.681320,30.732640,0</coordinates></LineString><LineString><tessellate>1</tessellate><coordinates>-104.724430,30.768930,0 -104.719900,30.763500,0 -104.717520,30.761180,0 -104.703450,30.750040,0</coordinates></LineString><LineString><tessellate>1</tessellate><coordinates>-104.681320,30.732640,0 -104.629470,30.691800,0</coordinates></LineString></MultiGeometry></Placemark><Placemark><name>Union Pacific (Sunset Route) — VALENTINE sub, siding/yard</name><description><![CDATA[Owner UP; NARN.<br>Outside fan window (nearest 4.4 km)]]></description><styleUrl>#rail_yard</styleUrl><MultiGeometry><LineString><tessellate>1</tessellate><coordinates>-104.303430,30.433960,0 -104.302890,30.433210,0 -104.284150,30.418410,0 -104.283580,30.418180,0</coordinates></LineString><LineString><tessellate>1</tessellate><coordinates>-104.187520,30.360640,0 -104.185890,30.359870,0 -104.166330,30.351880,0 -104.163670,30.350810,0 -104.161610,30.350120,0</coordinates></LineString><LineString><tessellate>1</tessellate><coordinates>-104.403720,30.513730,0 -104.387130,30.500750,0 -104.386640,30.500020,0</coordinates></LineString><LineString><tessellate>1</tessellate><coordinates>-104.007500,30.312940,0 -104.006620,30.313300,0 -104.000210,30.313220,0 -103.998100,30.312880,0 -103.996380,30.312240,0 -103.994370,30.311010,0 -103.993470,30.310280,0 -103.987990,30.303780,0 -103.987200,30.302460,0</coordinates></LineString><LineString><tessellate>1</tessellate><coordinates>-103.837400,30.271170,0 -103.834280,30.270580,0 -103.832540,30.270720,0 -103.832010,30.270850,0 -103.821770,30.274890,0 -103.820390,30.275890,0 -103.815810,30.279620,0 -103.814880,30.280080,0 -103.813850,30.280330,0 -103.810050,30.279960,0</coordinates></LineString><LineString><tessellate>1</tessellate><coordinates>-104.490320,30.582070,0 -104.491270,30.582730,0 -104.506400,30.594750,0</coordinates></LineString><LineString><tessellate>1</tessellate><coordinates>-104.681320,30.732640,0 -104.682000,30.733050,0 -104.697230,30.745000,0 -104.702160,30.748890,0 -104.703450,30.750040,0</coordinates></LineString><LineString><tessellate>1</tessellate><coordinates>-104.403720,30.513730,0 -104.407100,30.516380,0 -104.407810,30.516800,0</coordinates></LineString></MultiGeometry></Placemark></Folder>
<Folder><name>Rail grade crossings (FRA) (91)</name><Placemark><name>Crossing 763849C</name><description><![CDATA[UP · NA · RR Over · Private<br>Reported thru trains: day 5, night 5; max 0 mph<br>Az 62.5°, 10.4 km<br>Outside fan window<br><a href='https://railroads.dot.gov/safety/crossing-safety/crossing-inventory'>FRA crossing inventory</a>]]></description><styleUrl>#xing</styleUrl><Point><coordinates>-103.787050,30.318330,0</coordinates></Point></Placemark><Placemark><name>Crossing 019040F</name><description><![CDATA[TXPF · privite · At Grade · Private<br>Reported thru trains: day 0, night 0; max 10 mph<br>Az 51.6°, 33.7 km<br>Outside fan window<br><a href='https://railroads.dot.gov/safety/crossing-safety/crossing-inventory'>FRA crossing inventory</a>]]></description><styleUrl>#xing</styleUrl><Point><coordinates>-103.608340,30.463560,0</coordinates></Point></Placemark><Placemark><name>Crossing 019042U</name><description><![CDATA[TXPF · private · At Grade · Private<br>Reported thru trains: day 0, night 0; max 10 mph<br>Az 196.3°, 46.9 km<br>Outside fan window<br><a href='https://railroads.dot.gov/safety/crossing-safety/crossing-inventory'>FRA crossing inventory</a>]]></description><styleUrl>#xing</styleUrl><Point><coordinates>-104.019000,29.869190,0</coordinates></Point></Placemark><Placemark><name>Crossing 019044H</name><description><![CDATA[TXPF · private · At Grade · Private<br>Reported thru trains: day 0, night 0; max 10 mph<br>Az 196.6°, 61.6 km<br>Outside fan window<br><a href='https://railroads.dot.gov/safety/crossing-safety/crossing-inventory'>FRA crossing inventory</a>]]></description><styleUrl>#xing</styleUrl><Point><coordinates>-104.064390,29.742680,0</coordinates></Point></Placemark><Placemark><name>Crossing 019045P</name><description><![CDATA[TXPF · private · At Grade · Private<br>Reported thru trains: day 0, night 0; max 10 mph<br>Az 196.7°, 62.5 km<br>Outside fan window<br><a href='https://railroads.dot.gov/safety/crossing-safety/crossing-inventory'>FRA crossing inventory</a>]]></description><styleUrl>#xing</styleUrl><Point><coordinates>-104.068170,29.734760,0</coordinates></Point></Placemark><Placemark><name>Crossing 968175E</name><description><![CDATA[TXPF · ranch road 169 · At Grade · Private<br>Reported thru trains: day 0, night 0; max 10 mph<br>Az 197.4°, 63.8 km<br>Outside fan window<br><a href='https://railroads.dot.gov/safety/crossing-safety/crossing-inventory'>FRA crossing inventory</a>]]></description><styleUrl>#xing</styleUrl><Point><coordinates>-104.079710,29.725440,0</coordinates></Point></Placemark><Placemark><name>Crossing 019046W</name><description><![CDATA[TXPF · private · At Grade · Private<br>Reported thru trains: day 0, night 0; max 10 mph<br>Az 199.6°, 65.6 km<br>Outside fan window<br><a href='https://railroads.dot.gov/safety/crossing-safety/crossing-inventory'>FRA crossing inventory</a>]]></description><styleUrl>#xing</styleUrl><Point><coordinates>-104.110200,29.717610,0</coordinates></Point></Placemark><Placemark><name>Crossing 019047D</name><description><![CDATA[TXPF · private · At Grade · Private<br>Reported thru trains: day 0, night 0; max 10 mph<br>Az 202.3°, 72.6 km<br>Outside fan window<br><a href='https://railroads.dot.gov/safety/crossing-safety/crossing-inventory'>FRA crossing inventory</a>]]></description><styleUrl>#xing</styleUrl><Point><coordinates>-104.167020,29.668830,0</coordinates></Point></Placemark><Placemark><name>Crossing 019048K</name><description><![CDATA[TXPF · private · At Grade · Private<br>Reported thru trains: day 0, night 0; max 10 mph<br>Az 203.2°, 74.3 km<br>Outside fan window<br><a href='https://railroads.dot.gov/safety/crossing-safety/crossing-inventory'>FRA crossing inventory</a>]]></description><styleUrl>#xing</styleUrl><Point><coordinates>-104.184910,29.658660,0</coordinates></Point></Placemark><Placemark><name>Crossing 019049S</name><description><![CDATA[TXPF · private · At Grade · Private<br>Reported thru trains: day 0, night 0; max 10 mph<br>Az 203.7°, 79.5 km<br>Outside fan window<br><a href='https://railroads.dot.gov/safety/crossing-safety/crossing-inventory'>FRA crossing inventory</a>]]></description><styleUrl>#xing</styleUrl><Point><coordinates>-104.212750,29.618020,0</coordinates></Point></Placemark><Placemark><name>Crossing 968173R</name><description><![CDATA[TXPF · ranch road 169 · At Grade · Private<br>Reported thru trains: day 0, night 0; max 10 mph<br>Az 199.1°, 31.9 km<br>Outside fan window<br><a href='https://railroads.dot.gov/safety/crossing-safety/crossing-inventory'>FRA crossing inventory</a>]]></description><styleUrl>#xing</styleUrl><Point><coordinates>-103.990880,30.002990,0</coordinates></Point></Placemark><Placemark><name>Crossing 019041M</name><description><![CDATA[TXPF · private · At Grade · Private<br>Reported thru trains: day 0, night 0; max 10 mph<br>Az 52.0°, 27.7 km<br>Outside fan window<br><a href='https://railroads.dot.gov/safety/crossing-safety/crossing-inventory'>FRA crossing inventory</a>]]></description><styleUrl>#xing</styleUrl><Point><coordinates>-103.655300,30.429100,0</coordinates></Point></Placemark><Placemark><name>Crossing 019037X</name><description><![CDATA[TXPF · NONE · At Grade · Private<br>Reported thru trains: day 0, night 0; max 10 mph<br>Az 50.4°, 36.5 km<br>Outside fan window<br><a href='https://railroads.dot.gov/safety/crossing-safety/crossing-inventory'>FRA crossing inventory</a>]]></description><styleUrl>#xing</styleUrl><Point><coordinates>-103.590130,30.484540,0</coordinates></Point></Placemark><Placemark><name>Crossing 019025D</name><description><![CDATA[TXPF · private · At Grade · Private<br>Reported thru trains: day 0, night 0; max 10 mph<br>Az 50.1°, 54.3 km<br>Outside fan window<br><a href='https://railroads.dot.gov/safety/crossing-safety/crossing-inventory'>FRA crossing inventory</a>]]></description><styleUrl>#xing</styleUrl><Point><coordinates>-103.448940,30.588500,0</coordinates></Point></Placemark><Placemark><name>Crossing 968174X</name><description><![CDATA[TXPF · ranch road 169 · At Grade · Private<br>Reported thru trains: day 0, night 0; max 10 mph<br>Az 196.2°, 47.1 km<br>Outside fan window<br><a href='https://railroads.dot.gov/safety/crossing-safety/crossing-inventory'>FRA crossing inventory</a>]]></description><styleUrl>#xing</styleUrl><Point><coordinates>-104.019270,29.866890,0</coordinates></Point></Placemark><Placemark><name>Crossing 968172J</name><description><![CDATA[TXPF · private · At Grade · Private<br>Reported thru trains: day 0, night 0; max 10 mph<br>Az 87.3°, 6.3 km<br>Outside fan window<br><a href='https://railroads.dot.gov/safety/crossing-safety/crossing-inventory'>FRA crossing inventory</a>]]></description><styleUrl>#xing</styleUrl><Point><coordinates>-103.817790,30.277770,0</coordinates></Point></Placemark><Placemark><name>Crossing 019026K</name><description><![CDATA[TXPF · private · At Grade · Private<br>Reported thru trains: day 0, night 0; max 10 mph<br>Az 49.8°, 53.6 km<br>Outside fan window<br><a href='https://railroads.dot.gov/safety/crossing-safety/crossing-inventory'>FRA crossing inventory</a>]]></description><styleUrl>#xing</styleUrl><Point><coordinates>-103.456050,30.586390,0</coordinates></Point></Placemark><Placemark><name>Crossing 019027S</name><description><![CDATA[TXPF · private · At Grade · Private<br>Reported thru trains: day 0, night 0; max 10 mph<br>Az 49.4°, 52.0 km<br>Outside fan window<br><a href='https://railroads.dot.gov/safety/crossing-safety/crossing-inventory'>FRA crossing inventory</a>]]></description><styleUrl>#xing</styleUrl><Point><coordinates>-103.471240,30.579650,0</coordinates></Point></Placemark><Placemark><name>Crossing 019029F</name><description><![CDATA[TXPF · private · At Grade · Private<br>Reported thru trains: day 0, night 0; max 10 mph<br>Az 49.2°, 50.7 km<br>Outside fan window<br><a href='https://railroads.dot.gov/safety/crossing-safety/crossing-inventory'>FRA crossing inventory</a>]]></description><styleUrl>#xing</styleUrl><Point><coordinates>-103.482370,30.573680,0</coordinates></Point></Placemark><Placemark><name>Crossing 019030A</name><description><![CDATA[TXPF · private · At Grade · Private<br>Reported thru trains: day 0, night 0; max 10 mph<br>Az 49.4°, 50.1 km<br>Outside fan window<br><a href='https://railroads.dot.gov/safety/crossing-safety/crossing-inventory'>FRA crossing inventory</a>]]></description><styleUrl>#xing</styleUrl><Point><coordinates>-103.485980,30.568640,0</coordinates></Point></Placemark><Placemark><name>Crossing 019032N</name><description><![CDATA[TXPF · private · At Grade · Private<br>Reported thru trains: day 0, night 0; max 10 mph<br>Az 49.8°, 46.9 km<br>Outside fan window<br><a href='https://railroads.dot.gov/safety/crossing-safety/crossing-inventory'>FRA crossing inventory</a>]]></description><styleUrl>#xing</styleUrl><Point><coordinates>-103.509320,30.547850,0</coordinates></Point></Placemark><Placemark><name>Crossing 019017L</name><description><![CDATA[TXPF · private · At Grade · Private<br>Reported thru trains: day 0, night 0; max 10 mph<br>Az 54.4°, 65.8 km<br>Outside fan window<br><a href='https://railroads.dot.gov/safety/crossing-safety/crossing-inventory'>FRA crossing inventory</a>]]></description><styleUrl>#xing</styleUrl><Point><coordinates>-103.325100,30.619450,0</coordinates></Point></Placemark><Placemark><name>Crossing 019012C</name><description><![CDATA[TXPF · private · At Grade · Private<br>Reported thru trains: day 0, night 0; max 10 mph<br>Az 55.7°, 69.7 km<br>Outside fan window<br><a href='https://railroads.dot.gov/safety/crossing-safety/crossing-inventory'>FRA crossing inventory</a>]]></description><styleUrl>#xing</styleUrl><Point><coordinates>-103.282690,30.628310,0</coordinates></Point></Placemark><Placemark><name>Crossing 019013J</name><description><![CDATA[TXPF · private · At Grade · Private<br>Reported thru trains: day 0, night 0; max 10 mph<br>Az 54.9°, 67.2 km<br>Outside fan window<br><a href='https://railroads.dot.gov/safety/crossing-safety/crossing-inventory'>FRA crossing inventory</a>]]></description><styleUrl>#xing</styleUrl><Point><coordinates>-103.309650,30.622680,0</coordinates></Point></Placemark><Placemark><name>Crossing 019014R</name><description><![CDATA[TXPF · private · At Grade · Private<br>Reported thru trains: day 0, night 0; max 10 mph<br>Az 54.8°, 66.9 km<br>Outside fan window<br><a href='https://railroads.dot.gov/safety/crossing-safety/crossing-inventory'>FRA crossing inventory</a>]]></description><styleUrl>#xing</styleUrl><Point><coordinates>-103.312830,30.622010,0</coordinates></Point></Placemark><Placemark><name>Crossing 019010N</name><description><![CDATA[TXPF · us67 · At Grade · Private<br>Reported thru trains: day 1, night 1; max 10 mph<br>Az 55.8°, 75.8 km<br>Outside fan window<br><a href='https://railroads.dot.gov/safety/crossing-safety/crossing-inventory'>FRA crossing inventory</a>]]></description><styleUrl>#xing</styleUrl><Point><coordinates>-103.228580,30.658010,0</coordinates></Point></Placemark><Placemark><name>Crossing 019034C</name><description><![CDATA[TXPF · private · At Grade · Private<br>Reported thru trains: day 0, night 0; max 10 mph<br>Az 49.0°, 42.4 km<br>Outside fan window<br><a href='https://railroads.dot.gov/safety/crossing-safety/crossing-inventory'>FRA crossing inventory</a>]]></description><styleUrl>#xing</styleUrl><Point><coordinates>-103.549450,30.525820,0</coordinates></Point></Placemark><Placemark><name>Crossing 019036R</name><description><![CDATA[TXPF · private · At Grade · Private<br>Reported thru trains: day 0, night 0; max 10 mph<br>Az 49.8°, 38.2 km<br>Outside fan window<br><a href='https://railroads.dot.gov/safety/crossing-safety/crossing-inventory'>FRA crossing inventory</a>]]></description><styleUrl>#xing</styleUrl><Point><coordinates>-103.578660,30.497600,0</coordinates></Point></Placemark><Placemark><name>Crossing 019061Y</name><description><![CDATA[TXPF · private · At Grade · Private<br>Reported thru trains: day 0, night 0; max 10 mph<br>Az 49.7°, 45.4 km<br>Outside fan window<br><a href='https://railroads.dot.gov/safety/crossing-safety/crossing-inventory'>FRA crossing inventory</a>]]></description><styleUrl>#xing</styleUrl><Point><coordinates>-103.522040,30.539460,0</coordinates></Point></Placemark><Placemark><name>Crossing 019011V</name><description><![CDATA[TXPF · us67 · At Grade · Private<br>Reported thru trains: day 0, night 0; max 10 mph<br>Az 55.8°, 73.5 km<br>Outside fan window<br><a href='https://railroads.dot.gov/safety/crossing-safety/crossing-inventory'>FRA crossing inventory</a>]]></description><styleUrl>#xing</styleUrl><Point><coordinates>-103.248080,30.646200,0</coordinates></Point></Placemark><Placemark><name>Crossing 927989L</name><description><![CDATA[TXPF · PRIVATE · At Grade · Private<br>Reported thru trains: day 0, night 0; max 10 mph<br>Az 51.4°, 33.8 km<br>Outside fan window<br><a href='https://railroads.dot.gov/safety/crossing-safety/crossing-inventory'>FRA crossing inventory</a>]]></description><styleUrl>#xing</styleUrl><Point><coordinates>-103.607680,30.464880,0</coordinates></Point></Placemark><Placemark><name>Crossing 019020U</name><description><![CDATA[TXPF · US0067 · At Grade · Public<br>Reported thru trains: day 0, night 0; max 10 mph<br>Az 66.2°, 22.1 km<br>Outside fan window<br><a href='https://railroads.dot.gov/safety/crossing-safety/crossing-inventory'>FRA crossing inventory</a>]]></description><styleUrl>#xing</styleUrl><Point><coordinates>-103.672650,30.355140,0</coordinates></Point></Placemark><Placemark><name>Crossing 920237N</name><description><![CDATA[UP · NA · At Grade · Private<br>Reported thru trains: day 5, night 4; max 75 mph<br>Az 92.0°, 2.5 km<br>Outside fan window<br><a href='https://railroads.dot.gov/safety/crossing-safety/crossing-inventory'>FRA crossing inventory</a>]]></description><styleUrl>#xing</styleUrl><Point><coordinates>-103.856410,30.274290,0</coordinates></Point></Placemark><Placemark><name>Crossing 920453G</name><description><![CDATA[UP · NA · At Grade · Private<br>Reported thru trains: day 6, night 6; max 75 mph<br>Az 96.7°, 78.6 km<br>Outside fan window<br><a href='https://railroads.dot.gov/safety/crossing-safety/crossing-inventory'>FRA crossing inventory</a>]]></description><styleUrl>#xing</styleUrl><Point><coordinates>-103.072200,30.190500,0</coordinates></Point></Placemark><Placemark><name>Crossing 920456C</name><description><![CDATA[UP · NA · At Grade · Private<br>Reported thru trains: day 6, night 6; max 75 mph<br>Az 75.3°, 37.7 km<br>Outside fan window<br><a href='https://railroads.dot.gov/safety/crossing-safety/crossing-inventory'>FRA crossing inventory</a>]]></description><styleUrl>#xing</styleUrl><Point><coordinates>-103.503390,30.361170,0</coordinates></Point></Placemark><Placemark><name>Crossing 019035J</name><description><![CDATA[TXPF · private · At Grade · Private<br>Reported thru trains: day 0, night 0; max 10 mph<br>Az 49.4°, 39.4 km<br>Outside fan window<br><a href='https://railroads.dot.gov/safety/crossing-safety/crossing-inventory'>FRA crossing inventory</a>]]></description><styleUrl>#xing</styleUrl><Point><coordinates>-103.571010,30.506400,0</coordinates></Point></Placemark><Placemark><name>Crossing 019028Y</name><description><![CDATA[TXPF · Cr0000 · At Grade · Public<br>Reported thru trains: day 0, night 0; max 10 mph<br>Az 208.3°, 7.5 km<br>Outside fan window<br><a href='https://railroads.dot.gov/safety/crossing-safety/crossing-inventory'>FRA crossing inventory</a>]]></description><styleUrl>#xing</styleUrl><Point><coordinates>-103.919520,30.215890,0</coordinates></Point></Placemark><Placemark><name>Crossing 019043B</name><description><![CDATA[TXPF · Cr0169 · At Grade · Public<br>Reported thru trains: day 0, night 0; max 10 mph<br>Az 195.0°, 49.8 km<br>Outside fan window<br><a href='https://railroads.dot.gov/safety/crossing-safety/crossing-inventory'>FRA crossing inventory</a>]]></description><styleUrl>#xing</styleUrl><Point><coordinates>-104.016450,29.840840,0</coordinates></Point></Placemark><Placemark><name>Crossing 019018T</name><description><![CDATA[TXPF · ls0000 · At Grade · Public<br>Reported thru trains: day 0, night 0; max 10 mph<br>Az 64.2°, 22.5 km<br>Outside fan window<br><a href='https://railroads.dot.gov/safety/crossing-safety/crossing-inventory'>FRA crossing inventory</a>]]></description><styleUrl>#xing</styleUrl><Point><coordinates>-103.672210,30.363270,0</coordinates></Point></Placemark><Placemark><name>Crossing 019006Y</name><description><![CDATA[TXPF · cr0034 · At Grade · Public<br>Reported thru trains: day 1, night 1; max 10 mph<br>Az 52.9°, 61.9 km<br>Outside fan window<br><a href='https://railroads.dot.gov/safety/crossing-safety/crossing-inventory'>FRA crossing inventory</a>]]></description><styleUrl>#xing</styleUrl><Point><coordinates>-103.367480,30.610930,0</coordinates></Point></Placemark><Placemark><name>Crossing 019015X</name><description><![CDATA[TXPF · sh0118 · At Grade · Public<br>Reported thru trains: day 0, night 0; max 10 mph<br>Az 58.4°, 23.6 km<br>Outside fan window<br><a href='https://railroads.dot.gov/safety/crossing-safety/crossing-inventory'>FRA crossing inventory</a>]]></description><styleUrl>#xing</styleUrl><Point><coordinates>-103.673700,30.386330,0</coordinates></Point></Placemark><Placemark><name>Crossing 019019A</name><description><![CDATA[TXPF · ls0000 · RR Over · Public<br>Reported thru trains: day 0, night 0; max 10 mph<br>Az 66.0°, 22.2 km<br>Outside fan window<br><a href='https://railroads.dot.gov/safety/crossing-safety/crossing-inventory'>FRA crossing inventory</a>]]></description><styleUrl>#xing</styleUrl><Point><coordinates>-103.672230,30.356340,0</coordinates></Point></Placemark><Placemark><name>Crossing 742879L</name><description><![CDATA[UP · ls0000 · At Grade · Public<br>Reported thru trains: day 5, night 5; max 79 mph<br>Az 300.6°, 68.8 km<br>Outside fan window<br><a href='https://railroads.dot.gov/safety/crossing-safety/crossing-inventory'>FRA crossing inventory</a>]]></description><styleUrl>#xing</styleUrl><Point><coordinates>-104.500330,30.589930,0</coordinates></Point></Placemark><Placemark><name>Crossing 742916L</name><description><![CDATA[UP · cr0000 · RR Over · Public<br>Reported thru trains: day 0, night 0; max 40 mph<br>Az 67.9°, 27.0 km<br>Outside fan window<br><a href='https://railroads.dot.gov/safety/crossing-safety/crossing-inventory'>FRA crossing inventory</a>]]></description><styleUrl>#xing</styleUrl><Point><coordinates>-103.622620,30.366330,0</coordinates></Point></Placemark><Placemark><name>Crossing 763845A</name><description><![CDATA[UP · US0067 · RR Over · Public<br>Reported thru trains: day 0, night 0; max 50 mph<br>Az 65.2°, 20.5 km<br>Outside fan window<br><a href='https://railroads.dot.gov/safety/crossing-safety/crossing-inventory'>FRA crossing inventory</a>]]></description><styleUrl>#xing</styleUrl><Point><coordinates>-103.689480,30.352320,0</coordinates></Point></Placemark><Placemark><name>Crossing 019023P</name><description><![CDATA[TXPF · US0067 · RR Under · Public<br>Reported thru trains: day 0, night 0; max 10 mph<br>Az 97.1°, 5.8 km<br>Outside fan window<br><a href='https://railroads.dot.gov/safety/crossing-safety/crossing-inventory'>FRA crossing inventory</a>]]></description><styleUrl>#xing</styleUrl><Point><coordinates>-103.823330,30.268640,0</coordinates></Point></Placemark><Placemark><name>Crossing 019021B</name><description><![CDATA[TXPF · US0067 · RR Over · Public<br>Reported thru trains: day 0, night 0; max 10 mph<br>Az 66.3°, 22.0 km<br>Outside fan window<br><a href='https://railroads.dot.gov/safety/crossing-safety/crossing-inventory'>FRA crossing inventory</a>]]></description><styleUrl>#xing</styleUrl><Point><coordinates>-103.673560,30.354500,0</coordinates></Point></Placemark><Placemark><name>Crossing 764212N</name><description><![CDATA[UP · Cr0022 · At Grade · Public<br>Reported thru trains: day 5, night 5; max 79 mph<br>Az 284.5°, 15.7 km<br>Outside fan window<br><a href='https://railroads.dot.gov/safety/crossing-safety/crossing-inventory'>FRA crossing inventory</a>]]></description><styleUrl>#xing</styleUrl><Point><coordinates>-104.040730,30.310550,0</coordinates></Point></Placemark><Placemark><name>Crossing 742873V</name><description><![CDATA[UP · Cr0060 · At Grade · Public<br>Reported thru trains: day 5, night 5; max 70 mph<br>Az 97.0°, 61.8 km<br>Outside fan window<br><a href='https://railroads.dot.gov/safety/crossing-safety/crossing-inventory'>FRA crossing inventory</a>]]></description><styleUrl>#xing</styleUrl><Point><coordinates>-103.245550,30.205860,0</coordinates></Point></Placemark><Placemark><name>Crossing 742874C</name><description><![CDATA[UP · US0385 · At Grade · Public<br>Reported thru trains: day 5, night 5; max 40 mph<br>Az 97.0°, 62.6 km<br>Outside fan window<br><a href='https://railroads.dot.gov/safety/crossing-safety/crossing-inventory'>FRA crossing inventory</a>]]></description><styleUrl>#xing</styleUrl><Point><coordinates>-103.237500,30.205120,0</coordinates></Point></Placemark><Placemark><name>Crossing 742866K</name><description><![CDATA[UP · ls0000 · At Grade · Public<br>Reported thru trains: day 6, night 6; max 79 mph<br>Az 67.3°, 24.3 km<br>Outside fan window<br><a href='https://railroads.dot.gov/safety/crossing-safety/crossing-inventory'>FRA crossing inventory</a>]]></description><styleUrl>#xing</styleUrl><Point><coordinates>-103.650160,30.359480,0</coordinates></Point></Placemark><Placemark><name>Crossing 763848V</name><description><![CDATA[UP · PRIVATE · At Grade · Private<br>Reported thru trains: day 5, night 5; max 70 mph<br>Az 61.1°, 13.9 km<br>Outside fan window<br><a href='https://railroads.dot.gov/safety/crossing-safety/crossing-inventory'>FRA crossing inventory</a>]]></description><styleUrl>#xing</styleUrl><Point><coordinates>-103.756370,30.335550,0</coordinates></Point></Placemark><Placemark><name>Crossing 764198V</name><description><![CDATA[UP · PRIVATE · At Grade · Private<br>Reported thru trains: day 5, night 5; max 75 mph<br>Az 73.4°, 36.2 km<br>Outside fan window<br><a href='https://railroads.dot.gov/safety/crossing-safety/crossing-inventory'>FRA crossing inventory</a>]]></description><styleUrl>#xing</styleUrl><Point><coordinates>-103.521540,30.367710,0</coordinates></Point></Placemark><Placemark><name>Crossing 742867S</name><description><![CDATA[UP · lS0000 · At Grade · Public<br>Reported thru trains: day 6, night 6; max 50 mph<br>Az 66.7°, 22.6 km<br>Outside fan window<br><a href='https://railroads.dot.gov/safety/crossing-safety/crossing-inventory'>FRA crossing inventory</a>]]></description><styleUrl>#xing</styleUrl><Point><coordinates>-103.667150,30.355360,0</coordinates></Point></Placemark><Placemark><name>Crossing 764217X</name><description><![CDATA[UP · PRIVATE · At Grade · Private<br>Reported thru trains: day 5, night 5; max 79 mph<br>Az 297.9°, 56.3 km<br>Outside fan window<br><a href='https://railroads.dot.gov/safety/crossing-safety/crossing-inventory'>FRA crossing inventory</a>]]></description><styleUrl>#xing</styleUrl><Point><coordinates>-104.401490,30.511850,0</coordinates></Point></Placemark><Placemark><name>Crossing 764207S</name><description><![CDATA[UP · Cr0023 · At Grade · Public<br>Reported thru trains: day 5, night 5; max 60 mph<br>Az 290.5°, 11.8 km<br>Outside fan window<br><a href='https://railroads.dot.gov/safety/crossing-safety/crossing-inventory'>FRA crossing inventory</a>]]></description><styleUrl>#xing</styleUrl><Point><coordinates>-103.997940,30.312410,0</coordinates></Point></Placemark><Placemark><name>Crossing 742868Y</name><description><![CDATA[UP · ls0000 · At Grade · Public<br>Reported thru trains: day 6, night 6; max 50 mph<br>Az 66.8°, 23.0 km<br>Outside fan window<br><a href='https://railroads.dot.gov/safety/crossing-safety/crossing-inventory'>FRA crossing inventory</a>]]></description><styleUrl>#xing</styleUrl><Point><coordinates>-103.663130,30.356550,0</coordinates></Point></Placemark><Placemark><name>Crossing 742869F</name><description><![CDATA[UP · lS0000 · At Grade · Public<br>Reported thru trains: day 6, night 6; max 50 mph<br>Az 66.8°, 23.2 km<br>Outside fan window<br><a href='https://railroads.dot.gov/safety/crossing-safety/crossing-inventory'>FRA crossing inventory</a>]]></description><styleUrl>#xing</styleUrl><Point><coordinates>-103.661130,30.357130,0</coordinates></Point></Placemark><Placemark><name>Crossing 763836B</name><description><![CDATA[UP · NA · At Grade · Private<br>Reported thru trains: day 5, night 5; max 79 mph<br>Az 96.3°, 67.9 km<br>Outside fan window<br><a href='https://railroads.dot.gov/safety/crossing-safety/crossing-inventory'>FRA crossing inventory</a>]]></description><styleUrl>#xing</styleUrl><Point><coordinates>-103.182110,30.206340,0</coordinates></Point></Placemark><Placemark><name>Crossing 742877X</name><description><![CDATA[UP · CR0115 · At Grade · Public<br>Reported thru trains: day 5, night 5; max 79 mph<br>Az 300.3°, 66.9 km<br>Outside fan window<br><a href='https://railroads.dot.gov/safety/crossing-safety/crossing-inventory'>FRA crossing inventory</a>]]></description><styleUrl>#xing</styleUrl><Point><coordinates>-104.485020,30.577870,0</coordinates></Point></Placemark><Placemark><name>Crossing 742878E</name><description><![CDATA[UP · rm0505 · At Grade · Public<br>Reported thru trains: day 5, night 5; max 79 mph<br>Az 298.2°, 57.4 km<br>Outside fan window<br><a href='https://railroads.dot.gov/safety/crossing-safety/crossing-inventory'>FRA crossing inventory</a>]]></description><styleUrl>#xing</styleUrl><Point><coordinates>-104.410350,30.518810,0</coordinates></Point></Placemark><Placemark><name>Crossing 742871G</name><description><![CDATA[UP · SH0118 · At Grade · Public<br>Reported thru trains: day 6, night 6; max 79 mph<br>Az 67.1°, 23.8 km<br>Outside fan window<br><a href='https://railroads.dot.gov/safety/crossing-safety/crossing-inventory'>FRA crossing inventory</a>]]></description><styleUrl>#xing</styleUrl><Point><coordinates>-103.654330,30.358640,0</coordinates></Point></Placemark><Placemark><name>Crossing 764204W</name><description><![CDATA[UP · PRIVATE · At Grade · Private<br>Reported thru trains: day 5, night 5; max 79 mph<br>Az 292.3°, 2.9 km<br>Outside fan window<br><a href='https://railroads.dot.gov/safety/crossing-safety/crossing-inventory'>FRA crossing inventory</a>]]></description><styleUrl>#xing</styleUrl><Point><coordinates>-103.910420,30.284920,0</coordinates></Point></Placemark><Placemark><name>Crossing 742875J</name><description><![CDATA[UP · PRIVATE · At Grade · Private<br>Reported thru trains: day 5, night 5; max 79 mph<br>Az 299.0°, 60.8 km<br>Outside fan window<br><a href='https://railroads.dot.gov/safety/crossing-safety/crossing-inventory'>FRA crossing inventory</a>]]></description><styleUrl>#xing</styleUrl><Point><coordinates>-104.437320,30.540170,0</coordinates></Point></Placemark><Placemark><name>Crossing 742880F</name><description><![CDATA[UP · PRIVATE · At Grade · Private<br>Reported thru trains: day 5, night 5; max 79 mph<br>Az 302.0°, 77.3 km<br>Outside fan window<br><a href='https://railroads.dot.gov/safety/crossing-safety/crossing-inventory'>FRA crossing inventory</a>]]></description><styleUrl>#xing</styleUrl><Point><coordinates>-104.567190,30.642720,0</coordinates></Point></Placemark><Placemark><name>Crossing 742872N</name><description><![CDATA[UP · PRIVATE · RR Over · Private<br>Reported thru trains: day 0, night 0; max 60 mph<br>Az 97.0°, 53.7 km<br>Outside fan window<br><a href='https://railroads.dot.gov/safety/crossing-safety/crossing-inventory'>FRA crossing inventory</a>]]></description><styleUrl>#xing</styleUrl><Point><coordinates>-103.328700,30.215100,0</coordinates></Point></Placemark><Placemark><name>Crossing 763837H</name><description><![CDATA[UP · PRIVATE · At Grade · Private<br>Reported thru trains: day 5, night 5; max 79 mph<br>Az 95.8°, 75.8 km<br>Outside fan window<br><a href='https://railroads.dot.gov/safety/crossing-safety/crossing-inventory'>FRA crossing inventory</a>]]></description><styleUrl>#xing</styleUrl><Point><coordinates>-103.099630,30.203380,0</coordinates></Point></Placemark><Placemark><name>Crossing 763838P</name><description><![CDATA[UP · PRIVATE · RR Over · Private<br>Reported thru trains: day 0, night 0; max 70 mph<br>Az 97.0°, 56.3 km<br>Outside fan window<br><a href='https://railroads.dot.gov/safety/crossing-safety/crossing-inventory'>FRA crossing inventory</a>]]></description><styleUrl>#xing</styleUrl><Point><coordinates>-103.302830,30.212340,0</coordinates></Point></Placemark><Placemark><name>Crossing 764095V</name><description><![CDATA[UP · PRIVATE · RR Over · Private<br>Reported thru trains: day 0, night 0; max 50 mph<br>Az 91.6°, 44.8 km<br>Outside fan window<br><a href='https://railroads.dot.gov/safety/crossing-safety/crossing-inventory'>FRA crossing inventory</a>]]></description><styleUrl>#xing</styleUrl><Point><coordinates>-103.417540,30.263140,0</coordinates></Point></Placemark><Placemark><name>Crossing 764096C</name><description><![CDATA[UP · PRIVATE · RR Over · Private<br>Reported thru trains: day 0, night 0; max 60 mph<br>Az 89.2°, 42.1 km<br>Outside fan window<br><a href='https://railroads.dot.gov/safety/crossing-safety/crossing-inventory'>FRA crossing inventory</a>]]></description><styleUrl>#xing</styleUrl><Point><coordinates>-103.445060,30.279760,0</coordinates></Point></Placemark><Placemark><name>Crossing 764097J</name><description><![CDATA[UP · PRIVATE · At Grade · Private<br>Reported thru trains: day 5, night 5; max 60 mph<br>Az 95.0°, 48.7 km<br>Outside fan window<br><a href='https://railroads.dot.gov/safety/crossing-safety/crossing-inventory'>FRA crossing inventory</a>]]></description><styleUrl>#xing</styleUrl><Point><coordinates>-103.378410,30.235840,0</coordinates></Point></Placemark><Placemark><name>Crossing 763847N</name><description><![CDATA[UP · PRIVATE · At Grade · Private<br>Reported thru trains: day 5, night 5; max 79 mph<br>Az 61.2°, 16.6 km<br>Outside fan window<br><a href='https://railroads.dot.gov/safety/crossing-safety/crossing-inventory'>FRA crossing inventory</a>]]></description><styleUrl>#xing</styleUrl><Point><coordinates>-103.731930,30.347060,0</coordinates></Point></Placemark><Placemark><name>Crossing 763850W</name><description><![CDATA[UP · NA · At Grade · Private<br>Reported thru trains: day 5, night 5; max 70 mph<br>Az 61.6°, 12.0 km<br>Outside fan window<br><a href='https://railroads.dot.gov/safety/crossing-safety/crossing-inventory'>FRA crossing inventory</a>]]></description><styleUrl>#xing</styleUrl><Point><coordinates>-103.773160,30.326420,0</coordinates></Point></Placemark><Placemark><name>Crossing 764094N</name><description><![CDATA[UP · NA · At Grade · Private<br>Reported thru trains: day 5, night 4; max 79 mph<br>Az 287.4°, 28.6 km<br>Outside fan window<br><a href='https://railroads.dot.gov/safety/crossing-safety/crossing-inventory'>FRA crossing inventory</a>]]></description><styleUrl>#xing</styleUrl><Point><coordinates>-104.166750,30.352160,0</coordinates></Point></Placemark><Placemark><name>Crossing 764203P</name><description><![CDATA[UP · PRIVATE · At Grade · Private<br>Reported thru trains: day 5, night 5; max 75 mph<br>Az 52.7°, 0.2 km<br>Outside fan window<br><a href='https://railroads.dot.gov/safety/crossing-safety/crossing-inventory'>FRA crossing inventory</a>]]></description><styleUrl>#xing</styleUrl><Point><coordinates>-103.881420,30.276020,0</coordinates></Point></Placemark><Placemark><name>Crossing 764196G</name><description><![CDATA[UP · NA · At Grade · Private<br>Reported thru trains: day 5, night 5; max 79 mph<br>Az 82.7°, 40.4 km<br>Outside fan window<br><a href='https://railroads.dot.gov/safety/crossing-safety/crossing-inventory'>FRA crossing inventory</a>]]></description><styleUrl>#xing</styleUrl><Point><coordinates>-103.465960,30.320590,0</coordinates></Point></Placemark><Placemark><name>Crossing 764205D</name><description><![CDATA[UP · PRIVATE · At Grade · Private<br>Reported thru trains: day 5, night 5; max 79 mph<br>Az 289.7°, 4.2 km<br>Outside fan window<br><a href='https://railroads.dot.gov/safety/crossing-safety/crossing-inventory'>FRA crossing inventory</a>]]></description><styleUrl>#xing</styleUrl><Point><coordinates>-103.923710,30.287830,0</coordinates></Point></Placemark><Placemark><name>Crossing 764206K</name><description><![CDATA[UP · PRIVATE · At Grade · Private<br>Reported thru trains: day 5, night 5; max 79 mph<br>Az 287.7°, 6.5 km<br>Outside fan window<br><a href='https://railroads.dot.gov/safety/crossing-safety/crossing-inventory'>FRA crossing inventory</a>]]></description><styleUrl>#xing</styleUrl><Point><coordinates>-103.947540,30.293030,0</coordinates></Point></Placemark><Placemark><name>Crossing 764213V</name><description><![CDATA[UP · PRIVATE · At Grade · Private<br>Reported thru trains: day 5, night 5; max 50 mph<br>Az 285.3°, 22.4 km<br>Outside fan window<br><a href='https://railroads.dot.gov/safety/crossing-safety/crossing-inventory'>FRA crossing inventory</a>]]></description><styleUrl>#xing</styleUrl><Point><coordinates>-104.107640,30.328300,0</coordinates></Point></Placemark><Placemark><name>Crossing 764214C</name><description><![CDATA[UP · PRIVATE · At Grade · Private<br>Reported thru trains: day 5, night 5; max 79 mph<br>Az 287.3°, 28.0 km<br>Outside fan window<br><a href='https://railroads.dot.gov/safety/crossing-safety/crossing-inventory'>FRA crossing inventory</a>]]></description><styleUrl>#xing</styleUrl><Point><coordinates>-104.161090,30.349910,0</coordinates></Point></Placemark><Placemark><name>Crossing 764215J</name><description><![CDATA[UP · PRIVATE · At Grade · Private<br>Reported thru trains: day 5, night 5; max 79 mph<br>Az 289.7°, 36.9 km<br>Outside fan window<br><a href='https://railroads.dot.gov/safety/crossing-safety/crossing-inventory'>FRA crossing inventory</a>]]></description><styleUrl>#xing</styleUrl><Point><coordinates>-104.244210,30.386850,0</coordinates></Point></Placemark><Placemark><name>Crossing 764216R</name><description><![CDATA[UP · PRIVATE · At Grade · Private<br>Reported thru trains: day 5, night 5; max 79 mph<br>Az 293.6°, 44.1 km<br>Outside fan window<br><a href='https://railroads.dot.gov/safety/crossing-safety/crossing-inventory'>FRA crossing inventory</a>]]></description><styleUrl>#xing</styleUrl><Point><coordinates>-104.303240,30.433750,0</coordinates></Point></Placemark><Placemark><name>Crossing 764197N</name><description><![CDATA[UP · PRIVATE · At Grade · Private<br>Reported thru trains: day 5, night 4; max 50 mph<br>Az 69.3°, 33.4 km<br>Outside fan window<br><a href='https://railroads.dot.gov/safety/crossing-safety/crossing-inventory'>FRA crossing inventory</a>]]></description><styleUrl>#xing</styleUrl><Point><coordinates>-103.557310,30.381160,0</coordinates></Point></Placemark><Placemark><name>Crossing 764202H</name><description><![CDATA[UP · PRIVATE · At Grade · Private<br>Reported thru trains: day 5, night 5; max 50 mph<br>Az 85.4°, 6.8 km<br>Outside fan window<br><a href='https://railroads.dot.gov/safety/crossing-safety/crossing-inventory'>FRA crossing inventory</a>]]></description><styleUrl>#xing</styleUrl><Point><coordinates>-103.812120,30.280080,0</coordinates></Point></Placemark><Placemark><name>Crossing 764195A</name><description><![CDATA[UP · PRIVATE · At Grade · Private<br>Reported thru trains: day 5, night 5; max 79 mph<br>Az 85.4°, 40.9 km<br>Outside fan window<br><a href='https://railroads.dot.gov/safety/crossing-safety/crossing-inventory'>FRA crossing inventory</a>]]></description><styleUrl>#xing</styleUrl><Point><coordinates>-103.458640,30.304330,0</coordinates></Point></Placemark><Placemark><name>Crossing 019002W</name><description><![CDATA[TXPF · US0067 · At Grade · Public<br>Reported thru trains: day 1, night 1; max 10 mph<br>Az 55.8°, 72.2 km<br>Outside fan window<br><a href='https://railroads.dot.gov/safety/crossing-safety/crossing-inventory'>FRA crossing inventory</a>]]></description><styleUrl>#xing</styleUrl><Point><coordinates>-103.259760,30.639630,0</coordinates></Point></Placemark><Placemark><name>Crossing 764209F</name><description><![CDATA[UP · SH0017 · At Grade · Public<br>Reported thru trains: day 5, night 5; max 60 mph<br>Az 286.6°, 13.9 km<br>Outside fan window<br><a href='https://railroads.dot.gov/safety/crossing-safety/crossing-inventory'>FRA crossing inventory</a>]]></description><styleUrl>#xing</styleUrl><Point><coordinates>-104.021120,30.310800,0</coordinates></Point></Placemark><Placemark><name>Crossing 764210A</name><description><![CDATA[UP · lS0000 · At Grade · Public<br>Reported thru trains: day 5, night 5; max 60 mph<br>Az 286.3°, 14.0 km<br>Outside fan window<br><a href='https://railroads.dot.gov/safety/crossing-safety/crossing-inventory'>FRA crossing inventory</a>]]></description><styleUrl>#xing</styleUrl><Point><coordinates>-104.022570,30.310410,0</coordinates></Point></Placemark><Placemark><name>Crossing 764211G</name><description><![CDATA[UP · lS0000 · At Grade · Public<br>Reported thru trains: day 5, night 5; max 60 mph<br>Az 285.0°, 14.5 km<br>Outside fan window<br><a href='https://railroads.dot.gov/safety/crossing-safety/crossing-inventory'>FRA crossing inventory</a>]]></description><styleUrl>#xing</styleUrl><Point><coordinates>-104.028580,30.308820,0</coordinates></Point></Placemark><Placemark><name>Crossing 764208Y</name><description><![CDATA[UP · lS0000 · At Grade · Public<br>Reported thru trains: day 5, night 5; max 60 mph<br>Az 287.2°, 13.7 km<br>Outside fan window<br><a href='https://railroads.dot.gov/safety/crossing-safety/crossing-inventory'>FRA crossing inventory</a>]]></description><styleUrl>#xing</styleUrl><Point><coordinates>-104.018630,30.311460,0</coordinates></Point></Placemark><Placemark><name>Crossing 920454N</name><description><![CDATA[UP · LS0000 · At Grade · Public<br>Reported thru trains: day 5, night 5; max 70 mph<br>Az 96.9°, 61.0 km<br>Outside fan window<br><a href='https://railroads.dot.gov/safety/crossing-safety/crossing-inventory'>FRA crossing inventory</a>]]></description><styleUrl>#xing</styleUrl><Point><coordinates>-103.254170,30.207510,0</coordinates></Point></Placemark></Folder>
<Folder><name>Transmission lines ≥69 kV (13)</name><Placemark><name>69 kV TAP303636 – BARILLA JUNCTION</name><description><![CDATA[ID 301044; IN SERVICE; owner NOT AVAILABLE<br>Outside fan window (nearest 36.7 km)]]></description><styleUrl>#tl</styleUrl><MultiGeometry><LineString><tessellate>1</tessellate><coordinates>-103.365330,30.947290,0 -103.368990,30.897490,0 -103.373040,30.837780,0 -103.375500,30.793570,0 -103.367610,30.744790,0 -103.373020,30.606480,0 -103.402930,30.562330,0 -103.465710,30.473480,0 -103.524780,30.389500,0</coordinates></LineString></MultiGeometry></Placemark><Placemark><name>69 kV FORT DAVIS – NOT AVAILABLE</name><description><![CDATA[ID 301923; IN SERVICE; owner AEP TEXAS NORTH CO.<br>Outside fan window (nearest 17.3 km)]]></description><styleUrl>#tl</styleUrl><MultiGeometry><LineString><tessellate>1</tessellate><coordinates>-103.963770,30.414550,0 -103.958620,30.424810,0 -103.957300,30.430790,0 -103.951460,30.460000,0 -103.921300,30.537230,0 -103.916000,30.550460,0 -103.900160,30.576630,0 -103.899150,30.580210,0 -103.898540,30.585220,0</coordinates></LineString></MultiGeometry></Placemark><Placemark><name>69 kV MARFA ALAMITO CREEK – NOT AVAILABLE</name><description><![CDATA[ID 302090; IN SERVICE; owner AEP TEXAS NORTH CO.<br><b>In fan window</b>: az 246.2–276.9°, 0.1–1.0 km<br><b style='color:#c00'>IN FRONT OF US-67</b> at az 246.2–276.9°, 0.1–1.0 km]]></description><styleUrl>#tl</styleUrl><MultiGeometry><LineString><tessellate>1</tessellate><coordinates>-103.663190,30.355660,0 -103.664300,30.355100,0 -103.667640,30.354110,0 -103.667850,30.354580,0 -103.675380,30.352350,0 -103.683660,30.350200,0 -103.688290,30.348100,0 -103.690010,30.350830,0 -103.690630,30.351000,0 -103.697100,30.348090,0 -103.699610,30.347330,0 -103.714670,30.344190,0 -103.719950,30.341590,0 -103.725810,30.339270,0 -103.733590,30.330140,0 -103.744000,30.322740,0 -103.744580,30.320940,0 -103.768540,30.305300,0 -103.777410,30.294500,0 -103.786600,30.282920,0 -103.808270,30.268460,0 -103.818110,30.266420,0 -103.891660,30.275900,0 -103.896310,30.276760,0 -103.974730,30.293970,0 -103.998420,30.301720,0 -104.011690,30.310640,0 -104.012220,30.312220,0 -104.013760,30.312240,0 -104.015910,30.311660,0 -104.016940,30.312290,0</coordinates></LineString></MultiGeometry></Placemark><Placemark><name>? kV GONZALES – NOT AVAILABLE</name><description><![CDATA[ID 302222; IN SERVICE; owner NOT AVAILABLE<br>Outside fan window (nearest 87.2 km)]]></description><styleUrl>#tl</styleUrl><MultiGeometry><LineString><tessellate>1</tessellate><coordinates>-104.330380,29.591490,0 -104.334450,29.592870,0</coordinates></LineString></MultiGeometry></Placemark><Placemark><name>69 kV MARFA ALAMITO CREEK – NOT AVAILABLE</name><description><![CDATA[ID 304711; IN SERVICE; owner AEP TEXAS NORTH CO.<br>Outside fan window (nearest 3.1 km)]]></description><styleUrl>#tl</styleUrl><MultiGeometry><LineString><tessellate>1</tessellate><coordinates>-103.663190,30.355660,0 -103.663260,30.353900,0 -103.694200,30.344680,0 -103.733770,30.348050,0 -103.741300,30.344540,0 -103.752340,30.339030,0 -103.753510,30.336370,0 -103.758120,30.333500,0 -103.784160,30.318330,0 -103.786700,30.317380,0 -103.789900,30.314980,0 -103.823140,30.295310,0 -104.001430,30.318360,0 -104.008260,30.316560,0 -104.008250,30.316170,0 -104.008870,30.316360,0</coordinates></LineString></MultiGeometry></Placemark><Placemark><name>138 kV MARFA ALAMITO CREEK – BARILLA JUNCTION</name><description><![CDATA[ID 305291; IN SERVICE; owner NOT AVAILABLE<br>Outside fan window (nearest 12.9 km)]]></description><styleUrl>#tl</styleUrl><MultiGeometry><LineString><tessellate>1</tessellate><coordinates>-103.365330,30.947290,0 -103.372410,30.930870,0 -103.382340,30.909380,0 -103.399620,30.876220,0 -103.417940,30.839180,0 -103.399850,30.775340,0 -103.407910,30.606740,0 -103.452560,30.589260,0 -103.468530,30.582330,0 -103.486590,30.571370,0 -103.499660,30.559400,0 -103.514650,30.549380,0 -103.562580,30.521740,0 -103.580480,30.512310,0 -103.686050,30.502430,0 -103.724970,30.488960,0 -103.753120,30.477360,0 -103.768600,30.472860,0 -103.780100,30.474340,0 -103.794670,30.474480,0 -103.802520,30.470610,0 -103.839350,30.440020,0 -103.861180,30.422580,0 -103.879000,30.413700,0 -103.901210,30.408760,0 -103.955310,30.386320,0 -103.976950,30.373500,0 -104.008870,30.316360,0</coordinates></LineString></MultiGeometry></Placemark><Placemark><name>69 kV PRESIDIO – MARFA ALAMITO CREEK</name><description><![CDATA[ID 307148; IN SERVICE; owner NOT AVAILABLE<br><b>In fan window</b>: az 229.0–277.2°, 13.5–37.8 km<br><b style='color:#c00'>IN FRONT OF US-67</b> at az 229.0–277.2°, 13.5–37.8 km]]></description><styleUrl>#tl</styleUrl><MultiGeometry><LineString><tessellate>1</tessellate><coordinates>-104.008870,30.316360,0 -104.008390,30.310060,0 -104.014030,30.306450,0 -104.017260,30.301700,0 -104.019200,30.296430,0 -104.019860,30.294170,0 -104.021020,30.291830,0 -104.023690,30.287330,0 -104.024650,30.284490,0 -104.027140,30.279440,0 -104.029040,30.275660,0 -104.031930,30.270640,0 -104.033260,30.266830,0 -104.087870,30.155910,0 -104.103750,30.138300,0 -104.115410,30.125770,0 -104.148530,30.088890,0 -104.163850,30.071340,0 -104.177130,30.053010,0 -104.194210,30.027860,0 -104.203780,30.008270,0 -104.222410,29.966580,0 -104.262980,29.942310,0 -104.275590,29.919290,0 -104.278690,29.889940,0 -104.280250,29.876800,0 -104.284110,29.874720,0 -104.286910,29.870310,0 -104.291550,29.865060,0 -104.292450,29.858150,0 -104.290470,29.852420,0 -104.290120,29.848520,0 -104.293690,29.847410,0 -104.304650,29.847070,0 -104.307160,29.843010,0 -104.309120,29.841670,0 -104.309000,29.838410,0 -104.315180,29.829890,0 -104.319140,29.826070,0 -104.323310,29.822690,0 -104.324650,29.821910,0 -104.327800,29.822670,0 -104.331200,29.814370,0 -104.332600,29.814060,0 -104.336110,29.811820,0 -104.336440,29.808180,0 -104.333470,29.804920,0 -104.337680,29.786470,0 -104.344130,29.775400,0 -104.349750,29.761600,0 -104.348670,29.760670,0 -104.350000,29.756330,0 -104.351600,29.738030,0 -104.349480,29.719970,0 -104.350910,29.695100,0 -104.355210,29.660910,0 -104.356120,29.566310,0 -104.355840,29.566230,0</coordinates></LineString></MultiGeometry></Placemark><Placemark><name>69 kV GONZALES – PRESIDIO</name><description><![CDATA[ID 308926; IN SERVICE; owner AEP TEXAS NORTH CO.<br>Outside fan window (nearest 87.3 km)]]></description><styleUrl>#tl</styleUrl><MultiGeometry><LineString><tessellate>1</tessellate><coordinates>-104.334450,29.592870,0 -104.334350,29.592590,0 -104.334560,29.592300,0 -104.340820,29.586620,0 -104.351100,29.576740,0 -104.355720,29.572600,0 -104.355840,29.566230,0</coordinates></LineString></MultiGeometry></Placemark><Placemark><name>69 kV NOT AVAILABLE – NOT AVAILABLE</name><description><![CDATA[ID 310103; IN SERVICE; owner NOT AVAILABLE<br>Outside fan window (nearest 22.9 km)]]></description><styleUrl>#tl</styleUrl><MultiGeometry><LineString><tessellate>1</tessellate><coordinates>-103.068110,30.759640,0 -103.136170,30.716870,0 -103.250700,30.645870,0 -103.260450,30.632420,0 -103.278690,30.616750,0 -103.321290,30.589090,0 -103.420220,30.506870,0 -103.461110,30.489030,0 -103.527290,30.460560,0 -103.585960,30.432640,0 -103.636130,30.406490,0 -103.672450,30.374130,0 -103.662340,30.356340,0 -103.663190,30.355660,0</coordinates></LineString></MultiGeometry></Placemark><Placemark><name>69 kV PERSIMMON GAP – TAP303636</name><description><![CDATA[ID 310584; IN SERVICE; owner NOT AVAILABLE<br>Outside fan window (nearest 36.7 km)]]></description><styleUrl>#tl</styleUrl><MultiGeometry><LineString><tessellate>1</tessellate><coordinates>-103.524780,30.389500,0 -103.524180,30.388500,0 -103.521190,30.386370,0 -103.481080,30.352760,0 -103.445140,30.285160,0 -103.418780,30.095670,0 -103.413790,30.081920,0 -103.376240,30.033060,0 -103.238020,29.846320,0 -103.160990,29.756540,0 -103.133180,29.725710,0 -103.117460,29.711940,0</coordinates></LineString></MultiGeometry></Placemark><Placemark><name>69 kV TAP303636 – NOT AVAILABLE</name><description><![CDATA[ID 311133; IN SERVICE; owner AEP TEXAS NORTH CO.<br>Outside fan window (nearest 22.9 km)]]></description><styleUrl>#tl</styleUrl><MultiGeometry><LineString><tessellate>1</tessellate><coordinates>-103.524780,30.389500,0 -103.525420,30.389400,0 -103.534270,30.378850,0 -103.584150,30.391090,0 -103.617960,30.373570,0 -103.632150,30.361550,0 -103.640960,30.359140,0 -103.653640,30.356630,0 -103.656730,30.355860,0 -103.662690,30.354060,0 -103.663190,30.355660,0</coordinates></LineString></MultiGeometry></Placemark><Placemark><name>69 kV MARFA ALAMITO CREEK – MARFA ALAMITO CREEK</name><description><![CDATA[ID 313732; IN SERVICE; owner AEP TEXAS NORTH CO.<br>Outside fan window (nearest 13.0 km)]]></description><styleUrl>#tl</styleUrl><MultiGeometry><LineString><tessellate>1</tessellate><coordinates>-104.008870,30.316360,0 -104.017420,30.314130,0 -104.016820,30.312510,0 -104.016940,30.312290,0</coordinates></LineString></MultiGeometry></Placemark><Placemark><name>69 kV MARFA ALAMITO CREEK – NOT AVAILABLE</name><description><![CDATA[ID 308504; IN SERVICE; owner AEP TEXAS NORTH CO.<br>Outside fan window (nearest 13.0 km)]]></description><styleUrl>#tl</styleUrl><MultiGeometry><LineString><tessellate>1</tessellate><coordinates>-103.963770,30.414550,0 -104.008870,30.316360,0</coordinates></LineString></MultiGeometry></Placemark></Folder>
<Folder><name>Cellular sites (FCC ULS) (9)</name><Placemark><name>Cell site KNKN335 (Alpine)</name><description><![CDATA[ALLTEL Corporation<br>6.4 miles East of Alpine<br>no ASR number listed<br>Structure height ? m<br>Az 73.5°, 33.2 km<br>Outside fan window]]></description><styleUrl>#cell</styleUrl><Point><coordinates>-103.551580,30.359610,0</coordinates></Point></Placemark><Placemark><name>Cell site KNKN335 (Marfa)</name><description><![CDATA[ALLTEL Corporation<br>Highest Peak of Lienega Mountains Approx. 38 miles SW of<br>no ASR number listed<br>Structure height 76 m<br>Az 205.6°, 62.2 km<br>Outside fan window]]></description><styleUrl>#cell</styleUrl><Point><coordinates>-104.160750,29.768780,0</coordinates></Point></Placemark><Placemark><name>Cell site KNKN335 (ALPINE)</name><description><![CDATA[ALLTEL Corporation<br>ATOP BROWN MOUNTAIN; 32 MILES NW OF<br>no ASR number listed<br>Structure height ? m<br>Az 320.0°, 41.8 km<br>Outside fan window]]></description><styleUrl>#cell</styleUrl><Point><coordinates>-104.162970,30.563750,0</coordinates></Point></Placemark><Placemark><name>Cell site KNKN335 (Marathon)</name><description><![CDATA[ALLTEL Corporation<br>(Marathon) 24416 US Hwy 90<br>ASR 1241178 (<a href='https://wireless2.fcc.gov/UlsApp/AsrSearch/asrRegistration.jsp?regKey=1241178'>FCC</a>)<br>Structure height 106.1 m<br>Az 96.8°, 64.7 km<br>Outside fan window]]></description><styleUrl>#cell</styleUrl><Point><coordinates>-103.216060,30.204560,0</coordinates></Point></Placemark><Placemark><name>Cell site KNKN728 (Marfa)</name><description><![CDATA[AT&T Mobility Spectrum, LLC<br>210 CELL TOWER ROAD (77898)<br>ASR 1053335 (<a href='https://wireless2.fcc.gov/UlsApp/AsrSearch/asrRegistration.jsp?regKey=1053335'>FCC</a>)<br>Structure height 84.7 m<br>Az 284.2°, 18.9 km<br>Outside fan window]]></description><styleUrl>#cell</styleUrl><Point><coordinates>-104.073330,30.316780,0</coordinates></Point></Placemark><Placemark><name>Cell site KNKN728 (Valentine)</name><description><![CDATA[AT&T Mobility Spectrum, LLC<br>15091 US Hwy 90 (77902)<br>ASR 1240972 (<a href='https://wireless2.fcc.gov/UlsApp/AsrSearch/asrRegistration.jsp?regKey=1240972'>FCC</a>)<br>Structure height 106.1 m<br>Az 300.4°, 67.0 km<br>Outside fan window]]></description><styleUrl>#cell</styleUrl><Point><coordinates>-104.484810,30.579360,0</coordinates></Point></Placemark><Placemark><name>Cell site KNKN728 (Alpine)</name><description><![CDATA[AT&T Mobility Spectrum, LLC<br>43602 Hwy 118 (87941)<br>ASR 1212973 (<a href='https://wireless2.fcc.gov/UlsApp/AsrSearch/asrRegistration.jsp?regKey=1212973'>FCC</a>)<br>Structure height 151.5 m<br>Az 1.5°, 32.9 km<br>Outside fan window]]></description><styleUrl>#cell</styleUrl><Point><coordinates>-103.873810,30.571640,0</coordinates></Point></Placemark><Placemark><name>Cell site KNKN728 (Fort Davis)</name><description><![CDATA[AT&T Mobility Spectrum, LLC<br>41926 State Highway 17 (156738)<br>ASR 1291001 (<a href='https://wireless2.fcc.gov/UlsApp/AsrSearch/asrRegistration.jsp?regKey=1291001'>FCC</a>)<br>Structure height 96 m<br>Az 11.4°, 50.9 km<br>Outside fan window]]></description><styleUrl>#cell</styleUrl><Point><coordinates>-103.778250,30.724860,0</coordinates></Point></Placemark><Placemark><name>Cell site KNKN728 (Alpine)</name><description><![CDATA[AT&T Mobility Spectrum, LLC<br>90098 US Hwy 90 (128638)<br>ASR 1291197 (<a href='https://wireless2.fcc.gov/UlsApp/AsrSearch/asrRegistration.jsp?regKey=1291197'>FCC</a>)<br>Structure height 60.7 m<br>Az 73.5°, 33.3 km<br>Outside fan window]]></description><styleUrl>#cell</styleUrl><Point><coordinates>-103.550750,30.360110,0</coordinates></Point></Placemark></Folder>
<Folder><name>Power plants (EIA) (2)</name><Placemark><name>SolaireHolman Solar Project</name><description><![CDATA[Solar Photovoltaic, 50 MW (SolaireHolman 1, LLC)<br>EIA plant 60989<br>Az 62.9°, 44.0 km<br>Outside fan window]]></description><styleUrl>#plant</styleUrl><Point><coordinates>-103.474700,30.455120,0</coordinates></Point></Placemark><Placemark><name>House Mountain</name><description><![CDATA[Batteries, 63 MW (House Mountain)<br>EIA plant 66006<br>Az 59.4°, 48.2 km<br>Outside fan window]]></description><styleUrl>#plant</styleUrl><Point><coordinates>-103.450960,30.495670,0</coordinates></Point></Placemark></Folder>
</Document></kml>