<?xml version="1.0" encoding="UTF-8"?>
<kml xmlns="http://www.opengis.net/kml/2.2">
<Document>
<name>Marfa ray fan (0.5° steps)</name>
<description><![CDATA[Geodesic sight-line fan from the Marfa Lights Viewing Area to US-67.
118 rays, azimuth 218.99° to 277.28° (true), step 0.5°.
Generated from Investigation_Marfa.kml. Geometry only — no terrain occlusion applied yet.]]></description>
<Style id="viewer"><IconStyle><scale>1.3</scale><color>ff007cf5</color>
<Icon><href>http://maps.google.com/mapfiles/kml/shapes/star.png</href></Icon></IconStyle></Style>
<Style id="hp"><IconStyle><scale>1.3</scale><color>ffa21f7b</color>
<Icon><href>http://maps.google.com/mapfiles/kml/shapes/triangle.png</href></Icon></IconStyle></Style>
<Style id="hit"><IconStyle><scale>0.5</scale><color>ff00ffff</color>
<Icon><href>http://maps.google.com/mapfiles/kml/shapes/shaded_dot.png</href></Icon></IconStyle>
<LabelStyle><scale>0</scale></LabelStyle></Style>
<Style id="hwy"><LineStyle><color>ff2dc0fb</color><width>4</width></LineStyle></Style>
<Style id="bound"><LineStyle><color>ffffffff</color><width>2.5</width></LineStyle></Style>
<Style id="ray0"><LineStyle><color>ffd26e28</color><width>1.5</width></LineStyle></Style><Style id="ray1"><LineStyle><color>ffd06e29</color><width>1.5</width></LineStyle></Style><Style id="ray2"><LineStyle><color>ffce6e2b</color><width>1.5</width></LineStyle></Style><Style id="ray3"><LineStyle><color>ffcc6e2d</color><width>1.5</width></LineStyle></Style><Style id="ray4"><LineStyle><color>ffca6e2f</color><width>1.5</width></LineStyle></Style><Style id="ray5"><LineStyle><color>ffc96e30</color><width>1.5</width></LineStyle></Style><Style id="ray6"><LineStyle><color>ffc76e32</color><width>1.5</width></LineStyle></Style><Style id="ray7"><LineStyle><color>ffc56e34</color><width>1.5</width></LineStyle></Style><Style id="ray8"><LineStyle><color>ffc36e36</color><width>1.5</width></LineStyle></Style><Style id="ray9"><LineStyle><color>ffc16f37</color><width>1.5</width></LineStyle></Style><Style id="ray10"><LineStyle><color>ffc06f39</color><width>1.5</width></LineStyle></Style><Style id="ray11"><LineStyle><color>ffbe6f3b</color><width>1.5</width></LineStyle></Style><Style id="ray12"><LineStyle><color>ffbc6f3d</color><width>1.5</width></LineStyle></Style><Style id="ray13"><LineStyle><color>ffba6f3e</color><width>1.5</width></LineStyle></Style><Style id="ray14"><LineStyle><color>ffb86f40</color><width>1.5</width></LineStyle></Style><Style id="ray15"><LineStyle><color>ffb76f42</color><width>1.5</width></LineStyle></Style><Style id="ray16"><LineStyle><color>ffb56f44</color><width>1.5</width></LineStyle></Style><Style id="ray17"><LineStyle><color>ffb37045</color><width>1.5</width></LineStyle></Style><Style id="ray18"><LineStyle><color>ffb17047</color><width>1.5</width></LineStyle></Style><Style id="ray19"><LineStyle><color>ffaf7049</color><width>1.5</width></LineStyle></Style><Style id="ray20"><LineStyle><color>ffae704b</color><width>1.5</width></LineStyle></Style><Style id="ray21"><LineStyle><color>ffac704c</color><width>1.5</width></LineStyle></Style><Style id="ray22"><LineStyle><color>ffaa704e</color><width>1.5</width></LineStyle></Style><Style id="ray23"><LineStyle><color>ffa87050</color><width>1.5</width></LineStyle></Style><Style id="ray24"><LineStyle><color>ffa67052</color><width>1.5</width></LineStyle></Style><Style id="ray25"><LineStyle><color>ffa57053</color><width>1.5</width></LineStyle></Style><Style id="ray26"><LineStyle><color>ffa37155</color><width>1.5</width></LineStyle></Style><Style id="ray27"><LineStyle><color>ffa17157</color><width>1.5</width></LineStyle></Style><Style id="ray28"><LineStyle><color>ff9f7159</color><width>1.5</width></LineStyle></Style><Style id="ray29"><LineStyle><color>ff9d715a</color><width>1.5</width></LineStyle></Style><Style id="ray30"><LineStyle><color>ff9c715c</color><width>1.5</width></LineStyle></Style><Style id="ray31"><LineStyle><color>ff9a715e</color><width>1.5</width></LineStyle></Style><Style id="ray32"><LineStyle><color>ff987160</color><width>1.5</width></LineStyle></Style><Style id="ray33"><LineStyle><color>ff967161</color><width>1.5</width></LineStyle></Style><Style id="ray34"><LineStyle><color>ff947263</color><width>1.5</width></LineStyle></Style><Style id="ray35"><LineStyle><color>ff937265</color><width>1.5</width></LineStyle></Style><Style id="ray36"><LineStyle><color>ff917267</color><width>1.5</width></LineStyle></Style><Style id="ray37"><LineStyle><color>ff8f7268</color><width>1.5</width></LineStyle></Style><Style id="ray38"><LineStyle><color>ff8d726a</color><width>1.5</width></LineStyle></Style><Style id="ray39"><LineStyle><color>ff8c726c</color><width>1.5</width></LineStyle></Style><Style id="ray40"><LineStyle><color>ff8a726e</color><width>1.5</width></LineStyle></Style><Style id="ray41"><LineStyle><color>ff88726f</color><width>1.5</width></LineStyle></Style><Style id="ray42"><LineStyle><color>ff867371</color><width>1.5</width></LineStyle></Style><Style id="ray43"><LineStyle><color>ff847373</color><width>1.5</width></LineStyle></Style><Style id="ray44"><LineStyle><color>ff837375</color><width>1.5</width></LineStyle></Style><Style id="ray45"><LineStyle><color>ff817376</color><width>1.5</width></LineStyle></Style><Style id="ray46"><LineStyle><color>ff7f7378</color><width>1.5</width></LineStyle></Style><Style id="ray47"><LineStyle><color>ff7d737a</color><width>1.5</width></LineStyle></Style><Style id="ray48"><LineStyle><color>ff7b737c</color><width>1.5</width></LineStyle></Style><Style id="ray49"><LineStyle><color>ff7a737d</color><width>1.5</width></LineStyle></Style><Style id="ray50"><LineStyle><color>ff78737f</color><width>1.5</width></LineStyle></Style><Style id="ray51"><LineStyle><color>ff767481</color><width>1.5</width></LineStyle></Style><Style id="ray52"><LineStyle><color>ff747483</color><width>1.5</width></LineStyle></Style><Style id="ray53"><LineStyle><color>ff727484</color><width>1.5</width></LineStyle></Style><Style id="ray54"><LineStyle><color>ff717486</color><width>1.5</width></LineStyle></Style><Style id="ray55"><LineStyle><color>ff6f7488</color><width>1.5</width></LineStyle></Style><Style id="ray56"><LineStyle><color>ff6d748a</color><width>1.5</width></LineStyle></Style><Style id="ray57"><LineStyle><color>ff6b748b</color><width>1.5</width></LineStyle></Style><Style id="ray58"><LineStyle><color>ff69748d</color><width>1.5</width></LineStyle></Style><Style id="ray59"><LineStyle><color>ff68758f</color><width>1.5</width></LineStyle></Style><Style id="ray60"><LineStyle><color>ff667591</color><width>1.5</width></LineStyle></Style><Style id="ray61"><LineStyle><color>ff647592</color><width>1.5</width></LineStyle></Style><Style id="ray62"><LineStyle><color>ff627594</color><width>1.5</width></LineStyle></Style><Style id="ray63"><LineStyle><color>ff607596</color><width>1.5</width></LineStyle></Style><Style id="ray64"><LineStyle><color>ff5f7598</color><width>1.5</width></LineStyle></Style><Style id="ray65"><LineStyle><color>ff5d7599</color><width>1.5</width></LineStyle></Style><Style id="ray66"><LineStyle><color>ff5b759b</color><width>1.5</width></LineStyle></Style><Style id="ray67"><LineStyle><color>ff59769d</color><width>1.5</width></LineStyle></Style><Style id="ray68"><LineStyle><color>ff57769f</color><width>1.5</width></LineStyle></Style><Style id="ray69"><LineStyle><color>ff5676a0</color><width>1.5</width></LineStyle></Style><Style id="ray70"><LineStyle><color>ff5476a2</color><width>1.5</width></LineStyle></Style><Style id="ray71"><LineStyle><color>ff5276a4</color><width>1.5</width></LineStyle></Style><Style id="ray72"><LineStyle><color>ff5076a6</color><width>1.5</width></LineStyle></Style><Style id="ray73"><LineStyle><color>ff4e76a7</color><width>1.5</width></LineStyle></Style><Style id="ray74"><LineStyle><color>ff4d76a9</color><width>1.5</width></LineStyle></Style><Style id="ray75"><LineStyle><color>ff4b76ab</color><width>1.5</width></LineStyle></Style><Style id="ray76"><LineStyle><color>ff4977ad</color><width>1.5</width></LineStyle></Style><Style id="ray77"><LineStyle><color>ff4777ae</color><width>1.5</width></LineStyle></Style><Style id="ray78"><LineStyle><color>ff4677b0</color><width>1.5</width></LineStyle></Style><Style id="ray79"><LineStyle><color>ff4477b2</color><width>1.5</width></LineStyle></Style><Style id="ray80"><LineStyle><color>ff4277b4</color><width>1.5</width></LineStyle></Style><Style id="ray81"><LineStyle><color>ff4077b5</color><width>1.5</width></LineStyle></Style><Style id="ray82"><LineStyle><color>ff3e77b7</color><width>1.5</width></LineStyle></Style><Style id="ray83"><LineStyle><color>ff3d77b9</color><width>1.5</width></LineStyle></Style><Style id="ray84"><LineStyle><color>ff3b78bb</color><width>1.5</width></LineStyle></Style><Style id="ray85"><LineStyle><color>ff3978bc</color><width>1.5</width></LineStyle></Style><Style id="ray86"><LineStyle><color>ff3778be</color><width>1.5</width></LineStyle></Style><Style id="ray87"><LineStyle><color>ff3578c0</color><width>1.5</width></LineStyle></Style><Style id="ray88"><LineStyle><color>ff3478c2</color><width>1.5</width></LineStyle></Style><Style id="ray89"><LineStyle><color>ff3278c3</color><width>1.5</width></LineStyle></Style><Style id="ray90"><LineStyle><color>ff3078c5</color><width>1.5</width></LineStyle></Style><Style id="ray91"><LineStyle><color>ff2e78c7</color><width>1.5</width></LineStyle></Style><Style id="ray92"><LineStyle><color>ff2c79c9</color><width>1.5</width></LineStyle></Style><Style id="ray93"><LineStyle><color>ff2b79ca</color><width>1.5</width></LineStyle></Style><Style id="ray94"><LineStyle><color>ff2979cc</color><width>1.5</width></LineStyle></Style><Style id="ray95"><LineStyle><color>ff2779ce</color><width>1.5</width></LineStyle></Style><Style id="ray96"><LineStyle><color>ff2579d0</color><width>1.5</width></LineStyle></Style><Style id="ray97"><LineStyle><color>ff2379d1</color><width>1.5</width></LineStyle></Style><Style id="ray98"><LineStyle><color>ff2279d3</color><width>1.5</width></LineStyle></Style><Style id="ray99"><LineStyle><color>ff2079d5</color><width>1.5</width></LineStyle></Style><Style id="ray100"><LineStyle><color>ff1e79d7</color><width>1.5</width></LineStyle></Style><Style id="ray101"><LineStyle><color>ff1c7ad8</color><width>1.5</width></LineStyle></Style><Style id="ray102"><LineStyle><color>ff1a7ada</color><width>1.5</width></LineStyle></Style><Style id="ray103"><LineStyle><color>ff197adc</color><width>1.5</width></LineStyle></Style><Style id="ray104"><LineStyle><color>ff177ade</color><width>1.5</width></LineStyle></Style><Style id="ray105"><LineStyle><color>ff157adf</color><width>1.5</width></LineStyle></Style><Style id="ray106"><LineStyle><color>ff137ae1</color><width>1.5</width></LineStyle></Style><Style id="ray107"><LineStyle><color>ff117ae3</color><width>1.5</width></LineStyle></Style><Style id="ray108"><LineStyle><color>ff107ae5</color><width>1.5</width></LineStyle></Style><Style id="ray109"><LineStyle><color>ff0e7be6</color><width>1.5</width></LineStyle></Style><Style id="ray110"><LineStyle><color>ff0c7be8</color><width>1.5</width></LineStyle></Style><Style id="ray111"><LineStyle><color>ff0a7bea</color><width>1.5</width></LineStyle></Style><Style id="ray112"><LineStyle><color>ff087bec</color><width>1.5</width></LineStyle></Style><Style id="ray113"><LineStyle><color>ff077bed</color><width>1.5</width></LineStyle></Style><Style id="ray114"><LineStyle><color>ff057bef</color><width>1.5</width></LineStyle></Style><Style id="ray115"><LineStyle><color>ff037bf1</color><width>1.5</width></LineStyle></Style><Style id="ray116"><LineStyle><color>ff017bf3</color><width>1.5</width></LineStyle></Style><Style id="ray117"><LineStyle><color>ff007cf5</color><width>1.5</width></LineStyle></Style>
<Folder><name>Reference features</name>
<Placemark><name>Marfa Lights Viewing Area</name><description><![CDATA[US-90 viewing area (from source KML)]]></description><styleUrl>#viewer</styleUrl><Point><altitudeMode>clampToGround</altitudeMode><coordinates>-103.88279730,30.27511080,0.0</coordinates></Point></Placemark>
<Placemark><name>Highway High-Point</name><description><![CDATA[Elevation in source KML: 1650.2 m AMSL<br>Azimuth from viewer 228.93°, distance 39.879 km]]></description><styleUrl>#hp</styleUrl><Point><altitudeMode>absolute</altitudeMode><coordinates>-104.19451915,30.03839754,1650.182461776145</coordinates></Point></Placemark>
<Placemark><name>US-67 Shafter to Marfa</name><description><![CDATA[]]></description><styleUrl>#hwy</styleUrl><LineString><tessellate>1</tessellate><altitudeMode>clampToGround</altitudeMode><coordinates>-104.30684206,29.81756096,0 -104.30640874,29.81822559,0 -104.30583942,29.82005534,0 -104.30574439,29.82083571,0 -104.30596433,29.82193730,0 -104.30630203,29.82252996,0 -104.30713400,29.82328189,0 -104.30894832,29.82477489,0 -104.30974431,29.82574018,0 -104.31033516,29.82700131,0 -104.31062067,29.82839703,0 -104.31090331,29.82931168,0 -104.31125898,29.83056006,0 -104.31134783,29.83206041,0 -104.31103047,29.83298422,0 -104.31033600,29.83385299,0 -104.30730237,29.83725590,0 -104.30686708,29.83812263,0 -104.30638892,29.83928375,0 -104.30598008,29.83982111,0 -104.30520236,29.84036593,0 -104.30434680,29.84091073,0 -104.30376684,29.84155432,0 -104.30330127,29.84239187,0 -104.30249738,29.84420116,0 -104.30192851,29.84482959,0 -104.30065684,29.84557065,0 -104.29967002,29.84601999,0 -104.29812133,29.84649837,0 -104.29681547,29.84656251,0 -104.29463794,29.84657961,0 -104.29246278,29.84695310,0 -104.29074651,29.84750453,0 -104.28997034,29.84819931,0 -104.28938212,29.84895819,0 -104.28909316,29.84982958,0 -104.28911012,29.85081676,0 -104.28946938,29.85173743,0 -104.29143950,29.85597598,0 -104.29205693,29.85751782,0 -104.29215206,29.85825663,0 -104.29212511,29.85890305,0 -104.29160167,29.86303024,0 -104.29141916,29.86465611,0 -104.29119234,29.86516993,0 -104.28773847,29.86923936,0 -104.28709905,29.87033393,0 -104.28526881,29.87372075,0 -104.28464161,29.87455324,0 -104.28320646,29.87561179,0 -104.27979126,29.87720810,0 -104.27861394,29.87786272,0 -104.27789154,29.87837233,0 -104.27751012,29.87902065,0 -104.27707751,29.88001982,0 -104.27688371,29.88049091,0 -104.27633225,29.88203431,0 -104.27572673,29.88460431,0 -104.27450664,29.89025390,0 -104.27337117,29.89597578,0 -104.27219983,29.90161110,0 -104.27099646,29.90727107,0 -104.26926609,29.91554721,0 -104.26859105,29.91752896,0 -104.26529478,29.92613114,0 -104.26388081,29.92989801,0 -104.26342156,29.93065666,0 -104.26193408,29.93283033,0 -104.25704912,29.93840540,0 -104.25452544,29.94132919,0 -104.25336632,29.94200635,0 -104.24842789,29.94415619,0 -104.24644997,29.94504950,0 -104.24353190,29.94606953,0 -104.24205055,29.94659049,0 -104.24038823,29.94732339,0 -104.23863789,29.94810024,0 -104.23639947,29.94908742,0 -104.23568492,29.94952298,0 -104.23478670,29.95018190,0 -104.23430039,29.95072989,0 -104.23370005,29.95153255,0 -104.23310736,29.95258379,0 -104.23280472,29.95370791,0 -104.23257898,29.95638673,0 -104.23222452,29.95993517,0 -104.23199170,29.96096740,0 -104.23139602,29.96231019,0 -104.22968218,29.96548394,0 -104.22855853,29.96763301,0 -104.22817718,29.96824117,0 -104.22767724,29.96873549,0 -104.22558455,29.97088183,0 -104.22479121,29.97168773,0 -104.22438495,29.97236625,0 -104.22381181,29.97420520,0 -104.22283843,29.97744188,0 -104.22167106,29.98122617,0 -104.22128954,29.98273987,0 -104.22086500,29.98460356,0 -104.22046490,29.98674294,0 -104.21985853,29.98949434,0 -104.21949553,29.99145574,0 -104.21919430,29.99269662,0 -104.21881861,29.99433570,0 -104.21855411,29.99563734,0 -104.21835762,29.99679567,0 -104.21800148,29.99840026,0 -104.21748136,30.00080804,0 -104.21692541,30.00334804,0 -104.21647245,30.00475882,0 -104.21601811,30.00579011,0 -104.21528096,30.00714163,0 -104.21382639,30.00956057,0 -104.21189882,30.01270990,0 -104.20903361,30.01760471,0 -104.20677121,30.02143547,0 -104.20550242,30.02348795,0 -104.20294875,30.02777857,0 -104.20163187,30.02988337,0 -104.20093366,30.03098016,0 -104.20036599,30.03171072,0 -104.19927912,30.03297545,0 -104.19802956,30.03442039,0 -104.19691876,30.03570073,0 -104.19604368,30.03671963,0 -104.19533722,30.03754615,0 -104.19460523,30.03844337,0 -104.19390078,30.03896711,0 -104.19237539,30.03995825,0 -104.19124974,30.04076236,0 -104.19051630,30.04142096,0 -104.18961890,30.04248172,0 -104.18834470,30.04413695,0 -104.18696339,30.04587808,0 -104.18547633,30.04788618,0 -104.18407234,30.04969154,0 -104.18291972,30.05114890,0 -104.18260579,30.05160032,0 -104.18214086,30.05308768,0 -104.18132869,30.05548005,0 -104.17994822,30.05942026,0 -104.17943667,30.06090456,0 -104.17910875,30.06146411,0 -104.17871186,30.06203025,0 -104.17792457,30.06278784,0 -104.17603540,30.06475796,0 -104.17370004,30.06721731,0 -104.17125664,30.06972250,0 -104.17006803,30.07091239,0 -104.16937034,30.07166858,0 -104.16883375,30.07237434,0 -104.16848276,30.07303860,0 -104.16824920,30.07423231,0 -104.16842411,30.07516557,0 -104.16875535,30.07645831,0 -104.16972914,30.08111469,0 -104.17030001,30.08355911,0 -104.17052834,30.08475788,0 -104.17049202,30.08561353,0 -104.17022623,30.08643400,0 -104.16901782,30.08867494,0 -104.16847045,30.08967428,0 -104.16805334,30.09032823,0 -104.16764854,30.09108003,0 -104.16718021,30.09168831,0 -104.16685197,30.09197346,0 -104.16581436,30.09289423,0 -104.16488395,30.09354253,0 -104.16331438,30.09474480,0 -104.16222025,30.09550676,0 -104.16114396,30.09628898,0 -104.16001169,30.09710834,0 -104.15904367,30.09785778,0 -104.15487142,30.10087182,0 -104.15233722,30.10271965,0 -104.14966287,30.10469665,0 -104.14732649,30.10645079,0 -104.14576407,30.10756908,0 -104.14375138,30.10900121,0 -104.14240059,30.11006441,0 -104.14147702,30.11093462,0 -104.14023701,30.11230227,0 -104.13869539,30.11424669,0 -104.13629849,30.11713070,0 -104.13471401,30.11916770,0 -104.13281393,30.12143655,0 -104.13159762,30.12295702,0 -104.12999496,30.12480328,0 -104.12892683,30.12610643,0 -104.12740205,30.12791808,0 -104.12610561,30.12949000,0 -104.12450350,30.13152916,0 -104.12299693,30.13335622,0 -104.12070866,30.13611407,0 -104.11944666,30.13761678,0 -104.11825159,30.13909677,0 -104.11710086,30.14053402,0 -104.11648677,30.14123757,0 -104.11498386,30.14256979,0 -104.11254306,30.14483962,0 -104.10880792,30.14830581,0 -104.10508213,30.15178884,0 -104.10112620,30.15547429,0 -104.09596537,30.16033669,0 -104.09287745,30.16317543,0 -104.09039219,30.16544655,0 -104.08817002,30.16751077,0 -104.08575046,30.16976494,0 -104.08406700,30.17139069,0 -104.08298725,30.17266948,0 -104.08187498,30.17436658,0 -104.08100698,30.17621959,0 -104.08000036,30.17866405,0 -104.07813981,30.18323775,0 -104.07611137,30.18810559,0 -104.07455507,30.19205600,0 -104.07296264,30.19589065,0 -104.07160311,30.19930681,0 -104.07024095,30.20242229,0 -104.06833740,30.20732995,0 -104.06656680,30.21158639,0 -104.06575574,30.21362663,0 -104.06390614,30.21811447,0 -104.06255733,30.22141090,0 -104.06067272,30.22583364,0 -104.05887441,30.23011240,0 -104.05746430,30.23339537,0 -104.05544647,30.23810036,0 -104.05364051,30.24227921,0 -104.05159120,30.24713283,0 -104.04922903,30.25261144,0 -104.04770571,30.25619713,0 -104.04544924,30.26148839,0 -104.04386193,30.26505695,0 -104.04299522,30.26698069,0 -104.04264605,30.26760328,0 -104.04104815,30.26969755,0 -104.03964258,30.27139752,0 -104.03864367,30.27277885,0 -104.03774405,30.27391115,0 -104.03681298,30.27498859,0 -104.03461576,30.27787762,0 -104.03288450,30.28006344,0 -104.02737259,30.28699537,0 -104.02567992,30.28912045,0 -104.02509075,30.28987804,0 -104.02463893,30.29070664,0 -104.02397408,30.29206602,0 -104.02304580,30.29458423,0 -104.02203301,30.29738198,0 -104.02093320,30.30062826,0 -104.02012594,30.30279994,0 -104.01932363,30.30537070,0 -104.01933561,30.30581698,0 -104.01955194,30.30649765,0 -104.02004772,30.30792993,0 -104.02059573,30.30950463,0</coordinates></LineString></Placemark>
<Placemark><name>Left bound</name><description><![CDATA[]]></description><styleUrl>#bound</styleUrl><LineString><tessellate>1</tessellate><altitudeMode>clampToGround</altitudeMode><coordinates>-103.88279832,30.27511351,0 -104.19451891,30.03840093,0</coordinates></LineString></Placemark>
<Placemark><name>Right bound</name><description><![CDATA[]]></description><styleUrl>#bound</styleUrl><LineString><tessellate>1</tessellate><altitudeMode>clampToGround</altitudeMode><coordinates>-103.88279876,30.27511323,0 -104.02461420,30.29074665,0</coordinates></LineString></Placemark>
</Folder>
<Folder><name>Rays (118)</name>
<Placemark><name>Ray 219.0°</name><description><![CDATA[Azimuth 218.99° — NO highway intersection]]></description><styleUrl>#ray0</styleUrl><LineString><tessellate>1</tessellate><altitudeMode>clampToGround</altitudeMode><coordinates>-103.88279730,30.27511080,0 -103.88933523,30.26809881,0 -103.89587223,30.26108649,0 -103.90240830,30.25407384,0 -103.90894344,30.24706085,0 -103.91547766,30.24004753,0</coordinates></LineString></Placemark><Placemark><name>Ray 219.5°</name><description><![CDATA[Azimuth 219.49° (true)<br>Distance to US-67: 64.668 km<br>Highway chainage from Shafter end: 0.84 km<br>Highway crossings on this ray: 1]]></description><styleUrl>#ray1</styleUrl><LineString><tessellate>1</tessellate><altitudeMode>clampToGround</altitudeMode><coordinates>-103.88279730,30.27511080,0 -103.88937172,30.26818416,0 -103.89594523,30.26125719,0 -103.90251781,30.25432988,0 -103.90908946,30.24740223,0 -103.91566020,30.24047424,0 -103.92223001,30.23354592,0 -103.92879890,30.22661726,0 -103.93536687,30.21968827,0 -103.94193392,30.21275894,0 -103.94850005,30.20582927,0 -103.95506526,30.19889926,0 -103.96162955,30.19196892,0 -103.96819293,30.18503825,0 -103.97475538,30.17810724,0 -103.98131691,30.17117589,0 -103.98787753,30.16424421,0 -103.99443722,30.15731219,0 -104.00099600,30.15037984,0 -104.00755387,30.14344715,0 -104.01411081,30.13651413,0 -104.02066684,30.12958077,0 -104.02722196,30.12264708,0 -104.03377615,30.11571305,0 -104.04032943,30.10877869,0 -104.04688180,30.10184399,0 -104.05343325,30.09490896,0 -104.05998379,30.08797360,0 -104.06653341,30.08103790,0 -104.07308212,30.07410187,0 -104.07962992,30.06716551,0 -104.08617680,30.06022881,0 -104.09272277,30.05329178,0 -104.09926783,30.04635442,0 -104.10581197,30.03941672,0 -104.11235521,30.03247869,0 -104.11889753,30.02554033,0 -104.12543894,30.01860163,0 -104.13197944,30.01166261,0 -104.13851903,30.00472325,0 -104.14505771,29.99778355,0 -104.15159548,29.99084353,0 -104.15813234,29.98390317,0 -104.16466829,29.97696249,0 -104.17120333,29.97002147,0 -104.17773746,29.96308012,0 -104.18427069,29.95613844,0 -104.19080301,29.94919642,0 -104.19733442,29.94225408,0 -104.20386492,29.93531140,0 -104.21039452,29.92836840,0 -104.21692321,29.92142506,0 -104.22345099,29.91448140,0 -104.22997787,29.90753740,0 -104.23650385,29.90059307,0 -104.24302892,29.89364841,0 -104.24955308,29.88670343,0 -104.25607634,29.87975811,0 -104.26259869,29.87281246,0 -104.26912015,29.86586648,0 -104.27564069,29.85892018,0 -104.28216034,29.85197354,0 -104.28867908,29.84502658,0 -104.29519692,29.83807928,0 -104.30171386,29.83113166,0 -104.30822990,29.82418371,0</coordinates></LineString></Placemark><Placemark><name>Ray 220.0°</name><description><![CDATA[Azimuth 219.99° (true)<br>Distance to US-67: 61.156 km<br>Highway chainage from Shafter end: 5.17 km<br>Highway crossings on this ray: 3]]></description><styleUrl>#ray2</styleUrl><LineString><tessellate>1</tessellate><altitudeMode>clampToGround</altitudeMode><coordinates>-103.88279730,30.27511080,0 -103.88938435,30.26829299,0 -103.89597048,30.26147483,0 -103.90255571,30.25465634,0 -103.90914002,30.24783751,0 -103.91572343,30.24101834,0 -103.92230592,30.23419884,0 -103.92888751,30.22737899,0 -103.93546819,30.22055881,0 -103.94204796,30.21373830,0 -103.94862683,30.20691744,0 -103.95520479,30.20009625,0 -103.96178184,30.19327472,0 -103.96835798,30.18645285,0 -103.97493322,30.17963065,0 -103.98150755,30.17280811,0 -103.98808098,30.16598523,0 -103.99465350,30.15916202,0 -104.00122511,30.15233847,0 -104.00779582,30.14551458,0 -104.01436563,30.13869036,0 -104.02093453,30.13186581,0 -104.02750253,30.12504091,0 -104.03406962,30.11821569,0 -104.04063582,30.11139012,0 -104.04720111,30.10456422,0 -104.05376549,30.09773799,0 -104.06032898,30.09091142,0 -104.06689156,30.08408452,0 -104.07345324,30.07725728,0 -104.08001403,30.07042971,0 -104.08657391,30.06360180,0 -104.09313289,30.05677356,0 -104.09969097,30.04994498,0 -104.10624815,30.04311607,0 -104.11280443,30.03628683,0 -104.11935981,30.02945725,0 -104.12591429,30.02262734,0 -104.13246788,30.01579709,0 -104.13902056,30.00896651,0 -104.14557235,30.00213560,0 -104.15212324,29.99530436,0 -104.15867324,29.98847278,0 -104.16522233,29.98164087,0 -104.17177053,29.97480863,0 -104.17831784,29.96797605,0 -104.18486425,29.96114314,0 -104.19140976,29.95430990,0 -104.19795438,29.94747633,0 -104.20449810,29.94064242,0 -104.21104093,29.93380819,0 -104.21758286,29.92697362,0 -104.22412390,29.92013872,0 -104.23066405,29.91330349,0 -104.23720331,29.90646792,0 -104.24374167,29.89963203,0 -104.25027913,29.89279580,0 -104.25681571,29.88595925,0 -104.26335139,29.87912236,0 -104.26988619,29.87228514,0 -104.27642009,29.86544759,0 -104.28295310,29.85860971,0 -104.28948522,29.85177150,0</coordinates></LineString></Placemark><Placemark><name>Ray 220.5°</name><description><![CDATA[Azimuth 220.49° (true)<br>Distance to US-67: 60.868 km<br>Highway chainage from Shafter end: 5.78 km<br>Highway crossings on this ray: 1]]></description><styleUrl>#ray3</styleUrl><LineString><tessellate>1</tessellate><altitudeMode>clampToGround</altitudeMode><coordinates>-103.88279730,30.27511080,0 -103.88952991,30.26826455,0 -103.89626158,30.26141796,0 -103.90299232,30.25457100,0 -103.90972213,30.24772370,0 -103.91645101,30.24087604,0 -103.92317895,30.23402803,0 -103.92990596,30.22717967,0 -103.93663203,30.22033095,0 -103.94335718,30.21348189,0 -103.95008139,30.20663247,0 -103.95680467,30.19978269,0 -103.96352702,30.19293257,0 -103.97024844,30.18608210,0 -103.97696893,30.17923127,0 -103.98368849,30.17238009,0 -103.99040712,30.16552856,0 -103.99712482,30.15867668,0 -104.00384160,30.15182445,0 -104.01055744,30.14497187,0 -104.01727236,30.13811893,0 -104.02398634,30.13126565,0 -104.03069940,30.12441202,0 -104.03741154,30.11755803,0 -104.04412274,30.11070370,0 -104.05083302,30.10384901,0 -104.05754238,30.09699398,0 -104.06425081,30.09013860,0 -104.07095831,30.08328286,0 -104.07766489,30.07642678,0 -104.08437054,30.06957035,0 -104.09107527,30.06271357,0 -104.09777907,30.05585644,0 -104.10448195,30.04899896,0 -104.11118391,30.04214113,0 -104.11788494,30.03528295,0 -104.12458505,30.02842443,0 -104.13128424,30.02156556,0 -104.13798251,30.01470633,0 -104.14467985,30.00784677,0 -104.15137627,30.00098685,0 -104.15807178,29.99412658,0 -104.16476636,29.98726597,0 -104.17146002,29.98040501,0 -104.17815276,29.97354370,0 -104.18484458,29.96668205,0 -104.19153548,29.95982005,0 -104.19822546,29.95295770,0 -104.20491452,29.94609501,0 -104.21160267,29.93923196,0 -104.21828990,29.93236858,0 -104.22497620,29.92550484,0 -104.23166160,29.91864076,0 -104.23834607,29.91177634,0 -104.24502963,29.90491156,0 -104.25171227,29.89804645,0 -104.25839399,29.89118098,0 -104.26507480,29.88431517,0 -104.27175470,29.87744902,0 -104.27843368,29.87058252,0 -104.28511174,29.86371567,0 -104.29178889,29.85684848,0</coordinates></LineString></Placemark><Placemark><name>Ray 221.0°</name><description><![CDATA[Azimuth 220.99° (true)<br>Distance to US-67: 60.198 km<br>Highway chainage from Shafter end: 6.64 km<br>Highway crossings on this ray: 1]]></description><styleUrl>#ray4</styleUrl><LineString><tessellate>1</tessellate><altitudeMode>clampToGround</altitudeMode><coordinates>-103.88279730,30.27511080,0 -103.88952352,30.26839071,0 -103.89624882,30.26167028,0 -103.90297320,30.25494949,0 -103.90969667,30.24822834,0 -103.91641923,30.24150685,0 -103.92314086,30.23478500,0 -103.92986159,30.22806281,0 -103.93658140,30.22134026,0 -103.94330030,30.21461736,0 -103.95001828,30.20789411,0 -103.95673535,30.20117050,0 -103.96345150,30.19444655,0 -103.97016675,30.18772224,0 -103.97688108,30.18099759,0 -103.98359450,30.17427258,0 -103.99030701,30.16754723,0 -103.99701860,30.16082152,0 -104.00372929,30.15409547,0 -104.01043907,30.14736906,0 -104.01714793,30.14064230,0 -104.02385588,30.13391520,0 -104.03056293,30.12718774,0 -104.03726906,30.12045994,0 -104.04397429,30.11373178,0 -104.05067861,30.10700328,0 -104.05738202,30.10027443,0 -104.06408452,30.09354523,0 -104.07078611,30.08681568,0 -104.07748680,30.08008578,0 -104.08418658,30.07335553,0 -104.09088545,30.06662494,0 -104.09758342,30.05989399,0 -104.10428047,30.05316270,0 -104.11097663,30.04643106,0 -104.11767188,30.03969908,0 -104.12436622,30.03296674,0 -104.13105966,30.02623406,0 -104.13775219,30.01950103,0 -104.14444382,30.01276765,0 -104.15113454,30.00603393,0 -104.15782437,29.99929986,0 -104.16451328,29.99256544,0 -104.17120130,29.98583068,0 -104.17788841,29.97909557,0 -104.18457462,29.97236011,0 -104.19125993,29.96562431,0 -104.19794434,29.95888816,0 -104.20462784,29.95215167,0 -104.21131045,29.94541482,0 -104.21799215,29.93867764,0 -104.22467296,29.93194011,0 -104.23135286,29.92520223,0 -104.23803186,29.91846401,0 -104.24470997,29.91172544,0 -104.25138717,29.90498653,0 -104.25806348,29.89824727,0 -104.26473888,29.89150766,0 -104.27141339,29.88476772,0 -104.27808701,29.87802743,0 -104.28475972,29.87128679,0 -104.29143154,29.86454581,0</coordinates></LineString></Placemark><Placemark><name>Ray 221.5°</name><description><![CDATA[Azimuth 221.49° (true)<br>Distance to US-67: 57.188 km<br>Highway chainage from Shafter end: 9.83 km<br>Highway crossings on this ray: 1]]></description><styleUrl>#ray5</styleUrl><LineString><tessellate>1</tessellate><altitudeMode>clampToGround</altitudeMode><coordinates>-103.88279730,30.27511080,0 -103.88958505,30.26844758,0 -103.89637189,30.26178400,0 -103.90315781,30.25512007,0 -103.90994281,30.24845578,0 -103.91672690,30.24179112,0 -103.92351007,30.23512611,0 -103.93029232,30.22846075,0 -103.93707366,30.22179502,0 -103.94385409,30.21512894,0 -103.95063360,30.20846250,0 -103.95741220,30.20179570,0 -103.96418989,30.19512854,0 -103.97096666,30.18846103,0 -103.97774252,30.18179316,0 -103.98451747,30.17512494,0 -103.99129150,30.16845635,0 -103.99806462,30.16178742,0 -104.00483683,30.15511812,0 -104.01160813,30.14844847,0 -104.01837852,30.14177846,0 -104.02514800,30.13510810,0 -104.03191657,30.12843738,0 -104.03868422,30.12176631,0 -104.04545097,30.11509488,0 -104.05221681,30.10842309,0 -104.05898174,30.10175095,0 -104.06574576,30.09507845,0 -104.07250887,30.08840560,0 -104.07927107,30.08173240,0 -104.08603237,30.07505884,0 -104.09279276,30.06838492,0 -104.09955224,30.06171066,0 -104.10631081,30.05503603,0 -104.11306848,30.04836106,0 -104.11982524,30.04168572,0 -104.12658110,30.03501004,0 -104.13333605,30.02833400,0 -104.14009010,30.02165761,0 -104.14684324,30.01498086,0 -104.15359547,30.00830377,0 -104.16034680,30.00162631,0 -104.16709723,29.99494851,0 -104.17384675,29.98827035,0 -104.18059537,29.98159184,0 -104.18734309,29.97491298,0 -104.19408990,29.96823376,0 -104.20083581,29.96155420,0 -104.20758082,29.95487428,0 -104.21432493,29.94819401,0 -104.22106814,29.94151338,0 -104.22781044,29.93483241,0 -104.23455185,29.92815108,0 -104.24129235,29.92146940,0 -104.24803196,29.91478737,0 -104.25477066,29.90810499,0 -104.26150846,29.90142226,0 -104.26824537,29.89473918,0 -104.27498138,29.88805575,0</coordinates></LineString></Placemark><Placemark><name>Ray 222.0°</name><description><![CDATA[Azimuth 221.99° (true)<br>Distance to US-67: 56.379 km<br>Highway chainage from Shafter end: 10.78 km<br>Highway crossings on this ray: 1]]></description><styleUrl>#ray6</styleUrl><LineString><tessellate>1</tessellate><altitudeMode>clampToGround</altitudeMode><coordinates>-103.88279730,30.27511080,0 -103.88967334,30.26847846,0 -103.89654845,30.26184574,0 -103.90342264,30.25521266,0 -103.91029590,30.24857922,0 -103.91716824,30.24194540,0 -103.92403966,30.23531122,0 -103.93091016,30.22867667,0 -103.93777973,30.22204176,0 -103.94464838,30.21540648,0 -103.95151611,30.20877083,0 -103.95838292,30.20213481,0 -103.96524880,30.19549843,0 -103.97211377,30.18886169,0 -103.97897781,30.18222457,0 -103.98584094,30.17558709,0 -103.99270314,30.16894925,0 -103.99956443,30.16231104,0 -104.00642480,30.15567246,0 -104.01328424,30.14903352,0 -104.02014277,30.14239422,0 -104.02700038,30.13575454,0 -104.03385707,30.12911451,0 -104.04071285,30.12247411,0 -104.04756771,30.11583334,0 -104.05442165,30.10919221,0 -104.06127467,30.10255072,0 -104.06812678,30.09590886,0 -104.07497797,30.08926664,0 -104.08182824,30.08262405,0 -104.08867760,30.07598110,0 -104.09552605,30.06933779,0 -104.10237358,30.06269411,0 -104.10922019,30.05605007,0 -104.11606589,30.04940567,0 -104.12291068,30.04276091,0 -104.12975455,30.03611578,0 -104.13659751,30.02947029,0 -104.14343956,30.02282443,0 -104.15028070,30.01617822,0 -104.15712092,30.00953164,0 -104.16396023,30.00288470,0 -104.17079863,29.99623739,0 -104.17763612,29.98958973,0 -104.18447269,29.98294170,0 -104.19130836,29.97629331,0 -104.19814311,29.96964456,0 -104.20497696,29.96299545,0 -104.21180990,29.95634598,0 -104.21864192,29.94969615,0 -104.22547304,29.94304596,0 -104.23230325,29.93639540,0 -104.23913255,29.92974449,0 -104.24596094,29.92309321,0 -104.25278842,29.91644158,0 -104.25961500,29.90978958,0 -104.26644067,29.90313722,0 -104.27326543,29.89648451,0</coordinates></LineString></Placemark><Placemark><name>Ray 222.5°</name><description><![CDATA[Azimuth 222.49° (true)<br>Distance to US-67: 55.588 km<br>Highway chainage from Shafter end: 11.71 km<br>Highway crossings on this ray: 1]]></description><styleUrl>#ray7</styleUrl><LineString><tessellate>1</tessellate><altitudeMode>clampToGround</altitudeMode><coordinates>-103.88279730,30.27511080,0 -103.88976453,30.26850730,0 -103.89673083,30.26190343,0 -103.90369620,30.25529918,0 -103.91066064,30.24869455,0 -103.91762414,30.24208954,0 -103.92458672,30.23548416,0 -103.93154836,30.22887840,0 -103.93850907,30.22227226,0 -103.94546885,30.21566575,0 -103.95242771,30.20905886,0 -103.95938563,30.20245160,0 -103.96634262,30.19584396,0 -103.97329868,30.18923594,0 -103.98025382,30.18262755,0 -103.98720802,30.17601878,0 -103.99416130,30.16940964,0 -104.00111365,30.16280013,0 -104.00806508,30.15619023,0 -104.01501557,30.14957997,0 -104.02196514,30.14296933,0 -104.02891378,30.13635831,0 -104.03586150,30.12974692,0 -104.04280829,30.12313516,0 -104.04975416,30.11652302,0 -104.05669910,30.10991051,0 -104.06364311,30.10329762,0 -104.07058620,30.09668436,0 -104.07752837,30.09007073,0 -104.08446961,30.08345672,0 -104.09140993,30.07684234,0 -104.09834932,30.07022759,0 -104.10528779,30.06361246,0 -104.11222534,30.05699696,0 -104.11916197,30.05038109,0 -104.12609768,30.04376485,0 -104.13303246,30.03714823,0 -104.13996632,30.03053125,0 -104.14689926,30.02391389,0 -104.15383128,30.01729615,0 -104.16076238,30.01067805,0 -104.16769256,30.00405957,0 -104.17462182,29.99744073,0 -104.18155016,29.99082151,0 -104.18847758,29.98420192,0 -104.19540408,29.97758196,0 -104.20232966,29.97096163,0 -104.20925433,29.96434093,0 -104.21617808,29.95771986,0 -104.22310091,29.95109841,0 -104.23002282,29.94447660,0 -104.23694381,29.93785442,0 -104.24386389,29.93123186,0 -104.25078305,29.92460894,0 -104.25770130,29.91798565,0 -104.26461863,29.91136199,0 -104.27153504,29.90473795,0</coordinates></LineString></Placemark><Placemark><name>Ray 223.0°</name><description><![CDATA[Azimuth 222.99° (true)<br>Distance to US-67: 54.822 km<br>Highway chainage from Shafter end: 12.62 km<br>Highway crossings on this ray: 1]]></description><styleUrl>#ray8</styleUrl><LineString><tessellate>1</tessellate><altitudeMode>clampToGround</altitudeMode><coordinates>-103.88279730,30.27511080,0 -103.88985984,30.26853314,0 -103.89692144,30.26195510,0 -103.90398210,30.25537666,0 -103.91104182,30.24879784,0 -103.91810060,30.24221864,0 -103.92515843,30.23563904,0 -103.93221533,30.22905906,0 -103.93927129,30.22247870,0 -103.94632631,30.21589794,0 -103.95338038,30.20931680,0 -103.96043352,30.20273528,0 -103.96748573,30.19615337,0 -103.97453699,30.18957107,0 -103.98158732,30.18298839,0 -103.98863670,30.17640532,0 -103.99568516,30.16982186,0 -104.00273267,30.16323803,0 -104.00977925,30.15665380,0 -104.01682489,30.15006919,0 -104.02386959,30.14348420,0 -104.03091337,30.13689882,0 -104.03795620,30.13031306,0 -104.04499810,30.12372691,0 -104.05203907,30.11714038,0 -104.05907910,30.11055346,0 -104.06611819,30.10396616,0 -104.07315636,30.09737848,0 -104.08019359,30.09079042,0 -104.08722988,30.08420197,0 -104.09426525,30.07761313,0 -104.10129968,30.07102392,0 -104.10833318,30.06443432,0 -104.11536575,30.05784434,0 -104.12239739,30.05125397,0 -104.12942809,30.04466322,0 -104.13645787,30.03807209,0 -104.14348671,30.03148058,0 -104.15051462,30.02488869,0 -104.15754161,30.01829641,0 -104.16456766,30.01170376,0 -104.17159279,30.00511072,0 -104.17861699,29.99851730,0 -104.18564025,29.99192350,0 -104.19266259,29.98532931,0 -104.19968401,29.97873475,0 -104.20670449,29.97213980,0 -104.21372405,29.96554448,0 -104.22074268,29.95894877,0 -104.22776038,29.95235269,0 -104.23477716,29.94575622,0 -104.24179301,29.93915937,0 -104.24880793,29.93256214,0 -104.25582193,29.92596454,0 -104.26283501,29.91936655,0 -104.26984716,29.91276819,0</coordinates></LineString></Placemark><Placemark><name>Ray 223.5°</name><description><![CDATA[Azimuth 223.49° (true)<br>Distance to US-67: 49.118 km<br>Highway chainage from Shafter end: 18.69 km<br>Highway crossings on this ray: 3]]></description><styleUrl>#ray9</styleUrl><LineString><tessellate>1</tessellate><altitudeMode>clampToGround</altitudeMode><coordinates>-103.88279730,30.27511080,0 -103.88982270,30.26868116,0 -103.89684718,30.26225114,0 -103.90387075,30.25582074,0 -103.91089341,30.24938996,0 -103.91791514,30.24295879,0 -103.92493597,30.23652724,0 -103.93195588,30.23009531,0 -103.93897488,30.22366299,0 -103.94599296,30.21723029,0 -103.95301013,30.21079722,0 -103.96002639,30.20436375,0 -103.96704173,30.19792991,0 -103.97405616,30.19149569,0 -103.98106968,30.18506108,0 -103.98808229,30.17862609,0 -103.99509399,30.17219073,0 -104.00210477,30.16575498,0 -104.00911465,30.15931885,0 -104.01612361,30.15288234,0 -104.02313167,30.14644544,0 -104.03013881,30.14000817,0 -104.03714505,30.13357052,0 -104.04415038,30.12713249,0 -104.05115479,30.12069408,0 -104.05815830,30.11425529,0 -104.06516090,30.10781611,0 -104.07216259,30.10137656,0 -104.07916338,30.09493663,0 -104.08616325,30.08849632,0 -104.09316222,30.08205563,0 -104.10016028,30.07561457,0 -104.10715744,30.06917312,0 -104.11415369,30.06273129,0 -104.12114903,30.05628909,0 -104.12814347,30.04984651,0 -104.13513701,30.04340355,0 -104.14212963,30.03696021,0 -104.14912136,30.03051649,0 -104.15611217,30.02407240,0 -104.16310209,30.01762793,0 -104.17009110,30.01118308,0 -104.17707920,30.00473785,0 -104.18406641,29.99829225,0 -104.19105271,29.99184626,0 -104.19803811,29.98539991,0 -104.20502260,29.97895317,0 -104.21200620,29.97250606,0 -104.21898889,29.96605857,0 -104.22597068,29.95961071,0 -104.23295157,29.95316247,0</coordinates></LineString></Placemark><Placemark><name>Ray 224.0°</name><description><![CDATA[Azimuth 223.99° (true)<br>Distance to US-67: 48.576 km<br>Highway chainage from Shafter end: 19.38 km<br>Highway crossings on this ray: 3]]></description><styleUrl>#ray10</styleUrl><LineString><tessellate>1</tessellate><altitudeMode>clampToGround</altitudeMode><coordinates>-103.88279730,30.27511080,0 -103.88995193,30.26867629,0 -103.89710563,30.26224138,0 -103.90425839,30.25580607,0 -103.91141022,30.24937036,0 -103.91856112,30.24293426,0 -103.92571109,30.23649777,0 -103.93286013,30.23006087,0 -103.94000823,30.22362358,0 -103.94715541,30.21718589,0 -103.95430165,30.21074781,0 -103.96144696,30.20430933,0 -103.96859135,30.19787046,0 -103.97573480,30.19143119,0 -103.98287732,30.18499153,0 -103.99001892,30.17855147,0 -103.99715958,30.17211101,0 -104.00429932,30.16567016,0 -104.01143813,30.15922892,0 -104.01857601,30.15278728,0 -104.02571296,30.14634524,0 -104.03284899,30.13990282,0 -104.03998409,30.13345999,0 -104.04711826,30.12701678,0 -104.05425150,30.12057317,0 -104.06138382,30.11412916,0 -104.06851522,30.10768477,0 -104.07564569,30.10123998,0 -104.08277523,30.09479479,0 -104.08990385,30.08834921,0 -104.09703154,30.08190324,0 -104.10415831,30.07545688,0 -104.11128415,30.06901013,0 -104.11840907,30.06256298,0 -104.12553307,30.05611544,0 -104.13265615,30.04966751,0 -104.13977830,30.04321918,0 -104.14689953,30.03677047,0 -104.15401984,30.03032136,0 -104.16113922,30.02387186,0 -104.16825769,30.01742197,0 -104.17537523,30.01097168,0 -104.18249185,30.00452101,0 -104.18960755,29.99806994,0 -104.19672233,29.99161849,0 -104.20383619,29.98516664,0 -104.21094913,29.97871441,0 -104.21806115,29.97226178,0 -104.22517226,29.96580876,0 -104.23228244,29.95935535,0</coordinates></LineString></Placemark><Placemark><name>Ray 224.5°</name><description><![CDATA[Azimuth 224.49° (true)<br>Distance to US-67: 47.295 km<br>Highway chainage from Shafter end: 20.75 km<br>Highway crossings on this ray: 1]]></description><styleUrl>#ray11</styleUrl><LineString><tessellate>1</tessellate><altitudeMode>clampToGround</altitudeMode><coordinates>-103.88279730,30.27511080,0 -103.88997250,30.26876948,0 -103.89714678,30.26242776,0 -103.90432013,30.25608564,0 -103.91149257,30.24974313,0 -103.91866408,30.24340021,0 -103.92583467,30.23705689,0 -103.93300434,30.23071318,0 -103.94017309,30.22436907,0 -103.94734092,30.21802456,0 -103.95450783,30.21167965,0 -103.96167382,30.20533435,0 -103.96883889,30.19898864,0 -103.97600304,30.19264254,0 -103.98316628,30.18629604,0 -103.99032859,30.17994915,0 -103.99748999,30.17360186,0 -104.00465047,30.16725417,0 -104.01181003,30.16090608,0 -104.01896867,30.15455760,0 -104.02612640,30.14820872,0 -104.03328321,30.14185944,0 -104.04043910,30.13550977,0 -104.04759408,30.12915970,0 -104.05474814,30.12280923,0 -104.06190129,30.11645837,0 -104.06905352,30.11010712,0 -104.07620484,30.10375546,0 -104.08335524,30.09740342,0 -104.09050473,30.09105098,0 -104.09765330,30.08469814,0 -104.10480096,30.07834491,0 -104.11194771,30.07199128,0 -104.11909354,30.06563726,0 -104.12623846,30.05928284,0 -104.13338247,30.05292803,0 -104.14052556,30.04657283,0 -104.14766775,30.04021723,0 -104.15480902,30.03386124,0 -104.16194938,30.02750485,0 -104.16908883,30.02114807,0 -104.17622737,30.01479090,0 -104.18336499,30.00843333,0 -104.19050171,30.00207537,0 -104.19763752,29.99571702,0 -104.20477242,29.98935827,0 -104.21190641,29.98299914,0 -104.21903949,29.97663960,0 -104.22617166,29.97027968,0</coordinates></LineString></Placemark><Placemark><name>Ray 225.0°</name><description><![CDATA[Azimuth 224.99° (true)<br>Distance to US-67: 46.361 km<br>Highway chainage from Shafter end: 21.78 km<br>Highway crossings on this ray: 1]]></description><styleUrl>#ray12</styleUrl><LineString><tessellate>1</tessellate><altitudeMode>clampToGround</altitudeMode><coordinates>-103.88279730,30.27511080,0 -103.89004401,30.26881709,0 -103.89728980,30.26252297,0 -103.90453467,30.25622845,0 -103.91177861,30.24993352,0 -103.91902163,30.24363819,0 -103.92626372,30.23734244,0 -103.93350489,30.23104629,0 -103.94074514,30.22474974,0 -103.94798447,30.21845278,0 -103.95522287,30.21215541,0 -103.96246036,30.20585764,0 -103.96969692,30.19955946,0 -103.97693256,30.19326088,0 -103.98416727,30.18696189,0 -103.99140107,30.18066249,0 -103.99863395,30.17436270,0 -104.00586591,30.16806249,0 -104.01309694,30.16176188,0 -104.02032706,30.15546087,0 -104.02755626,30.14915945,0 -104.03478454,30.14285763,0 -104.04201190,30.13655541,0 -104.04923835,30.13025278,0 -104.05646387,30.12394975,0 -104.06368848,30.11764631,0 -104.07091217,30.11134247,0 -104.07813494,30.10503823,0 -104.08535679,30.09873358,0 -104.09257773,30.09242854,0 -104.09979776,30.08612308,0 -104.10701686,30.07981723,0 -104.11423505,30.07351097,0 -104.12145233,30.06720431,0 -104.12866869,30.06089725,0 -104.13588413,30.05458979,0 -104.14309866,30.04828193,0 -104.15031228,30.04197366,0 -104.15752498,30.03566499,0 -104.16473677,30.02935592,0 -104.17194765,30.02304645,0 -104.17915761,30.01673658,0 -104.18636666,30.01042630,0 -104.19357480,30.00411563,0 -104.20078202,29.99780456,0 -104.20798833,29.99149308,0 -104.21519373,29.98518120,0 -104.22239822,29.97886893,0</coordinates></LineString></Placemark><Placemark><name>Ray 225.5°</name><description><![CDATA[Azimuth 225.49° (true)<br>Distance to US-67: 45.730 km<br>Highway chainage from Shafter end: 22.53 km<br>Highway crossings on this ray: 1]]></description><styleUrl>#ray13</styleUrl><LineString><tessellate>1</tessellate><altitudeMode>clampToGround</altitudeMode><coordinates>-103.88279730,30.27511080,0 -103.89016414,30.26882346,0 -103.89753005,30.26253569,0 -103.90489501,30.25624751,0 -103.91225904,30.24995891,0 -103.91962213,30.24366988,0 -103.92698428,30.23738044,0 -103.93434549,30.23109058,0 -103.94170577,30.22480029,0 -103.94906511,30.21850959,0 -103.95642351,30.21221847,0 -103.96378098,30.20592693,0 -103.97113751,30.19963497,0 -103.97849310,30.19334260,0 -103.98584776,30.18704980,0 -103.99320149,30.18075658,0 -104.00055428,30.17446295,0 -104.00790613,30.16816890,0 -104.01525705,30.16187443,0 -104.02260704,30.15557955,0 -104.02995610,30.14928424,0 -104.03730422,30.14298852,0 -104.04465140,30.13669238,0 -104.05199766,30.13039583,0 -104.05934298,30.12409885,0 -104.06668737,30.11780146,0 -104.07403083,30.11150366,0 -104.08137336,30.10520543,0 -104.08871496,30.09890680,0 -104.09605562,30.09260774,0 -104.10339536,30.08630827,0 -104.11073416,30.08000838,0 -104.11807203,30.07370808,0 -104.12540898,30.06740736,0 -104.13274499,30.06110622,0 -104.14008008,30.05480468,0 -104.14741424,30.04850271,0 -104.15474747,30.04220033,0 -104.16207977,30.03589754,0 -104.16941114,30.02959433,0 -104.17674158,30.02329071,0 -104.18407110,30.01698667,0 -104.19139969,30.01068222,0 -104.19872735,30.00437735,0 -104.20605409,29.99807207,0 -104.21337990,29.99176638,0 -104.22070478,29.98546027,0</coordinates></LineString></Placemark><Placemark><name>Ray 226.0°</name><description><![CDATA[Azimuth 225.99° (true)<br>Distance to US-67: 45.175 km<br>Highway chainage from Shafter end: 23.21 km<br>Highway crossings on this ray: 1]]></description><styleUrl>#ray14</styleUrl><LineString><tessellate>1</tessellate><altitudeMode>clampToGround</altitudeMode><coordinates>-103.88279730,30.27511080,0 -103.89013702,30.26895503,0 -103.89747583,30.26279883,0 -103.90481373,30.25664223,0 -103.91215070,30.25048520,0 -103.91948677,30.24432776,0 -103.92682191,30.23816990,0 -103.93415615,30.23201163,0 -103.94148947,30.22585294,0 -103.94882187,30.21969383,0 -103.95615336,30.21353431,0 -103.96348394,30.20737437,0 -103.97081361,30.20121401,0 -103.97814236,30.19505324,0 -103.98547020,30.18889206,0 -103.99279713,30.18273046,0 -104.00012314,30.17656844,0 -104.00744825,30.17040602,0 -104.01477244,30.16424317,0 -104.02209572,30.15807991,0 -104.02941809,30.15191624,0 -104.03673955,30.14575215,0 -104.04406010,30.13958765,0 -104.05137974,30.13342273,0 -104.05869848,30.12725740,0 -104.06601630,30.12109166,0 -104.07333321,30.11492550,0 -104.08064921,30.10875893,0 -104.08796431,30.10259195,0 -104.09527849,30.09642455,0 -104.10259177,30.09025675,0 -104.10990414,30.08408852,0 -104.11721560,30.07791989,0 -104.12452616,30.07175084,0 -104.13183581,30.06558138,0 -104.13914455,30.05941151,0 -104.14645239,30.05324123,0 -104.15375932,30.04707053,0 -104.16106534,30.04089943,0 -104.16837046,30.03472791,0 -104.17567467,30.02855598,0 -104.18297798,30.02238364,0 -104.19028038,30.01621089,0 -104.19758188,30.01003773,0 -104.20488248,30.00386415,0 -104.21218217,29.99769017,0 -104.21948096,29.99151577,0</coordinates></LineString></Placemark><Placemark><name>Ray 226.5°</name><description><![CDATA[Azimuth 226.49° (true)<br>Distance to US-67: 44.626 km<br>Highway chainage from Shafter end: 23.89 km<br>Highway crossings on this ray: 1]]></description><styleUrl>#ray15</styleUrl><LineString><tessellate>1</tessellate><altitudeMode>clampToGround</altitudeMode><coordinates>-103.88279730,30.27511080,0 -103.89027118,30.26895106,0 -103.89774413,30.26279088,0 -103.90521614,30.25663028,0 -103.91268722,30.25046924,0 -103.92015737,30.24430777,0 -103.92762659,30.23814586,0 -103.93509487,30.23198353,0 -103.94256222,30.22582076,0 -103.95002864,30.21965757,0 -103.95749414,30.21349394,0 -103.96495870,30.20732988,0 -103.97242233,30.20116539,0 -103.97988503,30.19500047,0 -103.98734680,30.18883512,0 -103.99480764,30.18266934,0 -104.00226755,30.17650313,0 -104.00972653,30.17033649,0 -104.01718459,30.16416942,0 -104.02464171,30.15800192,0 -104.03209791,30.15183399,0 -104.03955318,30.14566563,0 -104.04700752,30.13949685,0 -104.05446094,30.13332763,0 -104.06191342,30.12715798,0 -104.06936498,30.12098791,0 -104.07681562,30.11481741,0 -104.08426533,30.10864648,0 -104.09171411,30.10247512,0 -104.09916197,30.09630333,0 -104.10660890,30.09013111,0 -104.11405491,30.08395847,0 -104.12149999,30.07778540,0 -104.12894415,30.07161190,0 -104.13638738,30.06543798,0 -104.14382969,30.05926362,0 -104.15127108,30.05308885,0 -104.15871154,30.04691364,0 -104.16615108,30.04073801,0 -104.17358970,30.03456195,0 -104.18102739,30.02838546,0 -104.18846416,30.02220855,0 -104.19590001,30.01603121,0 -104.20333494,30.00985345,0 -104.21076895,30.00367526,0 -104.21820204,29.99749664,0</coordinates></LineString></Placemark><Placemark><name>Ray 227.0°</name><description><![CDATA[Azimuth 226.99° (true)<br>Distance to US-67: 44.090 km<br>Highway chainage from Shafter end: 24.55 km<br>Highway crossings on this ray: 1]]></description><styleUrl>#ray16</styleUrl><LineString><tessellate>1</tessellate><altitudeMode>clampToGround</altitudeMode><coordinates>-103.88279730,30.27511080,0 -103.89024221,30.26908129,0 -103.89768622,30.26305136,0 -103.90512931,30.25702099,0 -103.91257149,30.25099020,0 -103.92001277,30.24495898,0 -103.92745313,30.23892733,0 -103.93489259,30.23289525,0 -103.94233114,30.22686275,0 -103.94976878,30.22082981,0 -103.95720551,30.21479645,0 -103.96464134,30.20876266,0 -103.97207626,30.20272845,0 -103.97951027,30.19669381,0 -103.98694337,30.19065874,0 -103.99437557,30.18462324,0 -104.00180687,30.17858732,0 -104.00923725,30.17255097,0 -104.01666673,30.16651420,0 -104.02409531,30.16047699,0 -104.03152298,30.15443937,0 -104.03894974,30.14840131,0 -104.04637560,30.14236283,0 -104.05380056,30.13632393,0 -104.06122461,30.13028460,0 -104.06864776,30.12424484,0 -104.07607001,30.11820466,0 -104.08349135,30.11216406,0 -104.09091179,30.10612303,0 -104.09833132,30.10008157,0 -104.10574996,30.09403969,0 -104.11316769,30.08799739,0 -104.12058452,30.08195466,0 -104.12800045,30.07591151,0 -104.13541547,30.06986794,0 -104.14282960,30.06382394,0 -104.15024282,30.05777951,0 -104.15765515,30.05173467,0 -104.16506657,30.04568940,0 -104.17247710,30.03964370,0 -104.17988672,30.03359759,0 -104.18729544,30.02755105,0 -104.19470327,30.02150409,0 -104.20211020,30.01545671,0 -104.20951622,30.00940890,0 -104.21692135,30.00336067,0</coordinates></LineString></Placemark><Placemark><name>Ray 227.5°</name><description><![CDATA[Azimuth 227.49° (true)<br>Distance to US-67: 43.168 km<br>Highway chainage from Shafter end: 25.55 km<br>Highway crossings on this ray: 1]]></description><styleUrl>#ray17</styleUrl><LineString><tessellate>1</tessellate><altitudeMode>clampToGround</altitudeMode><coordinates>-103.88279730,30.27511080,0 -103.89031271,30.26912983,0 -103.89782720,30.26314842,0 -103.90534079,30.25716657,0 -103.91285347,30.25118429,0 -103.92036523,30.24520157,0 -103.92787608,30.23921841,0 -103.93538603,30.23323482,0 -103.94289506,30.22725079,0 -103.95040319,30.22126633,0 -103.95791041,30.21528143,0 -103.96541672,30.20929610,0 -103.97292212,30.20331033,0 -103.98042661,30.19732413,0 -103.98793019,30.19133749,0 -103.99543287,30.18535042,0 -104.00293463,30.17936291,0 -104.01043550,30.17337497,0 -104.01793545,30.16738659,0 -104.02543450,30.16139778,0 -104.03293264,30.15540853,0 -104.04042987,30.14941886,0 -104.04792620,30.14342874,0 -104.05542163,30.13743820,0 -104.06291614,30.13144722,0 -104.07040976,30.12545581,0 -104.07790247,30.11946396,0 -104.08539427,30.11347169,0 -104.09288517,30.10747897,0 -104.10037516,30.10148583,0 -104.10786426,30.09549226,0 -104.11535244,30.08949825,0 -104.12283973,30.08350381,0 -104.13032611,30.07750894,0 -104.13781159,30.07151363,0 -104.14529617,30.06551790,0 -104.15277984,30.05952173,0 -104.16026261,30.05352513,0 -104.16774448,30.04752810,0 -104.17522545,30.04153064,0 -104.18270552,30.03553275,0 -104.19018469,30.02953443,0 -104.19766296,30.02353568,0 -104.20514032,30.01753650,0 -104.21261679,30.01153688,0</coordinates></LineString></Placemark><Placemark><name>Ray 228.0°</name><description><![CDATA[Azimuth 227.99° (true)<br>Distance to US-67: 42.166 km<br>Highway chainage from Shafter end: 26.62 km<br>Highway crossings on this ray: 1]]></description><styleUrl>#ray18</styleUrl><LineString><tessellate>1</tessellate><altitudeMode>clampToGround</altitudeMode><coordinates>-103.88279730,30.27511080,0 -103.89036867,30.26919002,0 -103.89793913,30.26326879,0 -103.90550868,30.25734712,0 -103.91307732,30.25142501,0 -103.92064505,30.24550246,0 -103.92821188,30.23957946,0 -103.93577780,30.23365602,0 -103.94334281,30.22773214,0 -103.95090692,30.22180782,0 -103.95847012,30.21588305,0 -103.96603241,30.20995785,0 -103.97359380,30.20403220,0 -103.98115428,30.19810611,0 -103.98871385,30.19217958,0 -103.99627252,30.18625261,0 -104.00383029,30.18032519,0 -104.01138715,30.17439734,0 -104.01894310,30.16846905,0 -104.02649815,30.16254031,0 -104.03405230,30.15661114,0 -104.04160554,30.15068152,0 -104.04915788,30.14475147,0 -104.05670932,30.13882097,0 -104.06425985,30.13289004,0 -104.07180948,30.12695867,0 -104.07935821,30.12102685,0 -104.08690603,30.11509460,0 -104.09445296,30.10916191,0 -104.10199898,30.10322878,0 -104.10954410,30.09729521,0 -104.11708832,30.09136120,0 -104.12463164,30.08542676,0 -104.13217405,30.07949188,0 -104.13971557,30.07355655,0 -104.14725619,30.06762079,0 -104.15479590,30.06168460,0 -104.16233472,30.05574796,0 -104.16987264,30.04981089,0 -104.17740966,30.04387338,0 -104.18494578,30.03793543,0 -104.19248100,30.03199704,0 -104.20001532,30.02605822,0 -104.20754875,30.02011897,0</coordinates></LineString></Placemark><Placemark><name>Ray 228.5°</name><description><![CDATA[Azimuth 228.49° (true)<br>Distance to US-67: 41.188 km<br>Highway chainage from Shafter end: 27.66 km<br>Highway crossings on this ray: 1]]></description><styleUrl>#ray19</styleUrl><LineString><tessellate>1</tessellate><altitudeMode>clampToGround</altitudeMode><coordinates>-103.88279730,30.27511080,0 -103.89042842,30.26924720,0 -103.89805863,30.26338314,0 -103.90568794,30.25751864,0 -103.91331634,30.25165369,0 -103.92094383,30.24578828,0 -103.92857041,30.23992243,0 -103.93619609,30.23405613,0 -103.94382087,30.22818938,0 -103.95144474,30.22232218,0 -103.95906771,30.21645453,0 -103.96668977,30.21058644,0 -103.97431092,30.20471789,0 -103.98193117,30.19884890,0 -103.98955052,30.19297946,0 -103.99716896,30.18710957,0 -104.00478650,30.18123924,0 -104.01240314,30.17536845,0 -104.02001888,30.16949722,0 -104.02763371,30.16362554,0 -104.03524764,30.15775342,0 -104.04286066,30.15188085,0 -104.05047279,30.14600783,0 -104.05808401,30.14013436,0 -104.06569433,30.13426045,0 -104.07330375,30.12838609,0 -104.08091227,30.12251129,0 -104.08851989,30.11663604,0 -104.09612661,30.11076034,0 -104.10373243,30.10488420,0 -104.11133734,30.09900761,0 -104.11894136,30.09313058,0 -104.12654448,30.08725310,0 -104.13414670,30.08137518,0 -104.14174802,30.07549681,0 -104.14934844,30.06961800,0 -104.15694797,30.06373874,0 -104.16454659,30.05785904,0 -104.17214432,30.05197889,0 -104.17974115,30.04609830,0 -104.18733708,30.04021727,0 -104.19493212,30.03433579,0 -104.20252625,30.02845387,0</coordinates></LineString></Placemark><Placemark><name>Ray 229.0°</name><description><![CDATA[Azimuth 228.99° (true)<br>Distance to US-67: 39.194 km<br>Highway chainage from Shafter end: 29.70 km<br>Highway crossings on this ray: 1]]></description><styleUrl>#ray20</styleUrl><LineString><tessellate>1</tessellate><altitudeMode>clampToGround</altitudeMode><coordinates>-103.88279730,30.27511080,0 -103.89048068,30.26931005,0 -103.89816315,30.26350885,0 -103.90584472,30.25770719,0 -103.91352539,30.25190508,0 -103.92120516,30.24610251,0 -103.92888402,30.24029949,0 -103.93656198,30.23449601,0 -103.94423904,30.22869207,0 -103.95191520,30.22288768,0 -103.95959045,30.21708284,0 -103.96726481,30.21127754,0 -103.97493826,30.20547179,0 -103.98261081,30.19966558,0 -103.99028247,30.19385892,0 -103.99795322,30.18805181,0 -104.00562307,30.18224424,0 -104.01329202,30.17643622,0 -104.02096008,30.17062774,0 -104.02862723,30.16481881,0 -104.03629348,30.15900943,0 -104.04395884,30.15319960,0 -104.05162330,30.14738931,0 -104.05928686,30.14157857,0 -104.06694952,30.13576738,0 -104.07461128,30.12995574,0 -104.08227215,30.12414364,0 -104.08993211,30.11833109,0 -104.09759119,30.11251809,0 -104.10524936,30.10670464,0 -104.11290664,30.10089073,0 -104.12056302,30.09507638,0 -104.12821851,30.08926157,0 -104.13587310,30.08344631,0 -104.14352679,30.07763061,0 -104.15117959,30.07181445,0 -104.15883149,30.06599784,0 -104.16648250,30.06018078,0 -104.17413262,30.05436327,0 -104.18178184,30.04854531,0 -104.18943016,30.04272690,0</coordinates></LineString></Placemark><Placemark><name>Ray 229.5°</name><description><![CDATA[Azimuth 229.49° (true)<br>Distance to US-67: 38.015 km<br>Highway chainage from Shafter end: 30.93 km<br>Highway crossings on this ray: 1]]></description><styleUrl>#ray21</styleUrl><LineString><tessellate>1</tessellate><altitudeMode>clampToGround</altitudeMode><coordinates>-103.88279730,30.27511080,0 -103.89049850,30.26939830,0 -103.89819881,30.26368534,0 -103.90589822,30.25797192,0 -103.91359675,30.25225804,0 -103.92129438,30.24654371,0 -103.92899112,30.24082892,0 -103.93668698,30.23511367,0 -103.94438194,30.22939797,0 -103.95207601,30.22368181,0 -103.95976919,30.21796519,0 -103.96746148,30.21224811,0 -103.97515289,30.20653058,0 -103.98284340,30.20081260,0 -103.99053303,30.19509415,0 -103.99822176,30.18937526,0 -104.00590961,30.18365590,0 -104.01359657,30.17793609,0 -104.02128264,30.17221583,0 -104.02896782,30.16649511,0 -104.03665212,30.16077393,0 -104.04433553,30.15505230,0 -104.05201805,30.14933022,0 -104.05969969,30.14360768,0 -104.06738043,30.13788468,0 -104.07506030,30.13216124,0 -104.08273927,30.12643733,0 -104.09041736,30.12071298,0 -104.09809457,30.11498817,0 -104.10577089,30.10926290,0 -104.11344632,30.10353719,0 -104.12112087,30.09781102,0 -104.12879454,30.09208439,0 -104.13646732,30.08635731,0 -104.14413921,30.08062978,0 -104.15181022,30.07490180,0 -104.15948035,30.06917337,0 -104.16714960,30.06344448,0 -104.17481796,30.05771514,0 -104.18248544,30.05198535,0</coordinates></LineString></Placemark><Placemark><name>Ray 230.0°</name><description><![CDATA[Azimuth 229.99° (true)<br>Distance to US-67: 37.512 km<br>Highway chainage from Shafter end: 31.53 km<br>Highway crossings on this ray: 1]]></description><styleUrl>#ray22</styleUrl><LineString><tessellate>1</tessellate><altitudeMode>clampToGround</altitudeMode><coordinates>-103.88279730,30.27511080,0 -103.89065443,30.26938484,0 -103.89851066,30.26365840,0 -103.90636597,30.25793149,0 -103.91422037,30.25220410,0 -103.92207386,30.24647624,0 -103.92992643,30.24074790,0 -103.93777810,30.23501908,0 -103.94562886,30.22928979,0 -103.95347870,30.22356003,0 -103.96132764,30.21782978,0 -103.96917566,30.21209907,0 -103.97702278,30.20636788,0 -103.98486899,30.20063621,0 -103.99271429,30.19490407,0 -104.00055868,30.18917146,0 -104.00840216,30.18343837,0 -104.01624473,30.17770481,0 -104.02408639,30.17197077,0 -104.03192715,30.16623626,0 -104.03976700,30.16050128,0 -104.04760594,30.15476582,0 -104.05544397,30.14902989,0 -104.06328110,30.14329349,0 -104.07111732,30.13755661,0 -104.07895263,30.13181926,0 -104.08678704,30.12608144,0 -104.09462054,30.12034315,0 -104.10245314,30.11460438,0 -104.11028483,30.10886514,0 -104.11811562,30.10312544,0 -104.12594550,30.09738525,0 -104.13377447,30.09164460,0 -104.14160254,30.08590348,0 -104.14942971,30.08016188,0 -104.15725597,30.07441982,0 -104.16508133,30.06867728,0 -104.17290579,30.06293427,0 -104.18072934,30.05719079,0</coordinates></LineString></Placemark><Placemark><name>Ray 230.5°</name><description><![CDATA[Azimuth 230.49° (true)<br>Distance to US-67: 36.786 km<br>Highway chainage from Shafter end: 32.34 km<br>Highway crossings on this ray: 1]]></description><styleUrl>#ray23</styleUrl><LineString><tessellate>1</tessellate><altitudeMode>clampToGround</altitudeMode><coordinates>-103.88279730,30.27511080,0 -103.89076825,30.26940408,0 -103.89873827,30.26369688,0 -103.90670738,30.25798918,0 -103.91467556,30.25228100,0 -103.92264282,30.24657232,0 -103.93060916,30.24086316,0 -103.93857458,30.23515351,0 -103.94653907,30.22944336,0 -103.95450265,30.22373273,0 -103.96246531,30.21802161,0 -103.97042705,30.21231000,0 -103.97838786,30.20659791,0 -103.98634776,30.20088532,0 -103.99430674,30.19517225,0 -104.00226480,30.18945868,0 -104.01022194,30.18374464,0 -104.01817817,30.17803010,0 -104.02613347,30.17231507,0 -104.03408786,30.16659956,0 -104.04204133,30.16088356,0 -104.04999388,30.15516708,0 -104.05794551,30.14945010,0 -104.06589623,30.14373265,0 -104.07384603,30.13801470,0 -104.08179491,30.13229627,0 -104.08974288,30.12657735,0 -104.09768993,30.12085794,0 -104.10563607,30.11513805,0 -104.11358129,30.10941768,0 -104.12152559,30.10369682,0 -104.12946898,30.09797547,0 -104.13741145,30.09225364,0 -104.14535301,30.08653132,0 -104.15329366,30.08080852,0 -104.16123339,30.07508524,0 -104.16917221,30.06936147,0 -104.17711011,30.06363721,0</coordinates></LineString></Placemark><Placemark><name>Ray 231.0°</name><description><![CDATA[Azimuth 230.99° (true)<br>Distance to US-67: 35.438 km<br>Highway chainage from Shafter end: 33.74 km<br>Highway crossings on this ray: 1]]></description><styleUrl>#ray24</styleUrl><LineString><tessellate>1</tessellate><altitudeMode>clampToGround</altitudeMode><coordinates>-103.88279730,30.27511080,0 -103.89074592,30.26952052,0 -103.89869364,30.26392976,0 -103.90664045,30.25833851,0 -103.91458637,30.25274678,0 -103.92253139,30.24715455,0 -103.93047550,30.24156184,0 -103.93841872,30.23596865,0 -103.94636104,30.23037496,0 -103.95430246,30.22478079,0 -103.96224298,30.21918614,0 -103.97018260,30.21359100,0 -103.97812132,30.20799537,0 -103.98605914,30.20239926,0 -103.99399607,30.19680267,0 -104.00193210,30.19120558,0 -104.00986723,30.18560802,0 -104.01780146,30.18000997,0 -104.02573480,30.17441143,0 -104.03366724,30.16881241,0 -104.04159878,30.16321291,0 -104.04952943,30.15761292,0 -104.05745918,30.15201244,0 -104.06538803,30.14641149,0 -104.07331599,30.14081005,0 -104.08124305,30.13520812,0 -104.08916922,30.12960572,0 -104.09709449,30.12400283,0 -104.10501887,30.11839945,0 -104.11294236,30.11279560,0 -104.12086494,30.10719126,0 -104.12878664,30.10158644,0 -104.13670744,30.09598113,0 -104.14462735,30.09037535,0 -104.15254636,30.08476908,0 -104.16046448,30.07916233,0 -104.16838171,30.07355510,0</coordinates></LineString></Placemark><Placemark><name>Ray 231.5°</name><description><![CDATA[Azimuth 231.49° (true)<br>Distance to US-67: 35.245 km<br>Highway chainage from Shafter end: 34.10 km<br>Highway crossings on this ray: 1]]></description><styleUrl>#ray25</styleUrl><LineString><tessellate>1</tessellate><altitudeMode>clampToGround</altitudeMode><coordinates>-103.88279730,30.27511080,0 -103.89075814,30.26961112,0 -103.89871810,30.26411095,0 -103.90667717,30.25861029,0 -103.91463535,30.25310915,0 -103.92259264,30.24760751,0 -103.93054905,30.24210539,0 -103.93850457,30.23660278,0 -103.94645921,30.23109968,0 -103.95441296,30.22559610,0 -103.96236582,30.22009202,0 -103.97031780,30.21458747,0 -103.97826889,30.20908242,0 -103.98621910,30.20357689,0 -103.99416842,30.19807087,0 -104.00211686,30.19256436,0 -104.01006441,30.18705737,0 -104.01801108,30.18154989,0 -104.02595687,30.17604193,0 -104.03390177,30.17053348,0 -104.04184578,30.16502454,0 -104.04978892,30.15951512,0 -104.05773117,30.15400521,0 -104.06567254,30.14849482,0 -104.07361302,30.14298394,0 -104.08155263,30.13747258,0 -104.08949135,30.13196074,0 -104.09742919,30.12644840,0 -104.10536614,30.12093559,0 -104.11330222,30.11542229,0 -104.12123741,30.10990851,0 -104.12917172,30.10439424,0 -104.13710515,30.09887949,0 -104.14503770,30.09336425,0 -104.15296937,30.08784853,0 -104.16090016,30.08233233,0 -104.16883007,30.07681565,0</coordinates></LineString></Placemark><Placemark><name>Ray 232.0°</name><description><![CDATA[Azimuth 231.99° (true)<br>Distance to US-67: 35.081 km<br>Highway chainage from Shafter end: 34.45 km<br>Highway crossings on this ray: 1]]></description><styleUrl>#ray26</styleUrl><LineString><tessellate>1</tessellate><altitudeMode>clampToGround</altitudeMode><coordinates>-103.88279730,30.27511080,0 -103.89077587,30.26969691,0 -103.89875357,30.26428254,0 -103.90673039,30.25886767,0 -103.91470633,30.25345231,0 -103.92268140,30.24803646,0 -103.93065560,30.24262012,0 -103.93862892,30.23720329,0 -103.94660137,30.23178598,0 -103.95457294,30.22636817,0 -103.96254364,30.22094987,0 -103.97051346,30.21553109,0 -103.97848241,30.21011181,0 -103.98645049,30.20469205,0 -103.99441769,30.19927180,0 -104.00238403,30.19385106,0 -104.01034948,30.18842983,0 -104.01831407,30.18300811,0 -104.02627779,30.17758591,0 -104.03424063,30.17216322,0 -104.04220260,30.16674004,0 -104.05016370,30.16131637,0 -104.05812392,30.15589221,0 -104.06608328,30.15046757,0 -104.07404176,30.14504244,0 -104.08199938,30.13961682,0 -104.08995612,30.13419072,0 -104.09791199,30.12876413,0 -104.10586700,30.12333705,0 -104.11382113,30.11790949,0 -104.12177439,30.11248144,0 -104.12972679,30.10705291,0 -104.13767831,30.10162389,0 -104.14562897,30.09619438,0 -104.15357875,30.09076439,0 -104.16152767,30.08533391,0 -104.16947572,30.07990295,0</coordinates></LineString></Placemark><Placemark><name>Ray 232.5°</name><description><![CDATA[Azimuth 232.49° (true)<br>Distance to US-67: 34.926 km<br>Highway chainage from Shafter end: 34.80 km<br>Highway crossings on this ray: 1]]></description><styleUrl>#ray27</styleUrl><LineString><tessellate>1</tessellate><altitudeMode>clampToGround</altitudeMode><coordinates>-103.88279730,30.27511080,0 -103.89102300,30.26962891,0 -103.89924779,30.26414651,0 -103.90747166,30.25866358,0 -103.91569463,30.25318013,0 -103.92391667,30.24769616,0 -103.93213781,30.24221167,0 -103.94035803,30.23672666,0 -103.94857734,30.23124113,0 -103.95679573,30.22575507,0 -103.96501322,30.22026850,0 -103.97322979,30.21478141,0 -103.98144545,30.20929380,0 -103.98966019,30.20380567,0 -103.99787403,30.19831702,0 -104.00608696,30.19282786,0 -104.01429897,30.18733817,0 -104.02251007,30.18184796,0 -104.03072027,30.17635724,0 -104.03892955,30.17086600,0 -104.04713792,30.16537424,0 -104.05534538,30.15988196,0 -104.06355193,30.15438916,0 -104.07175758,30.14889585,0 -104.07996231,30.14340202,0 -104.08816614,30.13790767,0 -104.09636905,30.13241280,0 -104.10457106,30.12691742,0 -104.11277216,30.12142152,0 -104.12097235,30.11592510,0 -104.12917163,30.11042817,0 -104.13737000,30.10493072,0 -104.14556747,30.09943275,0 -104.15376403,30.09393427,0 -104.16195968,30.08843528,0 -104.17015443,30.08293576,0</coordinates></LineString></Placemark><Placemark><name>Ray 233.0°</name><description><![CDATA[Azimuth 232.99° (true)<br>Distance to US-67: 34.707 km<br>Highway chainage from Shafter end: 35.18 km<br>Highway crossings on this ray: 1]]></description><styleUrl>#ray28</styleUrl><LineString><tessellate>1</tessellate><altitudeMode>clampToGround</altitudeMode><coordinates>-103.88279730,30.27511080,0 -103.89102591,30.26972539,0 -103.89925363,30.26433946,0 -103.90748045,30.25895301,0 -103.91570637,30.25356603,0 -103.92393139,30.24817854,0 -103.93215552,30.24279052,0 -103.94037874,30.23740199,0 -103.94860107,30.23201293,0 -103.95682251,30.22662335,0 -103.96504304,30.22123326,0 -103.97326268,30.21584264,0 -103.98148143,30.21045151,0 -103.98969928,30.20505985,0 -103.99791623,30.19966767,0 -104.00613229,30.19427498,0 -104.01434745,30.18888177,0 -104.02256171,30.18348803,0 -104.03077508,30.17809378,0 -104.03898756,30.17269901,0 -104.04719914,30.16730372,0 -104.05540983,30.16190792,0 -104.06361962,30.15651159,0 -104.07182852,30.15111475,0 -104.08003653,30.14571739,0 -104.08824364,30.14031951,0 -104.09644986,30.13492111,0 -104.10465518,30.12952220,0 -104.11285962,30.12412277,0 -104.12106316,30.11872282,0 -104.12926580,30.11332236,0 -104.13746756,30.10792138,0 -104.14566842,30.10251988,0 -104.15386839,30.09711787,0 -104.16206747,30.09171534,0 -104.17026566,30.08631229,0</coordinates></LineString></Placemark><Placemark><name>Ray 233.5°</name><description><![CDATA[Azimuth 233.49° (true)<br>Distance to US-67: 34.095 km<br>Highway chainage from Shafter end: 35.86 km<br>Highway crossings on this ray: 1]]></description><styleUrl>#ray29</styleUrl><LineString><tessellate>1</tessellate><altitudeMode>clampToGround</altitudeMode><coordinates>-103.88279730,30.27511080,0 -103.89093371,30.26988179,0 -103.89906925,30.26465226,0 -103.90720393,30.25942223,0 -103.91533775,30.25419169,0 -103.92347071,30.24896064,0 -103.93160280,30.24372907,0 -103.93973404,30.23849701,0 -103.94786441,30.23326443,0 -103.95599392,30.22803134,0 -103.96412257,30.22279775,0 -103.97225036,30.21756364,0 -103.98037729,30.21232903,0 -103.98850336,30.20709391,0 -103.99662857,30.20185828,0 -104.00475292,30.19662215,0 -104.01287641,30.19138551,0 -104.02099904,30.18614836,0 -104.02912081,30.18091070,0 -104.03724172,30.17567254,0 -104.04536177,30.17043387,0 -104.05348096,30.16519469,0 -104.06159930,30.15995501,0 -104.06971677,30.15471482,0 -104.07783339,30.14947412,0 -104.08594915,30.14423292,0 -104.09406405,30.13899121,0 -104.10217810,30.13374900,0 -104.11029128,30.12850628,0 -104.11840361,30.12326305,0 -104.12651508,30.11801932,0 -104.13462570,30.11277509,0 -104.14273546,30.10753035,0 -104.15084436,30.10228510,0 -104.15895240,30.09703935,0 -104.16705959,30.09179310,0</coordinates></LineString></Placemark><Placemark><name>Ray 234.0°</name><description><![CDATA[Azimuth 233.99° (true)<br>Distance to US-67: 30.712 km<br>Highway chainage from Shafter end: 39.26 km<br>Highway crossings on this ray: 1]]></description><styleUrl>#ray30</styleUrl><LineString><tessellate>1</tessellate><altitudeMode>clampToGround</altitudeMode><coordinates>-103.88279730,30.27511080,0 -103.89112519,30.26985576,0 -103.89945218,30.26460018,0 -103.90777830,30.25934406,0 -103.91610352,30.25408742,0 -103.92442786,30.24883024,0 -103.93275131,30.24357253,0 -103.94107388,30.23831428,0 -103.94939556,30.23305550,0 -103.95771635,30.22779619,0 -103.96603626,30.22253635,0 -103.97435528,30.21727598,0 -103.98267342,30.21201507,0 -103.99099067,30.20675363,0 -103.99930704,30.20149166,0 -104.00762253,30.19622916,0 -104.01593713,30.19096612,0 -104.02425084,30.18570256,0 -104.03256367,30.18043846,0 -104.04087562,30.17517383,0 -104.04918668,30.16990867,0 -104.05749686,30.16464299,0 -104.06580616,30.15937677,0 -104.07411457,30.15411002,0 -104.08242210,30.14884274,0 -104.09072875,30.14357493,0 -104.09903451,30.13830659,0 -104.10733940,30.13303772,0 -104.11564340,30.12776832,0 -104.12394652,30.12249839,0 -104.13224875,30.11722794,0 -104.14055011,30.11195695,0</coordinates></LineString></Placemark><Placemark><name>Ray 234.5°</name><description><![CDATA[Azimuth 234.49° (true)<br>Distance to US-67: 29.933 km<br>Highway chainage from Shafter end: 40.08 km<br>Highway crossings on this ray: 1]]></description><styleUrl>#ray31</styleUrl><LineString><tessellate>1</tessellate><altitudeMode>clampToGround</altitudeMode><coordinates>-103.88279730,30.27511080,0 -103.89123755,30.26988195,0 -103.89967690,30.26465256,0 -103.90811536,30.25942262,0 -103.91655292,30.25419213,0 -103.92498959,30.24896110,0 -103.93342537,30.24372951,0 -103.94186025,30.23849738,0 -103.95029424,30.23326470,0 -103.95872733,30.22803148,0 -103.96715954,30.22279770,0 -103.97559085,30.21756339,0 -103.98402126,30.21232852,0 -103.99245079,30.20709311,0 -104.00087942,30.20185715,0 -104.00930716,30.19662065,0 -104.01773401,30.19138360,0 -104.02615996,30.18614601,0 -104.03458503,30.18090787,0 -104.04300920,30.17566918,0 -104.05143248,30.17042995,0 -104.05985487,30.16519017,0 -104.06827637,30.15994985,0 -104.07669698,30.15470899,0 -104.08511670,30.14946758,0 -104.09353553,30.14422563,0 -104.10195346,30.13898313,0 -104.11037051,30.13374009,0 -104.11878667,30.12849651,0 -104.12720194,30.12325238,0 -104.13561632,30.11800771,0</coordinates></LineString></Placemark><Placemark><name>Ray 235.0°</name><description><![CDATA[Azimuth 234.99° (true)<br>Distance to US-67: 29.189 km<br>Highway chainage from Shafter end: 40.87 km<br>Highway crossings on this ray: 1]]></description><styleUrl>#ray32</styleUrl><LineString><tessellate>1</tessellate><altitudeMode>clampToGround</altitudeMode><coordinates>-103.88279730,30.27511080,0 -103.89107873,30.27007446,0 -103.89935932,30.26503758,0 -103.90763906,30.26000019,0 -103.91591795,30.25496226,0 -103.92419600,30.24992381,0 -103.93247321,30.24488483,0 -103.94074957,30.23984532,0 -103.94902508,30.23480528,0 -103.95729976,30.22976472,0 -103.96557358,30.22472364,0 -103.97384657,30.21968203,0 -103.98211871,30.21463989,0 -103.99039001,30.20959722,0 -103.99866046,30.20455403,0 -104.00693007,30.19951032,0 -104.01519883,30.19446608,0 -104.02346676,30.18942131,0 -104.03173384,30.18437602,0 -104.04000008,30.17933020,0 -104.04826547,30.17428386,0 -104.05653003,30.16923700,0 -104.06479374,30.16418961,0 -104.07305661,30.15914170,0 -104.08131864,30.15409326,0 -104.08957982,30.14904430,0 -104.09784017,30.14399481,0 -104.10609967,30.13894480,0 -104.11435833,30.13389427,0 -104.12261615,30.12884321,0 -104.13087313,30.12379163,0</coordinates></LineString></Placemark><Placemark><name>Ray 235.5°</name><description><![CDATA[Azimuth 235.49° (true)<br>Distance to US-67: 28.462 km<br>Highway chainage from Shafter end: 41.64 km<br>Highway crossings on this ray: 1]]></description><styleUrl>#ray33</styleUrl><LineString><tessellate>1</tessellate><altitudeMode>clampToGround</altitudeMode><coordinates>-103.88279730,30.27511080,0 -103.89120158,30.27009407,0 -103.89960501,30.26507681,0 -103.90800758,30.26005900,0 -103.91640929,30.25504064,0 -103.92481016,30.25002174,0 -103.93321016,30.24500231,0 -103.94160932,30.23998232,0 -103.95000762,30.23496180,0 -103.95840507,30.22994073,0 -103.96680166,30.22491913,0 -103.97519740,30.21989698,0 -103.98359229,30.21487429,0 -103.99198632,30.20985105,0 -104.00037951,30.20482728,0 -104.00877183,30.19980296,0 -104.01716331,30.19477811,0 -104.02555394,30.18975271,0 -104.03394371,30.18472678,0 -104.04233263,30.17970030,0 -104.05072070,30.17467328,0 -104.05910792,30.16964572,0 -104.06749429,30.16461762,0 -104.07587980,30.15958899,0 -104.08426447,30.15455981,0 -104.09264828,30.14953009,0 -104.10103124,30.14449984,0 -104.10941336,30.13946904,0 -104.11779462,30.13443771,0 -104.12617503,30.12940584,0</coordinates></LineString></Placemark><Placemark><name>Ray 236.0°</name><description><![CDATA[Azimuth 235.99° (true)<br>Distance to US-67: 27.804 km<br>Highway chainage from Shafter end: 42.34 km<br>Highway crossings on this ray: 1]]></description><styleUrl>#ray34</styleUrl><LineString><tessellate>1</tessellate><altitudeMode>clampToGround</altitudeMode><coordinates>-103.88279730,30.27511080,0 -103.89135107,30.27009970,0 -103.89990397,30.26508804,0 -103.90845600,30.26007582,0 -103.91700717,30.25506303,0 -103.92555746,30.25004968,0 -103.93410689,30.24503577,0 -103.94265545,30.24002130,0 -103.95120314,30.23500627,0 -103.95974996,30.22999067,0 -103.96829592,30.22497452,0 -103.97684101,30.21995780,0 -103.98538523,30.21494052,0 -103.99392858,30.20992268,0 -104.00247107,30.20490428,0 -104.01101269,30.19988533,0 -104.01955344,30.19486581,0 -104.02809333,30.18984573,0 -104.03663235,30.18482509,0 -104.04517051,30.17980389,0 -104.05370779,30.17478213,0 -104.06224422,30.16975981,0 -104.07077977,30.16473694,0 -104.07931447,30.15971350,0 -104.08784829,30.15468951,0 -104.09638126,30.14966495,0 -104.10491335,30.14463984,0 -104.11344458,30.13961417,0 -104.12197495,30.13458794,0</coordinates></LineString></Placemark><Placemark><name>Ray 236.5°</name><description><![CDATA[Azimuth 236.49° (true)<br>Distance to US-67: 27.163 km<br>Highway chainage from Shafter end: 43.03 km<br>Highway crossings on this ray: 1]]></description><styleUrl>#ray35</styleUrl><LineString><tessellate>1</tessellate><altitudeMode>clampToGround</altitudeMode><coordinates>-103.88279730,30.27511080,0 -103.89120295,30.27027862,0 -103.89960777,30.26544590,0 -103.90801177,30.26061263,0 -103.91641495,30.25577882,0 -103.92481731,30.25094447,0 -103.93321884,30.24610958,0 -103.94161955,30.24127414,0 -103.95001944,30.23643816,0 -103.95841850,30.23160164,0 -103.96681675,30.22676458,0 -103.97521417,30.22192698,0 -103.98361076,30.21708883,0 -103.99200654,30.21225015,0 -104.00040150,30.20741092,0 -104.00879563,30.20257115,0 -104.01718894,30.19773084,0 -104.02558144,30.19288999,0 -104.03397311,30.18804860,0 -104.04236396,30.18320667,0 -104.05075398,30.17836419,0 -104.05914319,30.17352118,0 -104.06753158,30.16867763,0 -104.07591915,30.16383354,0 -104.08430590,30.15898891,0 -104.09269182,30.15414374,0 -104.10107693,30.14929803,0 -104.10946122,30.14445178,0 -104.11784469,30.13960499,0</coordinates></LineString></Placemark><Placemark><name>Ray 237.0°</name><description><![CDATA[Azimuth 236.99° (true)<br>Distance to US-67: 26.293 km<br>Highway chainage from Shafter end: 43.93 km<br>Highway crossings on this ray: 1]]></description><styleUrl>#ray36</styleUrl><LineString><tessellate>1</tessellate><altitudeMode>clampToGround</altitudeMode><coordinates>-103.88279730,30.27511080,0 -103.89128360,30.27032420,0 -103.89976907,30.26553705,0 -103.90825373,30.26074934,0 -103.91673755,30.25596108,0 -103.92522056,30.25117227,0 -103.93370274,30.24638291,0 -103.94218410,30.24159299,0 -103.95066464,30.23680252,0 -103.95914436,30.23201150,0 -103.96762325,30.22721993,0 -103.97610132,30.22242780,0 -103.98457857,30.21763512,0 -103.99305500,30.21284189,0 -104.00153060,30.20804811,0 -104.01000538,30.20325378,0 -104.01847935,30.19845889,0 -104.02695249,30.19366346,0 -104.03542481,30.18886747,0 -104.04389630,30.18407094,0 -104.05236698,30.17927385,0 -104.06083684,30.17447621,0 -104.06930588,30.16967803,0 -104.07777409,30.16487929,0 -104.08624149,30.16008000,0 -104.09470806,30.15528016,0 -104.10317382,30.15047978,0 -104.11163875,30.14567884,0</coordinates></LineString></Placemark><Placemark><name>Ray 237.5°</name><description><![CDATA[Azimuth 237.49° (true)<br>Distance to US-67: 25.397 km<br>Highway chainage from Shafter end: 44.85 km<br>Highway crossings on this ray: 1]]></description><styleUrl>#ray37</styleUrl><LineString><tessellate>1</tessellate><altitudeMode>clampToGround</altitudeMode><coordinates>-103.88279730,30.27511080,0 -103.89135740,30.27037427,0 -103.89991668,30.26563718,0 -103.90847513,30.26089953,0 -103.91703277,30.25616132,0 -103.92558958,30.25142254,0 -103.93414557,30.24668320,0 -103.94270074,30.24194330,0 -103.95125509,30.23720284,0 -103.95980861,30.23246181,0 -103.96836132,30.22772022,0 -103.97691321,30.22297807,0 -103.98546427,30.21823536,0 -103.99401452,30.21349209,0 -104.00256394,30.20874826,0 -104.01111255,30.20400387,0 -104.01966033,30.19925891,0 -104.02820730,30.19451340,0 -104.03675344,30.18976733,0 -104.04529877,30.18502069,0 -104.05384327,30.18027350,0 -104.06238696,30.17552574,0 -104.07092983,30.17077743,0 -104.07947188,30.16602855,0 -104.08801311,30.16127912,0 -104.09655352,30.15652912,0 -104.10509311,30.15177857,0</coordinates></LineString></Placemark><Placemark><name>Ray 238.0°</name><description><![CDATA[Azimuth 237.99° (true)<br>Distance to US-67: 24.567 km<br>Highway chainage from Shafter end: 45.71 km<br>Highway crossings on this ray: 1]]></description><styleUrl>#ray38</styleUrl><LineString><tessellate>1</tessellate><altitudeMode>clampToGround</altitudeMode><coordinates>-103.88279730,30.27511080,0 -103.89145666,30.27041108,0 -103.90011519,30.26571079,0 -103.90877290,30.26100993,0 -103.91742979,30.25630848,0 -103.92608585,30.25160647,0 -103.93474108,30.24690387,0 -103.94339550,30.24220070,0 -103.95204908,30.23749696,0 -103.96070185,30.23279264,0 -103.96935379,30.22808775,0 -103.97800490,30.22338228,0 -103.98665519,30.21867624,0 -103.99530466,30.21396962,0 -104.00395331,30.20926243,0 -104.01260113,30.20455467,0 -104.02124813,30.19984633,0 -104.02989430,30.19513742,0 -104.03853966,30.19042794,0 -104.04718419,30.18571788,0 -104.05582789,30.18100725,0 -104.06447078,30.17629605,0 -104.07311284,30.17158427,0 -104.08175408,30.16687192,0 -104.09039450,30.16215900,0 -104.09903410,30.15744551,0</coordinates></LineString></Placemark><Placemark><name>Ray 238.5°</name><description><![CDATA[Azimuth 238.49° (true)<br>Distance to US-67: 23.786 km<br>Highway chainage from Shafter end: 46.52 km<br>Highway crossings on this ray: 1]]></description><styleUrl>#ray39</styleUrl><LineString><tessellate>1</tessellate><altitudeMode>clampToGround</altitudeMode><coordinates>-103.88279730,30.27511080,0 -103.89157804,30.27043722,0 -103.90035795,30.26576304,0 -103.90913703,30.26108827,0 -103.91791528,30.25641291,0 -103.92669269,30.25173696,0 -103.93546927,30.24706042,0 -103.94424503,30.24238328,0 -103.95301995,30.23770556,0 -103.96179404,30.23302724,0 -103.97056730,30.22834834,0 -103.97933972,30.22366884,0 -103.98811132,30.21898875,0 -103.99688209,30.21430807,0 -104.00565203,30.20962681,0 -104.01442113,30.20494495,0 -104.02318941,30.20026250,0 -104.03195685,30.19557946,0 -104.04072347,30.19089584,0 -104.04948926,30.18621162,0 -104.05825422,30.18152682,0 -104.06701834,30.17684142,0 -104.07578164,30.17215544,0 -104.08454411,30.16746887,0 -104.09330575,30.16278171,0</coordinates></LineString></Placemark><Placemark><name>Ray 239.0°</name><description><![CDATA[Azimuth 238.99° (true)<br>Distance to US-67: 23.040 km<br>Highway chainage from Shafter end: 47.29 km<br>Highway crossings on this ray: 1]]></description><styleUrl>#ray40</styleUrl><LineString><tessellate>1</tessellate><altitudeMode>clampToGround</altitudeMode><coordinates>-103.88279730,30.27511080,0 -103.89134780,30.27064843,0 -103.89989753,30.26618549,0 -103.90844648,30.26172199,0 -103.91699466,30.25725794,0 -103.92554206,30.25279332,0 -103.93408870,30.24832814,0 -103.94263456,30.24386240,0 -103.95117964,30.23939610,0 -103.95972396,30.23492924,0 -103.96826750,30.23046182,0 -103.97681027,30.22599384,0 -103.98535227,30.22152530,0 -103.99389349,30.21705620,0 -104.00243395,30.21258654,0 -104.01097363,30.20811632,0 -104.01951254,30.20364554,0 -104.02805067,30.19917421,0 -104.03658804,30.19470231,0 -104.04512463,30.19022986,0 -104.05366045,30.18575684,0 -104.06219550,30.18128327,0 -104.07072978,30.17680914,0 -104.07926329,30.17233445,0 -104.08779603,30.16785921,0</coordinates></LineString></Placemark><Placemark><name>Ray 239.5°</name><description><![CDATA[Azimuth 239.49° (true)<br>Distance to US-67: 22.421 km<br>Highway chainage from Shafter end: 47.94 km<br>Highway crossings on this ray: 1]]></description><styleUrl>#ray41</styleUrl><LineString><tessellate>1</tessellate><altitudeMode>clampToGround</altitudeMode><coordinates>-103.88279730,30.27511080,0 -103.89152482,30.27064557,0 -103.90025154,30.26617976,0 -103.90897748,30.26171337,0 -103.91770263,30.25724639,0 -103.92642699,30.25277882,0 -103.93515056,30.24831067,0 -103.94387333,30.24384194,0 -103.95259532,30.23937263,0 -103.96131652,30.23490273,0 -103.97003693,30.23043224,0 -103.97875656,30.22596118,0 -103.98747539,30.22148953,0 -103.99619343,30.21701730,0 -104.00491069,30.21254448,0 -104.01362716,30.20807108,0 -104.02234284,30.20359710,0 -104.03105773,30.19912254,0 -104.03977183,30.19464739,0 -104.04848514,30.19017167,0 -104.05719767,30.18569536,0 -104.06590941,30.18121847,0 -104.07462036,30.17674100,0 -104.08333052,30.17226294,0</coordinates></LineString></Placemark><Placemark><name>Ray 240.0°</name><description><![CDATA[Azimuth 239.99° (true)<br>Distance to US-67: 22.098 km<br>Highway chainage from Shafter end: 48.32 km<br>Highway crossings on this ray: 1]]></description><styleUrl>#ray42</styleUrl><LineString><tessellate>1</tessellate><altitudeMode>clampToGround</altitudeMode><coordinates>-103.88279730,30.27511080,0 -103.89144333,30.27077506,0 -103.90008861,30.26643875,0 -103.90873312,30.26210187,0 -103.91737688,30.25776441,0 -103.92601987,30.25342638,0 -103.93466211,30.24908778,0 -103.94330358,30.24474860,0 -103.95194430,30.24040885,0 -103.96058426,30.23606853,0 -103.96922345,30.23172763,0 -103.97786189,30.22738617,0 -103.98649957,30.22304413,0 -103.99513649,30.21870152,0 -104.00377266,30.21435833,0 -104.01240806,30.21001458,0 -104.02104271,30.20567025,0 -104.02967659,30.20132535,0 -104.03830972,30.19697989,0 -104.04694209,30.19263385,0 -104.05557370,30.18828723,0 -104.06420456,30.18394005,0 -104.07283465,30.17959230,0 -104.08146399,30.17524397,0</coordinates></LineString></Placemark><Placemark><name>Ray 240.5°</name><description><![CDATA[Azimuth 240.49° (true)<br>Distance to US-67: 21.866 km<br>Highway chainage from Shafter end: 48.62 km<br>Highway crossings on this ray: 1]]></description><styleUrl>#ray43</styleUrl><LineString><tessellate>1</tessellate><altitudeMode>clampToGround</altitudeMode><coordinates>-103.88279730,30.27511080,0 -103.89178588,30.27069363,0 -103.90077366,30.26627583,0 -103.90976063,30.26185742,0 -103.91874679,30.25743838,0 -103.92773215,30.25301873,0 -103.93671671,30.24859846,0 -103.94570046,30.24417757,0 -103.95468341,30.23975606,0 -103.96366556,30.23533393,0 -103.97264689,30.23091118,0 -103.98162743,30.22648781,0 -103.99060716,30.22206383,0 -103.99958609,30.21763923,0 -104.00856422,30.21321401,0 -104.01754154,30.20878817,0 -104.02651805,30.20436171,0 -104.03549377,30.19993464,0 -104.04446868,30.19550695,0 -104.05344279,30.19107864,0 -104.06241609,30.18664971,0 -104.07138859,30.18222017,0 -104.08036029,30.17779001,0</coordinates></LineString></Placemark><Placemark><name>Ray 241.0°</name><description><![CDATA[Azimuth 240.99° (true)<br>Distance to US-67: 21.648 km<br>Highway chainage from Shafter end: 48.91 km<br>Highway crossings on this ray: 1]]></description><styleUrl>#ray44</styleUrl><LineString><tessellate>1</tessellate><altitudeMode>clampToGround</altitudeMode><coordinates>-103.88279730,30.27511080,0 -103.89174002,30.27080518,0 -103.90068196,30.26649894,0 -103.90962312,30.26219209,0 -103.91856350,30.25788463,0 -103.92750310,30.25357656,0 -103.93644192,30.24926787,0 -103.94537996,30.24495857,0 -103.95431722,30.24064866,0 -103.96325370,30.23633813,0 -103.97218940,30.23202699,0 -103.98112432,30.22771524,0 -103.99005846,30.22340288,0 -103.99899182,30.21908991,0 -104.00792440,30.21477633,0 -104.01685620,30.21046213,0 -104.02578722,30.20614732,0 -104.03471747,30.20183190,0 -104.04364693,30.19751587,0 -104.05257562,30.19319923,0 -104.06150352,30.18888198,0 -104.07043065,30.18456412,0 -104.07935700,30.18024565,0</coordinates></LineString></Placemark><Placemark><name>Ray 241.5°</name><description><![CDATA[Azimuth 241.49° (true)<br>Distance to US-67: 21.437 km<br>Highway chainage from Shafter end: 49.19 km<br>Highway crossings on this ray: 1]]></description><styleUrl>#ray45</styleUrl><LineString><tessellate>1</tessellate><altitudeMode>clampToGround</altitudeMode><coordinates>-103.88279730,30.27511080,0 -103.89169531,30.27091442,0 -103.90059256,30.26671744,0 -103.90948905,30.26251985,0 -103.91838478,30.25832166,0 -103.92727976,30.25412285,0 -103.93617399,30.24992344,0 -103.94506745,30.24572343,0 -103.95396016,30.24152280,0 -103.96285211,30.23732158,0 -103.97174331,30.23311974,0 -103.98063375,30.22891730,0 -103.98952344,30.22471425,0 -103.99841236,30.22051060,0 -104.00730054,30.21630634,0 -104.01618795,30.21210148,0 -104.02507461,30.20789601,0 -104.03396052,30.20368994,0 -104.04284567,30.19948326,0 -104.05173006,30.19527598,0 -104.06061370,30.19106809,0 -104.06949658,30.18685960,0 -104.07837871,30.18265050,0</coordinates></LineString></Placemark><Placemark><name>Ray 242.0°</name><description><![CDATA[Azimuth 241.99° (true)<br>Distance to US-67: 21.229 km<br>Highway chainage from Shafter end: 49.47 km<br>Highway crossings on this ray: 1]]></description><styleUrl>#ray46</styleUrl><LineString><tessellate>1</tessellate><altitudeMode>clampToGround</altitudeMode><coordinates>-103.88279730,30.27511080,0 -103.89165047,30.27102202,0 -103.90050290,30.26693265,0 -103.90935460,30.26284267,0 -103.91820556,30.25875209,0 -103.92705579,30.25466091,0 -103.93590529,30.25056913,0 -103.94475405,30.24647675,0 -103.95360208,30.24238377,0 -103.96244938,30.23829019,0 -103.97129594,30.23419601,0 -103.98014177,30.23010123,0 -103.98898687,30.22600585,0 -103.99783123,30.22190987,0 -104.00667487,30.21781330,0 -104.01551776,30.21371612,0 -104.02435993,30.20961834,0 -104.03320136,30.20551997,0 -104.04204206,30.20142099,0 -104.05088203,30.19732142,0 -104.05972127,30.19322125,0 -104.06855977,30.18912048,0 -104.07739754,30.18501912,0</coordinates></LineString></Placemark><Placemark><name>Ray 242.5°</name><description><![CDATA[Azimuth 242.49° (true)<br>Distance to US-67: 21.026 km<br>Highway chainage from Shafter end: 49.75 km<br>Highway crossings on this ray: 1]]></description><styleUrl>#ray47</styleUrl><LineString><tessellate>1</tessellate><altitudeMode>clampToGround</altitudeMode><coordinates>-103.88279730,30.27511080,0 -103.89160616,30.27112771,0 -103.90041432,30.26714402,0 -103.90922176,30.26315974,0 -103.91802849,30.25917487,0 -103.92683450,30.25518940,0 -103.93563981,30.25120333,0 -103.94444441,30.24721667,0 -103.95324829,30.24322942,0 -103.96205147,30.23924157,0 -103.97085393,30.23525313,0 -103.97965569,30.23126410,0 -103.98845673,30.22727447,0 -103.99725706,30.22328425,0 -104.00605668,30.21929344,0 -104.01485559,30.21530203,0 -104.02365379,30.21131003,0 -104.03245129,30.20731743,0 -104.04124807,30.20332425,0 -104.05004414,30.19933047,0 -104.05883950,30.19533610,0 -104.06763414,30.19134114,0 -104.07642808,30.18734558,0</coordinates></LineString></Placemark><Placemark><name>Ray 243.0°</name><description><![CDATA[Azimuth 242.99° (true)<br>Distance to US-67: 20.833 km<br>Highway chainage from Shafter end: 50.01 km<br>Highway crossings on this ray: 1]]></description><styleUrl>#ray48</styleUrl><LineString><tessellate>1</tessellate><altitudeMode>clampToGround</altitudeMode><coordinates>-103.88279730,30.27511080,0 -103.89198209,30.27104576,0 -103.90116612,30.26698008,0 -103.91034939,30.26291375,0 -103.91953190,30.25884677,0 -103.92871366,30.25477915,0 -103.93789466,30.25071088,0 -103.94707491,30.24664196,0 -103.95625440,30.24257240,0 -103.96543313,30.23850220,0 -103.97461111,30.23443134,0 -103.98378833,30.23035985,0 -103.99296479,30.22628770,0 -104.00214050,30.22221492,0 -104.01131545,30.21814148,0 -104.02048964,30.21406741,0 -104.02966308,30.20999269,0 -104.03883577,30.20591732,0 -104.04800769,30.20184131,0 -104.05717887,30.19776466,0 -104.06634928,30.19368736,0 -104.07551894,30.18960942,0</coordinates></LineString></Placemark><Placemark><name>Ray 243.5°</name><description><![CDATA[Azimuth 243.49° (true)<br>Distance to US-67: 20.647 km<br>Highway chainage from Shafter end: 50.27 km<br>Highway crossings on this ray: 1]]></description><styleUrl>#ray49</styleUrl><LineString><tessellate>1</tessellate><altitudeMode>clampToGround</altitudeMode><coordinates>-103.88279730,30.27511080,0 -103.89194032,30.27115113,0 -103.90108261,30.26719081,0 -103.91022417,30.26322985,0 -103.91936499,30.25926826,0 -103.92850508,30.25530602,0 -103.93764444,30.25134314,0 -103.94678306,30.24737963,0 -103.95592095,30.24341547,0 -103.96505810,30.23945067,0 -103.97419452,30.23548524,0 -103.98333021,30.23151916,0 -103.99246516,30.22755245,0 -104.00159939,30.22358510,0 -104.01073287,30.21961710,0 -104.01986563,30.21564847,0 -104.02899765,30.21167920,0 -104.03812894,30.20770929,0 -104.04725949,30.20373875,0 -104.05638931,30.19976756,0 -104.06551840,30.19579574,0 -104.07464676,30.19182328,0</coordinates></LineString></Placemark><Placemark><name>Ray 244.0°</name><description><![CDATA[Azimuth 243.99° (true)<br>Distance to US-67: 20.460 km<br>Highway chainage from Shafter end: 50.53 km<br>Highway crossings on this ray: 1]]></description><styleUrl>#ray50</styleUrl><LineString><tessellate>1</tessellate><altitudeMode>clampToGround</altitudeMode><coordinates>-103.88279730,30.27511080,0 -103.89189690,30.27125565,0 -103.90099580,30.26739986,0 -103.91009398,30.26354344,0 -103.91919145,30.25968638,0 -103.92828821,30.25582869,0 -103.93738425,30.25197037,0 -103.94647959,30.24811141,0 -103.95557422,30.24425182,0 -103.96466813,30.24039159,0 -103.97376134,30.23653074,0 -103.98285383,30.23266924,0 -103.99194561,30.22880712,0 -104.00103668,30.22494436,0 -104.01012705,30.22108097,0 -104.01921670,30.21721695,0 -104.02830564,30.21335229,0 -104.03739387,30.20948701,0 -104.04648139,30.20562108,0 -104.05556820,30.20175453,0 -104.06465430,30.19788735,0 -104.07373969,30.19401953,0</coordinates></LineString></Placemark><Placemark><name>Ray 244.5°</name><description><![CDATA[Azimuth 244.49° (true)<br>Distance to US-67: 20.279 km<br>Highway chainage from Shafter end: 50.79 km<br>Highway crossings on this ray: 1]]></description><styleUrl>#ray51</styleUrl><LineString><tessellate>1</tessellate><altitudeMode>clampToGround</altitudeMode><coordinates>-103.88279730,30.27511080,0 -103.89185426,30.27135830,0 -103.90091053,30.26760518,0 -103.90996612,30.26385143,0 -103.91902101,30.26009705,0 -103.92807522,30.25634204,0 -103.93712873,30.25258640,0 -103.94618156,30.24883014,0 -103.95523370,30.24507325,0 -103.96428515,30.24131573,0 -103.97333591,30.23755758,0 -103.98238598,30.23379881,0 -103.99143537,30.23003941,0 -104.00048406,30.22627938,0 -104.00953207,30.22251872,0 -104.01857939,30.21875744,0 -104.02762602,30.21499553,0 -104.03667196,30.21123300,0 -104.04571722,30.20746984,0 -104.05476178,30.20370605,0 -104.06380566,30.19994164,0 -104.07284885,30.19617660,0</coordinates></LineString></Placemark><Placemark><name>Ray 245.0°</name><description><![CDATA[Azimuth 244.99° (true)<br>Distance to US-67: 20.106 km<br>Highway chainage from Shafter end: 51.03 km<br>Highway crossings on this ray: 1]]></description><styleUrl>#ray52</styleUrl><LineString><tessellate>1</tessellate><altitudeMode>clampToGround</altitudeMode><coordinates>-103.88279730,30.27511080,0 -103.89181418,30.27145843,0 -103.90083039,30.26780544,0 -103.90984593,30.26415182,0 -103.91886081,30.26049758,0 -103.92787502,30.25684272,0 -103.93688856,30.25318724,0 -103.94590144,30.24953113,0 -103.95491364,30.24587441,0 -103.96392518,30.24221706,0 -103.97293605,30.23855909,0 -103.98194626,30.23490049,0 -103.99095579,30.23124128,0 -103.99996466,30.22758144,0 -104.00897286,30.22392099,0 -104.01798040,30.22025991,0 -104.02698727,30.21659821,0 -104.03599347,30.21293589,0 -104.04499900,30.20927295,0 -104.05400387,30.20560939,0 -104.06300807,30.20194521,0 -104.07201160,30.19828040,0</coordinates></LineString></Placemark><Placemark><name>Ray 245.5°</name><description><![CDATA[Azimuth 245.49° (true)<br>Distance to US-67: 19.933 km<br>Highway chainage from Shafter end: 51.28 km<br>Highway crossings on this ray: 1]]></description><styleUrl>#ray53</styleUrl><LineString><tessellate>1</tessellate><altitudeMode>clampToGround</altitudeMode><coordinates>-103.88279730,30.27511080,0 -103.89222115,30.27138014,0 -103.90164429,30.26764880,0 -103.91106671,30.26391678,0 -103.92048843,30.26018408,0 -103.92990943,30.25645070,0 -103.93932971,30.25271663,0 -103.94874929,30.24898189,0 -103.95816815,30.24524648,0 -103.96758630,30.24151038,0 -103.97700374,30.23777360,0 -103.98642046,30.23403614,0 -103.99583647,30.23029801,0 -104.00525177,30.22655919,0 -104.01466636,30.22281970,0 -104.02408023,30.21907953,0 -104.03349340,30.21533868,0 -104.04290585,30.21159715,0 -104.05231758,30.20785495,0 -104.06172861,30.20411207,0 -104.07113892,30.20036851,0</coordinates></LineString></Placemark><Placemark><name>Ray 246.0°</name><description><![CDATA[Azimuth 245.99° (true)<br>Distance to US-67: 19.759 km<br>Highway chainage from Shafter end: 51.52 km<br>Highway crossings on this ray: 1]]></description><styleUrl>#ray54</styleUrl><LineString><tessellate>1</tessellate><altitudeMode>clampToGround</altitudeMode><coordinates>-103.88279730,30.27511080,0 -103.89217571,30.27148361,0 -103.90155342,30.26785574,0 -103.91093045,30.26422721,0 -103.92030679,30.26059800,0 -103.92968243,30.25696811,0 -103.93905739,30.25333755,0 -103.94843166,30.24970632,0 -103.95780524,30.24607442,0 -103.96717813,30.24244184,0 -103.97655033,30.23880860,0 -103.98592184,30.23517467,0 -103.99529266,30.23154008,0 -104.00466279,30.22790482,0 -104.01403223,30.22426888,0 -104.02340099,30.22063227,0 -104.03276905,30.21699499,0 -104.04213642,30.21335704,0 -104.05150311,30.20971842,0 -104.06086910,30.20607912,0 -104.07023441,30.20243916,0</coordinates></LineString></Placemark><Placemark><name>Ray 246.5°</name><description><![CDATA[Azimuth 246.49° (true)<br>Distance to US-67: 19.601 km<br>Highway chainage from Shafter end: 51.76 km<br>Highway crossings on this ray: 1]]></description><styleUrl>#ray55</styleUrl><LineString><tessellate>1</tessellate><altitudeMode>clampToGround</altitudeMode><coordinates>-103.88279730,30.27511080,0 -103.89213690,30.27158308,0 -103.90147583,30.26805470,0 -103.91081409,30.26452565,0 -103.92015168,30.26099593,0 -103.92948860,30.25746555,0 -103.93882486,30.25393449,0 -103.94816045,30.25040277,0 -103.95749537,30.24687038,0 -103.96682963,30.24333733,0 -103.97616321,30.23980360,0 -103.98549613,30.23626922,0 -103.99482838,30.23273416,0 -104.00415996,30.22919844,0 -104.01349088,30.22566205,0 -104.02282112,30.22212500,0 -104.03215070,30.21858728,0 -104.04147961,30.21504889,0 -104.05080786,30.21150984,0 -104.06013543,30.20797012,0 -104.06946234,30.20442974,0</coordinates></LineString></Placemark><Placemark><name>Ray 247.0°</name><description><![CDATA[Azimuth 246.99° (true)<br>Distance to US-67: 19.448 km<br>Highway chainage from Shafter end: 51.99 km<br>Highway crossings on this ray: 1]]></description><styleUrl>#ray56</styleUrl><LineString><tessellate>1</tessellate><altitudeMode>clampToGround</altitudeMode><coordinates>-103.88279730,30.27511080,0 -103.89209870,30.27168100,0 -103.90139945,30.26825053,0 -103.91069955,30.26481940,0 -103.91999901,30.26138761,0 -103.92929782,30.25795516,0 -103.93859598,30.25452205,0 -103.94789350,30.25108827,0 -103.95719037,30.24765383,0 -103.96648659,30.24421874,0 -103.97578217,30.24078298,0 -103.98507710,30.23734655,0 -103.99437138,30.23390947,0 -104.00366502,30.23047173,0 -104.01295801,30.22703332,0 -104.02225035,30.22359426,0 -104.03154205,30.22015453,0 -104.04083310,30.21671415,0 -104.05012351,30.21327310,0 -104.05941326,30.20983139,0 -104.06870237,30.20638903,0</coordinates></LineString></Placemark><Placemark><name>Ray 247.5°</name><description><![CDATA[Azimuth 247.49° (true)<br>Distance to US-67: 19.295 km<br>Highway chainage from Shafter end: 52.21 km<br>Highway crossings on this ray: 1]]></description><styleUrl>#ray57</styleUrl><LineString><tessellate>1</tessellate><altitudeMode>clampToGround</altitudeMode><coordinates>-103.88279730,30.27511080,0 -103.89205945,30.27177798,0 -103.90132098,30.26844451,0 -103.91058188,30.26511038,0 -103.91984216,30.26177560,0 -103.92910181,30.25844016,0 -103.93836084,30.25510406,0 -103.94761923,30.25176731,0 -103.95687701,30.24842990,0 -103.96613415,30.24509183,0 -103.97539068,30.24175311,0 -103.98464657,30.23841373,0 -103.99390184,30.23507370,0 -104.00315648,30.23173301,0 -104.01241050,30.22839167,0 -104.02166389,30.22504967,0 -104.03091666,30.22170702,0 -104.04016880,30.21836371,0 -104.04942032,30.21501975,0 -104.05867121,30.21167513,0 -104.06792147,30.20832986,0</coordinates></LineString></Placemark><Placemark><name>Ray 248.0°</name><description><![CDATA[Azimuth 247.99° (true)<br>Distance to US-67: 19.143 km<br>Highway chainage from Shafter end: 52.44 km<br>Highway crossings on this ray: 1]]></description><styleUrl>#ray58</styleUrl><LineString><tessellate>1</tessellate><altitudeMode>clampToGround</altitudeMode><coordinates>-103.88279730,30.27511080,0 -103.89201929,30.27187400,0 -103.90124068,30.26863655,0 -103.91046147,30.26539846,0 -103.91968164,30.26215971,0 -103.92890122,30.25892031,0 -103.93812018,30.25568025,0 -103.94733855,30.25243955,0 -103.95655630,30.24919820,0 -103.96577346,30.24595620,0 -103.97499000,30.24271355,0 -103.98420594,30.23947025,0 -103.99342128,30.23622629,0 -104.00263601,30.23298169,0 -104.01185014,30.22973644,0 -104.02106366,30.22649054,0 -104.03027658,30.22324399,0 -104.03948889,30.21999679,0 -104.04870059,30.21674895,0 -104.05791169,30.21350045,0 -104.06712219,30.21025131,0</coordinates></LineString></Placemark><Placemark><name>Ray 248.5°</name><description><![CDATA[Azimuth 248.49° (true)<br>Distance to US-67: 18.996 km<br>Highway chainage from Shafter end: 52.66 km<br>Highway crossings on this ray: 1]]></description><styleUrl>#ray59</styleUrl><LineString><tessellate>1</tessellate><altitudeMode>clampToGround</altitudeMode><coordinates>-103.88279730,30.27511080,0 -103.89246366,30.27180291,0 -103.90212937,30.26849430,0 -103.91179443,30.26518498,0 -103.92145884,30.26187495,0 -103.93112261,30.25856420,0 -103.94078572,30.25525273,0 -103.95044819,30.25194055,0 -103.96011001,30.24862766,0 -103.96977118,30.24531405,0 -103.97943170,30.24199973,0 -103.98909158,30.23868469,0 -103.99875080,30.23536894,0 -104.00840938,30.23205248,0 -104.01806731,30.22873530,0 -104.02772459,30.22541741,0 -104.03738123,30.22209881,0 -104.04703721,30.21877949,0 -104.05669255,30.21545946,0 -104.06634723,30.21213872,0</coordinates></LineString></Placemark><Placemark><name>Ray 249.0°</name><description><![CDATA[Azimuth 248.99° (true)<br>Distance to US-67: 18.855 km<br>Highway chainage from Shafter end: 52.88 km<br>Highway crossings on this ray: 1]]></description><styleUrl>#ray60</styleUrl><LineString><tessellate>1</tessellate><altitudeMode>clampToGround</altitudeMode><coordinates>-103.88279730,30.27511080,0 -103.89242445,30.27190030,0 -103.90205097,30.26868909,0 -103.91167686,30.26547717,0 -103.92130213,30.26226454,0 -103.93092677,30.25905120,0 -103.94055079,30.25583716,0 -103.95017417,30.25262240,0 -103.95979693,30.24940694,0 -103.96941907,30.24619077,0 -103.97904058,30.24297389,0 -103.98866146,30.23975630,0 -103.99828171,30.23653801,0 -104.00790134,30.23331900,0 -104.01752034,30.23009929,0 -104.02713871,30.22687887,0 -104.03675646,30.22365775,0 -104.04637357,30.22043591,0 -104.05599007,30.21721337,0 -104.06560593,30.21399013,0</coordinates></LineString></Placemark><Placemark><name>Ray 249.5°</name><description><![CDATA[Azimuth 249.49° (true)<br>Distance to US-67: 18.714 km<br>Highway chainage from Shafter end: 53.10 km<br>Highway crossings on this ray: 1]]></description><styleUrl>#ray61</styleUrl><LineString><tessellate>1</tessellate><altitudeMode>clampToGround</altitudeMode><coordinates>-103.88279730,30.27511080,0 -103.89238451,30.27199668,0 -103.90197112,30.26888186,0 -103.91155712,30.26576634,0 -103.92114252,30.26265011,0 -103.93072731,30.25953318,0 -103.94031149,30.25641554,0 -103.94989507,30.25329721,0 -103.95947805,30.25017817,0 -103.96906042,30.24705843,0 -103.97864218,30.24393798,0 -103.98822334,30.24081684,0 -103.99780389,30.23769499,0 -104.00738384,30.23457244,0 -104.01696318,30.23144919,0 -104.02654191,30.22832523,0 -104.03612005,30.22520058,0 -104.04569757,30.22207522,0 -104.05527449,30.21894916,0 -104.06485080,30.21582240,0</coordinates></LineString></Placemark><Placemark><name>Ray 250.0°</name><description><![CDATA[Azimuth 249.99° (true)<br>Distance to US-67: 18.578 km<br>Highway chainage from Shafter end: 53.31 km<br>Highway crossings on this ray: 1]]></description><styleUrl>#ray62</styleUrl><LineString><tessellate>1</tessellate><altitudeMode>clampToGround</altitudeMode><coordinates>-103.88279730,30.27511080,0 -103.89234516,30.27209165,0 -103.90189244,30.26907180,0 -103.91143914,30.26605125,0 -103.92098525,30.26303001,0 -103.93053077,30.26000807,0 -103.94007571,30.25698543,0 -103.94962007,30.25396209,0 -103.95916384,30.25093806,0 -103.96870703,30.24791333,0 -103.97824963,30.24488791,0 -103.98779165,30.24186178,0 -103.99733308,30.23883497,0 -104.00687393,30.23580745,0 -104.01641419,30.23277924,0 -104.02595387,30.22975034,0 -104.03549297,30.22672073,0 -104.04503148,30.22369044,0 -104.05456940,30.22065944,0 -104.06410674,30.21762776,0</coordinates></LineString></Placemark><Placemark><name>Ray 250.5°</name><description><![CDATA[Azimuth 250.49° (true)<br>Distance to US-67: 18.445 km<br>Highway chainage from Shafter end: 53.52 km<br>Highway crossings on this ray: 1]]></description><styleUrl>#ray63</styleUrl><LineString><tessellate>1</tessellate><altitudeMode>clampToGround</altitudeMode><coordinates>-103.88279730,30.27511080,0 -103.89230662,30.27218517,0 -103.90181537,30.26925885,0 -103.91132356,30.26633184,0 -103.92083118,30.26340413,0 -103.93033824,30.26047574,0 -103.93984474,30.25754665,0 -103.94935067,30.25461687,0 -103.95885604,30.25168641,0 -103.96836084,30.24875524,0 -103.97786508,30.24582339,0 -103.98736875,30.24289085,0 -103.99687186,30.23995762,0 -104.00637441,30.23702370,0 -104.01587639,30.23408908,0 -104.02537781,30.23115378,0 -104.03487866,30.22821779,0 -104.04437895,30.22528110,0 -104.05387867,30.22234373,0 -104.06337783,30.21940567,0</coordinates></LineString></Placemark><Placemark><name>Ray 251.0°</name><description><![CDATA[Azimuth 250.99° (true)<br>Distance to US-67: 18.315 km<br>Highway chainage from Shafter end: 53.72 km<br>Highway crossings on this ray: 1]]></description><styleUrl>#ray64</styleUrl><LineString><tessellate>1</tessellate><altitudeMode>clampToGround</altitudeMode><coordinates>-103.88279730,30.27511080,0 -103.89226870,30.27227735,0 -103.90173956,30.26944321,0 -103.91120987,30.26660838,0 -103.92067964,30.26377287,0 -103.93014886,30.26093667,0 -103.93961754,30.25809979,0 -103.94908568,30.25526222,0 -103.95855327,30.25242396,0 -103.96802032,30.24958502,0 -103.97748682,30.24674540,0 -103.98695278,30.24390509,0 -103.99641819,30.24106409,0 -104.00588306,30.23822241,0 -104.01534739,30.23538004,0 -104.02481117,30.23253699,0 -104.03427440,30.22969326,0 -104.04373709,30.22684884,0 -104.05319924,30.22400373,0 -104.06266084,30.22115794,0</coordinates></LineString></Placemark><Placemark><name>Ray 251.5°</name><description><![CDATA[Azimuth 251.49° (true)<br>Distance to US-67: 18.186 km<br>Highway chainage from Shafter end: 53.93 km<br>Highway crossings on this ray: 1]]></description><styleUrl>#ray65</styleUrl><LineString><tessellate>1</tessellate><altitudeMode>clampToGround</altitudeMode><coordinates>-103.88279730,30.27511080,0 -103.89222981,30.27236868,0 -103.90166180,30.26962588,0 -103.91109326,30.26688240,0 -103.92052419,30.26413824,0 -103.92995460,30.26139339,0 -103.93938449,30.25864787,0 -103.94881385,30.25590167,0 -103.95824269,30.25315479,0 -103.96767101,30.25040723,0 -103.97709879,30.24765899,0 -103.98652606,30.24491006,0 -103.99595280,30.24216046,0 -104.00537901,30.23941018,0 -104.01480470,30.23665922,0 -104.02422986,30.23390759,0 -104.03365450,30.23115527,0 -104.04307862,30.22840227,0 -104.05250221,30.22564860,0 -104.06192527,30.22289424,0</coordinates></LineString></Placemark><Placemark><name>Ray 252.0°</name><description><![CDATA[Azimuth 251.99° (true)<br>Distance to US-67: 18.059 km<br>Highway chainage from Shafter end: 54.13 km<br>Highway crossings on this ray: 1]]></description><styleUrl>#ray66</styleUrl><LineString><tessellate>1</tessellate><altitudeMode>clampToGround</altitudeMode><coordinates>-103.88279730,30.27511080,0 -103.89219121,30.27245881,0 -103.90158461,30.26980615,0 -103.91097751,30.26715281,0 -103.92036990,30.26449880,0 -103.92976179,30.26184411,0 -103.93915317,30.25918875,0 -103.94854405,30.25653271,0 -103.95793442,30.25387600,0 -103.96732428,30.25121861,0 -103.97671364,30.24856055,0 -103.98610250,30.24590182,0 -103.99549085,30.24324241,0 -104.00487869,30.24058233,0 -104.01426603,30.23792158,0 -104.02365286,30.23526015,0 -104.03303919,30.23259805,0 -104.04242501,30.22993527,0 -104.05181032,30.22727183,0 -104.06119513,30.22460770,0</coordinates></LineString></Placemark><Placemark><name>Ray 252.5°</name><description><![CDATA[Azimuth 252.49° (true)<br>Distance to US-67: 17.936 km<br>Highway chainage from Shafter end: 54.33 km<br>Highway crossings on this ray: 1]]></description><styleUrl>#ray67</styleUrl><LineString><tessellate>1</tessellate><altitudeMode>clampToGround</altitudeMode><coordinates>-103.88279730,30.27511080,0 -103.89267306,30.27240524,0 -103.90254828,30.26969894,0 -103.91242296,30.26699189,0 -103.92229710,30.26428410,0 -103.93217069,30.26157556,0 -103.94204375,30.25886628,0 -103.95191626,30.25615625,0 -103.96178822,30.25344547,0 -103.97165965,30.25073395,0 -103.98153053,30.24802168,0 -103.99140088,30.24530867,0 -104.00127068,30.24259492,0 -104.01113993,30.23988042,0 -104.02100865,30.23716518,0 -104.03087682,30.23444919,0 -104.04074445,30.23173246,0 -104.05061154,30.22901498,0 -104.06047808,30.22629676,0</coordinates></LineString></Placemark><Placemark><name>Ray 253.0°</name><description><![CDATA[Azimuth 252.99° (true)<br>Distance to US-67: 17.817 km<br>Highway chainage from Shafter end: 54.53 km<br>Highway crossings on this ray: 1]]></description><styleUrl>#ray68</styleUrl><LineString><tessellate>1</tessellate><altitudeMode>clampToGround</altitudeMode><coordinates>-103.88279730,30.27511080,0 -103.89263403,30.27249765,0 -103.90247024,30.26988375,0 -103.91230593,30.26726912,0 -103.92214110,30.26465375,0 -103.93197574,30.26203764,0 -103.94180987,30.25942078,0 -103.95164347,30.25680319,0 -103.96147655,30.25418486,0 -103.97130911,30.25156579,0 -103.98114115,30.24894599,0 -103.99097267,30.24632544,0 -104.00080366,30.24370415,0 -104.01063413,30.24108213,0 -104.02046409,30.23845936,0 -104.03029351,30.23583586,0 -104.04012242,30.23321162,0 -104.04995081,30.23058664,0 -104.05977867,30.22796093,0</coordinates></LineString></Placemark><Placemark><name>Ray 253.5°</name><description><![CDATA[Azimuth 253.49° (true)<br>Distance to US-67: 17.701 km<br>Highway chainage from Shafter end: 54.72 km<br>Highway crossings on this ray: 1]]></description><styleUrl>#ray69</styleUrl><LineString><tessellate>1</tessellate><altitudeMode>clampToGround</altitudeMode><coordinates>-103.88279730,30.27511080,0 -103.89259551,30.27258884,0 -103.90239323,30.27006614,0 -103.91219044,30.26754271,0 -103.92198715,30.26501854,0 -103.93178335,30.26249364,0 -103.94157906,30.25996801,0 -103.95137427,30.25744164,0 -103.96116897,30.25491454,0 -103.97096317,30.25238671,0 -103.98075688,30.24985814,0 -103.99055008,30.24732884,0 -104.00034277,30.24479881,0 -104.01013497,30.24226804,0 -104.01992666,30.23973654,0 -104.02971786,30.23720431,0 -104.03950855,30.23467135,0 -104.04929874,30.23213765,0 -104.05908842,30.22960322,0</coordinates></LineString></Placemark><Placemark><name>Ray 254.0°</name><description><![CDATA[Azimuth 253.99° (true)<br>Distance to US-67: 17.586 km<br>Highway chainage from Shafter end: 54.91 km<br>Highway crossings on this ray: 1]]></description><styleUrl>#ray70</styleUrl><LineString><tessellate>1</tessellate><altitudeMode>clampToGround</altitudeMode><coordinates>-103.88279730,30.27511080,0 -103.89255685,30.27267901,0 -103.90231593,30.27024649,0 -103.91207452,30.26781324,0 -103.92183263,30.26537926,0 -103.93159026,30.26294456,0 -103.94134741,30.26050912,0 -103.95110407,30.25807296,0 -103.96086026,30.25563607,0 -103.97061596,30.25319846,0 -103.98037118,30.25076011,0 -103.99012592,30.24832104,0 -103.99988018,30.24588125,0 -104.00963395,30.24344072,0 -104.01938725,30.24099947,0 -104.02914006,30.23855749,0 -104.03889238,30.23611479,0 -104.04864423,30.23367135,0 -104.05839559,30.23122719,0</coordinates></LineString></Placemark><Placemark><name>Ray 254.5°</name><description><![CDATA[Azimuth 254.49° (true)<br>Distance to US-67: 17.474 km<br>Highway chainage from Shafter end: 55.10 km<br>Highway crossings on this ray: 1]]></description><styleUrl>#ray71</styleUrl><LineString><tessellate>1</tessellate><altitudeMode>clampToGround</altitudeMode><coordinates>-103.88279730,30.27511080,0 -103.89251840,30.27276809,0 -103.90223905,30.27042466,0 -103.91195923,30.26808051,0 -103.92167894,30.26573564,0 -103.93139820,30.26339004,0 -103.94111699,30.26104373,0 -103.95083533,30.25869669,0 -103.96055319,30.25634893,0 -103.97027060,30.25400044,0 -103.97998755,30.25165124,0 -103.98970403,30.24930131,0 -103.99942005,30.24695066,0 -104.00913561,30.24459929,0 -104.01885070,30.24224720,0 -104.02856533,30.23989439,0 -104.03827950,30.23754086,0 -104.04799321,30.23518660,0 -104.05770645,30.23283163,0</coordinates></LineString></Placemark><Placemark><name>Ray 255.0°</name><description><![CDATA[Azimuth 254.99° (true)<br>Distance to US-67: 17.364 km<br>Highway chainage from Shafter end: 55.29 km<br>Highway crossings on this ray: 1]]></description><styleUrl>#ray72</styleUrl><LineString><tessellate>1</tessellate><altitudeMode>clampToGround</altitudeMode><coordinates>-103.88279730,30.27511080,0 -103.89248048,30.27285604,0 -103.90216322,30.27060057,0 -103.91184552,30.26834438,0 -103.92152737,30.26608748,0 -103.93120878,30.26382986,0 -103.94088975,30.26157152,0 -103.95057027,30.25931246,0 -103.96025035,30.25705269,0 -103.96992999,30.25479221,0 -103.97960918,30.25253100,0 -103.98928793,30.25026909,0 -103.99896624,30.24800645,0 -104.00864411,30.24574310,0 -104.01832153,30.24347903,0 -104.02799850,30.24121425,0 -104.03767503,30.23894876,0 -104.04735112,30.23668254,0 -104.05702677,30.23441562,0</coordinates></LineString></Placemark><Placemark><name>Ray 255.5°</name><description><![CDATA[Azimuth 255.49° (true)<br>Distance to US-67: 17.257 km<br>Highway chainage from Shafter end: 55.47 km<br>Highway crossings on this ray: 1]]></description><styleUrl>#ray73</styleUrl><LineString><tessellate>1</tessellate><altitudeMode>clampToGround</altitudeMode><coordinates>-103.88279730,30.27511080,0 -103.89244305,30.27294290,0 -103.90208838,30.27077429,0 -103.91173329,30.26860497,0 -103.92137777,30.26643494,0 -103.93102182,30.26426419,0 -103.94066545,30.26209274,0 -103.95030866,30.25992058,0 -103.95995144,30.25774770,0 -103.96959380,30.25557411,0 -103.97923574,30.25339982,0 -103.98887725,30.25122481,0 -103.99851833,30.24904909,0 -104.00815899,30.24687267,0 -104.01779922,30.24469553,0 -104.02743903,30.24251768,0 -104.03707842,30.24033912,0 -104.04671737,30.23815986,0 -104.05635591,30.23597988,0</coordinates></LineString></Placemark><Placemark><name>Ray 256.0°</name><description><![CDATA[Azimuth 255.99° (true)<br>Distance to US-67: 17.153 km<br>Highway chainage from Shafter end: 55.66 km<br>Highway crossings on this ray: 1]]></description><styleUrl>#ray74</styleUrl><LineString><tessellate>1</tessellate><altitudeMode>clampToGround</altitudeMode><coordinates>-103.88279730,30.27511080,0 -103.89240608,30.27302870,0 -103.90201445,30.27094590,0 -103.91162242,30.26886239,0 -103.92122998,30.26677817,0 -103.93083714,30.26469325,0 -103.94044389,30.26260762,0 -103.95005023,30.26052129,0 -103.95965617,30.25843425,0 -103.96926170,30.25634651,0 -103.97886682,30.25425807,0 -103.98847154,30.25216891,0 -103.99807585,30.25007906,0 -104.00767976,30.24798849,0 -104.01728326,30.24589723,0 -104.02688635,30.24380526,0 -104.03648903,30.24171258,0 -104.04609131,30.23961920,0 -104.05569318,30.23752512,0</coordinates></LineString></Placemark><Placemark><name>Ray 256.5°</name><description><![CDATA[Azimuth 256.49° (true)<br>Distance to US-67: 17.051 km<br>Highway chainage from Shafter end: 55.84 km<br>Highway crossings on this ray: 1]]></description><styleUrl>#ray75</styleUrl><LineString><tessellate>1</tessellate><altitudeMode>clampToGround</altitudeMode><coordinates>-103.88279730,30.27511080,0 -103.89236936,30.27311352,0 -103.90194103,30.27111553,0 -103.91151231,30.26911685,0 -103.92108320,30.26711747,0 -103.93065371,30.26511738,0 -103.94022383,30.26311660,0 -103.94979356,30.26111511,0 -103.95936290,30.25911293,0 -103.96893185,30.25711005,0 -103.97850042,30.25510646,0 -103.98806859,30.25310218,0 -103.99763638,30.25109720,0 -104.00720378,30.24909152,0 -104.01677079,30.24708514,0 -104.02633741,30.24507806,0 -104.03590365,30.24307028,0 -104.04546949,30.24106180,0 -104.05503495,30.23905262,0</coordinates></LineString></Placemark><Placemark><name>Ray 257.0°</name><description><![CDATA[Azimuth 256.99° (true)<br>Distance to US-67: 16.951 km<br>Highway chainage from Shafter end: 56.02 km<br>Highway crossings on this ray: 1]]></description><styleUrl>#ray76</styleUrl><LineString><tessellate>1</tessellate><altitudeMode>clampToGround</altitudeMode><coordinates>-103.88279730,30.27511080,0 -103.89289386,30.27308478,0 -103.90299001,30.27105798,0 -103.91308575,30.26903041,0 -103.92318107,30.26700205,0 -103.93327597,30.26497291,0 -103.94337046,30.26294300,0 -103.95346453,30.26091231,0 -103.96355819,30.25888084,0 -103.97365143,30.25684859,0 -103.98374426,30.25481556,0 -103.99383667,30.25278175,0 -104.00392867,30.25074717,0 -104.01402025,30.24871181,0 -104.02411141,30.24667567,0 -104.03420216,30.24463875,0 -104.04429249,30.24260105,0 -104.05438240,30.24056258,0</coordinates></LineString></Placemark><Placemark><name>Ray 257.5°</name><description><![CDATA[Azimuth 257.49° (true)<br>Distance to US-67: 16.854 km<br>Highway chainage from Shafter end: 56.19 km<br>Highway crossings on this ray: 1]]></description><styleUrl>#ray77</styleUrl><LineString><tessellate>1</tessellate><altitudeMode>clampToGround</altitudeMode><coordinates>-103.88279730,30.27511080,0 -103.89285577,30.27317253,0 -103.90291384,30.27123348,0 -103.91297151,30.26929366,0 -103.92302879,30.26735307,0 -103.93308567,30.26541171,0 -103.94314216,30.26346957,0 -103.95319825,30.26152666,0 -103.96325395,30.25958298,0 -103.97330925,30.25763852,0 -103.98336415,30.25569329,0 -103.99341866,30.25374729,0 -104.00347277,30.25180052,0 -104.01352649,30.24985298,0 -104.02357981,30.24790466,0 -104.03363273,30.24595557,0 -104.04368525,30.24400571,0 -104.05373738,30.24205508,0</coordinates></LineString></Placemark><Placemark><name>Ray 258.0°</name><description><![CDATA[Azimuth 257.99° (true)<br>Distance to US-67: 16.760 km<br>Highway chainage from Shafter end: 56.37 km<br>Highway crossings on this ray: 1]]></description><styleUrl>#ray78</styleUrl><LineString><tessellate>1</tessellate><altitudeMode>clampToGround</altitudeMode><coordinates>-103.88279730,30.27511080,0 -103.89281890,30.27325913,0 -103.90284012,30.27140670,0 -103.91286097,30.26955349,0 -103.92288143,30.26769952,0 -103.93290153,30.26584478,0 -103.94292124,30.26398928,0 -103.95294058,30.26213301,0 -103.96295954,30.26027597,0 -103.97297813,30.25841816,0 -103.98299633,30.25655959,0 -103.99301416,30.25470025,0 -104.00303162,30.25284014,0 -104.01304869,30.25097927,0 -104.02306539,30.24911763,0 -104.03308171,30.24725523,0 -104.04309765,30.24539206,0 -104.05311321,30.24352812,0</coordinates></LineString></Placemark><Placemark><name>Ray 258.5°</name><description><![CDATA[Azimuth 258.49° (true)<br>Distance to US-67: 16.669 km<br>Highway chainage from Shafter end: 56.54 km<br>Highway crossings on this ray: 1]]></description><styleUrl>#ray79</styleUrl><LineString><tessellate>1</tessellate><altitudeMode>clampToGround</altitudeMode><coordinates>-103.88279730,30.27511080,0 -103.89278258,30.27334476,0 -103.90276749,30.27157796,0 -103.91275205,30.26981040,0 -103.92273626,30.26804207,0 -103.93272010,30.26627298,0 -103.94270359,30.26450314,0 -103.95268672,30.26273253,0 -103.96266949,30.26096116,0 -103.97265190,30.25918902,0 -103.98263395,30.25741613,0 -103.99261565,30.25564247,0 -104.00259698,30.25386806,0 -104.01257796,30.25209288,0 -104.02255858,30.25031694,0 -104.03253883,30.24854024,0 -104.04251873,30.24676278,0 -104.05249827,30.24498456,0</coordinates></LineString></Placemark><Placemark><name>Ray 259.0°</name><description><![CDATA[Azimuth 258.99° (true)<br>Distance to US-67: 16.580 km<br>Highway chainage from Shafter end: 56.71 km<br>Highway crossings on this ray: 1]]></description><styleUrl>#ray80</styleUrl><LineString><tessellate>1</tessellate><altitudeMode>clampToGround</altitudeMode><coordinates>-103.88279730,30.27511080,0 -103.89274664,30.27342947,0 -103.90269565,30.27174738,0 -103.91264431,30.27006454,0 -103.92259264,30.26838094,0 -103.93254062,30.26669659,0 -103.94248827,30.26501148,0 -103.95243557,30.26332561,0 -103.96238254,30.26163899,0 -103.97232917,30.25995161,0 -103.98227545,30.25826347,0 -103.99222140,30.25657458,0 -104.00216700,30.25488494,0 -104.01211227,30.25319453,0 -104.02205719,30.25150338,0 -104.03200177,30.24981146,0 -104.04194602,30.24811880,0 -104.05188992,30.24642537,0</coordinates></LineString></Placemark><Placemark><name>Ray 259.5°</name><description><![CDATA[Azimuth 259.49° (true)<br>Distance to US-67: 16.493 km<br>Highway chainage from Shafter end: 56.88 km<br>Highway crossings on this ray: 1]]></description><styleUrl>#ray81</styleUrl><LineString><tessellate>1</tessellate><altitudeMode>clampToGround</altitudeMode><coordinates>-103.88279730,30.27511080,0 -103.89271068,30.27351335,0 -103.90262375,30.27191515,0 -103.91253649,30.27031621,0 -103.92244891,30.26871651,0 -103.93236101,30.26711606,0 -103.94227279,30.26551485,0 -103.95218424,30.26391290,0 -103.96209538,30.26231020,0 -103.97200619,30.26070675,0 -103.98191668,30.25910255,0 -103.99182685,30.25749759,0 -104.00173669,30.25589189,0 -104.01164622,30.25428544,0 -104.02155542,30.25267823,0 -104.03146430,30.25107028,0 -104.04137285,30.24946158,0 -104.05128108,30.24785212,0</coordinates></LineString></Placemark><Placemark><name>Ray 260.0°</name><description><![CDATA[Azimuth 259.99° (true)<br>Distance to US-67: 16.407 km<br>Highway chainage from Shafter end: 57.05 km<br>Highway crossings on this ray: 1]]></description><styleUrl>#ray82</styleUrl><LineString><tessellate>1</tessellate><altitudeMode>clampToGround</altitudeMode><coordinates>-103.88279730,30.27511080,0 -103.89267471,30.27359642,0 -103.90255181,30.27208130,0 -103.91242861,30.27056543,0 -103.92230511,30.26904882,0 -103.93218130,30.26753146,0 -103.94205719,30.26601336,0 -103.95193278,30.26449451,0 -103.96180806,30.26297492,0 -103.97168304,30.26145458,0 -103.98155771,30.25993350,0 -103.99143208,30.25841167,0 -104.00130615,30.25688909,0 -104.01117991,30.25536578,0 -104.02105336,30.25384172,0 -104.03092651,30.25231691,0 -104.04079936,30.25079136,0 -104.05067190,30.24926506,0</coordinates></LineString></Placemark><Placemark><name>Ray 260.5°</name><description><![CDATA[Azimuth 260.49° (true)<br>Distance to US-67: 16.323 km<br>Highway chainage from Shafter end: 57.21 km<br>Highway crossings on this ray: 1]]></description><styleUrl>#ray83</styleUrl><LineString><tessellate>1</tessellate><altitudeMode>clampToGround</altitudeMode><coordinates>-103.88279730,30.27511080,0 -103.89263910,30.27367864,0 -103.90248062,30.27224574,0 -103.91232184,30.27081210,0 -103.92216279,30.26937772,0 -103.93200344,30.26794260,0 -103.94184381,30.26650674,0 -103.95168390,30.26507014,0 -103.96152369,30.26363280,0 -103.97136320,30.26219472,0 -103.98120243,30.26075590,0 -103.99104136,30.25931635,0 -104.00088001,30.25787605,0 -104.01071838,30.25643501,0 -104.02055645,30.25499324,0 -104.03039424,30.25355072,0 -104.04023174,30.25210747,0 -104.05006895,30.25066347,0</coordinates></LineString></Placemark><Placemark><name>Ray 261.0°</name><description><![CDATA[Azimuth 260.99° (true)<br>Distance to US-67: 16.242 km<br>Highway chainage from Shafter end: 57.38 km<br>Highway crossings on this ray: 1]]></description><styleUrl>#ray84</styleUrl><LineString><tessellate>1</tessellate><altitudeMode>clampToGround</altitudeMode><coordinates>-103.88279730,30.27511080,0 -103.89260385,30.27376003,0 -103.90241014,30.27240852,0 -103.91221615,30.27105628,0 -103.92202190,30.26970330,0 -103.93182737,30.26834959,0 -103.94163258,30.26699515,0 -103.95143752,30.26563997,0 -103.96124219,30.26428405,0 -103.97104659,30.26292741,0 -103.98085072,30.26157002,0 -103.99065458,30.26021191,0 -104.00045817,30.25885306,0 -104.01026149,30.25749347,0 -104.02006454,30.25613315,0 -104.02986732,30.25477210,0 -104.03966983,30.25341031,0 -104.04947206,30.25204779,0</coordinates></LineString></Placemark><Placemark><name>Ray 261.5°</name><description><![CDATA[Azimuth 261.49° (true)<br>Distance to US-67: 16.163 km<br>Highway chainage from Shafter end: 57.54 km<br>Highway crossings on this ray: 1]]></description><styleUrl>#ray85</styleUrl><LineString><tessellate>1</tessellate><altitudeMode>clampToGround</altitudeMode><coordinates>-103.88279730,30.27511080,0 -103.89256927,30.27384057,0 -103.90234099,30.27256961,0 -103.91211246,30.27129792,0 -103.92188368,30.27002551,0 -103.93165464,30.26875236,0 -103.94142535,30.26747848,0 -103.95119581,30.26620388,0 -103.96096602,30.26492854,0 -103.97073597,30.26365248,0 -103.98050568,30.26237568,0 -103.99027513,30.26109816,0 -104.00004432,30.25981991,0 -104.00981326,30.25854093,0 -104.01958195,30.25726122,0 -104.02935039,30.25598079,0 -104.03911857,30.25469962,0 -104.04888650,30.25341772,0</coordinates></LineString></Placemark><Placemark><name>Ray 262.0°</name><description><![CDATA[Azimuth 261.99° (true)<br>Distance to US-67: 16.086 km<br>Highway chainage from Shafter end: 57.70 km<br>Highway crossings on this ray: 1]]></description><styleUrl>#ray86</styleUrl><LineString><tessellate>1</tessellate><altitudeMode>clampToGround</altitudeMode><coordinates>-103.88279730,30.27511080,0 -103.89253525,30.27392031,0 -103.90227296,30.27272910,0 -103.91201043,30.27153716,0 -103.92174767,30.27034450,0 -103.93148467,30.26915112,0 -103.94122144,30.26795701,0 -103.95095798,30.26676217,0 -103.96069427,30.26556662,0 -103.97043033,30.26437034,0 -103.98016616,30.26317333,0 -103.98990175,30.26197560,0 -103.99963710,30.26077715,0 -104.00937221,30.25957797,0 -104.01910709,30.25837807,0 -104.02884174,30.25717744,0 -104.03857614,30.25597609,0 -104.04831031,30.25477402,0</coordinates></LineString></Placemark><Placemark><name>Ray 262.5°</name><description><![CDATA[Azimuth 262.49° (true)<br>Distance to US-67: 16.011 km<br>Highway chainage from Shafter end: 57.86 km<br>Highway crossings on this ray: 1]]></description><styleUrl>#ray87</styleUrl><LineString><tessellate>1</tessellate><altitudeMode>clampToGround</altitudeMode><coordinates>-103.88279730,30.27511080,0 -103.89250154,30.27399931,0 -103.90220556,30.27288709,0 -103.91190936,30.27177416,0 -103.92161294,30.27066051,0 -103.93131630,30.26954614,0 -103.94101944,30.26843105,0 -103.95072236,30.26731524,0 -103.96042507,30.26619871,0 -103.97012755,30.26508147,0 -103.97982981,30.26396350,0 -103.98953186,30.26284481,0 -103.99923368,30.26172541,0 -104.00893529,30.26060529,0 -104.01863667,30.25948445,0 -104.02833783,30.25836288,0 -104.03803878,30.25724061,0 -104.04773950,30.25611761,0</coordinates></LineString></Placemark><Placemark><name>Ray 263.0°</name><description><![CDATA[Azimuth 262.99° (true)<br>Distance to US-67: 15.938 km<br>Highway chainage from Shafter end: 58.01 km<br>Highway crossings on this ray: 1]]></description><styleUrl>#ray88</styleUrl><LineString><tessellate>1</tessellate><altitudeMode>clampToGround</altitudeMode><coordinates>-103.88279730,30.27511080,0 -103.89307243,30.27401299,0 -103.90334733,30.27291437,0 -103.91362200,30.27181495,0 -103.92389645,30.27071472,0 -103.93417066,30.26961368,0 -103.94444464,30.26851184,0 -103.95471840,30.26740919,0 -103.96499192,30.26630574,0 -103.97526522,30.26520148,0 -103.98553828,30.26409641,0 -103.99581112,30.26299054,0 -104.00608372,30.26188386,0 -104.01635610,30.26077637,0 -104.02662824,30.25966808,0 -104.03690016,30.25855899,0 -104.04717184,30.25744909,0</coordinates></LineString></Placemark><Placemark><name>Ray 263.5°</name><description><![CDATA[Azimuth 263.49° (true)<br>Distance to US-67: 15.867 km<br>Highway chainage from Shafter end: 58.17 km<br>Highway crossings on this ray: 1]]></description><styleUrl>#ray89</styleUrl><LineString><tessellate>1</tessellate><altitudeMode>clampToGround</altitudeMode><coordinates>-103.88279730,30.27511080,0 -103.89303713,30.27409542,0 -103.90327674,30.27307923,0 -103.91351615,30.27206225,0 -103.92375534,30.27104446,0 -103.93399433,30.27002587,0 -103.94423310,30.26900648,0 -103.95447166,30.26798630,0 -103.96471001,30.26696531,0 -103.97494814,30.26594352,0 -103.98518607,30.26492093,0 -103.99542378,30.26389754,0 -104.00566128,30.26287334,0 -104.01589856,30.26184835,0 -104.02613564,30.26082256,0 -104.03637250,30.25979597,0 -104.04660915,30.25876858,0</coordinates></LineString></Placemark><Placemark><name>Ray 264.0°</name><description><![CDATA[Azimuth 263.99° (true)<br>Distance to US-67: 15.798 km<br>Highway chainage from Shafter end: 58.32 km<br>Highway crossings on this ray: 1]]></description><styleUrl>#ray90</styleUrl><LineString><tessellate>1</tessellate><altitudeMode>clampToGround</altitudeMode><coordinates>-103.88279730,30.27511080,0 -103.89300214,30.27417712,0 -103.90320678,30.27324264,0 -103.91341123,30.27230736,0 -103.92361549,30.27137129,0 -103.93381955,30.27043443,0 -103.94402342,30.26949676,0 -103.95422709,30.26855831,0 -103.96443057,30.26761906,0 -103.97463386,30.26667901,0 -103.98483695,30.26573817,0 -103.99503984,30.26479653,0 -104.00524255,30.26385410,0 -104.01544505,30.26291088,0 -104.02564737,30.26196685,0 -104.03584948,30.26102204,0 -104.04605140,30.26007643,0</coordinates></LineString></Placemark><Placemark><name>Ray 264.5°</name><description><![CDATA[Azimuth 264.49° (true)<br>Distance to US-67: 15.730 km<br>Highway chainage from Shafter end: 58.48 km<br>Highway crossings on this ray: 1]]></description><styleUrl>#ray91</styleUrl><LineString><tessellate>1</tessellate><altitudeMode>clampToGround</altitudeMode><coordinates>-103.88279730,30.27511080,0 -103.89296745,30.27425811,0 -103.90313742,30.27340463,0 -103.91330721,30.27255036,0 -103.92347683,30.27169530,0 -103.93364628,30.27083945,0 -103.94381554,30.26998281,0 -103.95398463,30.26912538,0 -103.96415354,30.26826716,0 -103.97432228,30.26740816,0 -103.98449084,30.26654836,0 -103.99465922,30.26568777,0 -104.00482742,30.26482639,0 -104.01499545,30.26396423,0 -104.02516330,30.26310127,0 -104.03533097,30.26223752,0 -104.04549846,30.26137299,0</coordinates></LineString></Placemark><Placemark><name>Ray 265.0°</name><description><![CDATA[Azimuth 264.99° (true)<br>Distance to US-67: 15.662 km<br>Highway chainage from Shafter end: 58.63 km<br>Highway crossings on this ray: 1]]></description><styleUrl>#ray92</styleUrl><LineString><tessellate>1</tessellate><altitudeMode>clampToGround</altitudeMode><coordinates>-103.88279730,30.27511080,0 -103.89293166,30.27433853,0 -103.90306587,30.27356547,0 -103.91319991,30.27279163,0 -103.92333380,30.27201700,0 -103.93346753,30.27124159,0 -103.94360110,30.27046539,0 -103.95373451,30.26968841,0 -103.96386776,30.26891065,0 -103.97400084,30.26813210,0 -103.98413377,30.26735277,0 -103.99426654,30.26657266,0 -104.00439915,30.26579175,0 -104.01453160,30.26501007,0 -104.02466389,30.26422760,0 -104.03479601,30.26344435,0 -104.04492798,30.26266031,0</coordinates></LineString></Placemark><Placemark><name>Ray 265.5°</name><description><![CDATA[Azimuth 265.49° (true)<br>Distance to US-67: 15.596 km<br>Highway chainage from Shafter end: 58.78 km<br>Highway crossings on this ray: 1]]></description><styleUrl>#ray93</styleUrl><LineString><tessellate>1</tessellate><altitudeMode>clampToGround</altitudeMode><coordinates>-103.88279730,30.27511080,0 -103.89289605,30.27441827,0 -103.90299466,30.27372495,0 -103.91309312,30.27303086,0 -103.92319145,30.27233599,0 -103.93328963,30.27164034,0 -103.94338767,30.27094392,0 -103.95348557,30.27024671,0 -103.96358332,30.26954872,0 -103.97368093,30.26884996,0 -103.98377840,30.26815042,0 -103.99387572,30.26745010,0 -104.00397290,30.26674900,0 -104.01406994,30.26604712,0 -104.02416683,30.26534446,0 -104.03426358,30.26464102,0 -104.04436019,30.26393681,0</coordinates></LineString></Placemark><Placemark><name>Ray 266.0°</name><description><![CDATA[Azimuth 265.99° (true)<br>Distance to US-67: 15.531 km<br>Highway chainage from Shafter end: 58.93 km<br>Highway crossings on this ray: 1]]></description><styleUrl>#ray94</styleUrl><LineString><tessellate>1</tessellate><altitudeMode>clampToGround</altitudeMode><coordinates>-103.88279730,30.27511080,0 -103.89286068,30.27449734,0 -103.90292394,30.27388311,0 -103.91298707,30.27326811,0 -103.92305007,30.27265233,0 -103.93311295,30.27203578,0 -103.94317570,30.27141845,0 -103.95323833,30.27080035,0 -103.96330083,30.27018148,0 -103.97336321,30.26956184,0 -103.98342546,30.26894142,0 -103.99348758,30.26832023,0 -104.00354957,30.26769826,0 -104.01361144,30.26707553,0 -104.02367318,30.26645202,0 -104.03373479,30.26582773,0 -104.04379628,30.26520268,0</coordinates></LineString></Placemark><Placemark><name>Ray 266.5°</name><description><![CDATA[Azimuth 266.49° (true)<br>Distance to US-67: 15.467 km<br>Highway chainage from Shafter end: 59.08 km<br>Highway crossings on this ray: 1]]></description><styleUrl>#ray95</styleUrl><LineString><tessellate>1</tessellate><altitudeMode>clampToGround</altitudeMode><coordinates>-103.88279730,30.27511080,0 -103.89282520,30.27457579,0 -103.90285298,30.27404002,0 -103.91288066,30.27350347,0 -103.92290823,30.27296616,0 -103.93293569,30.27242808,0 -103.94296304,30.27188923,0 -103.95299028,30.27134962,0 -103.96301741,30.27080923,0 -103.97304443,30.27026808,0 -103.98307134,30.26972616,0 -103.99309814,30.26918347,0 -104.00312483,30.26864002,0 -104.01315141,30.26809580,0 -104.02317788,30.26755080,0 -104.03320423,30.26700505,0 -104.04323048,30.26645852,0</coordinates></LineString></Placemark><Placemark><name>Ray 267.0°</name><description><![CDATA[Azimuth 266.99° (true)<br>Distance to US-67: 15.395 km<br>Highway chainage from Shafter end: 59.24 km<br>Highway crossings on this ray: 1]]></description><styleUrl>#ray96</styleUrl><LineString><tessellate>1</tessellate><altitudeMode>clampToGround</altitudeMode><coordinates>-103.88279730,30.27511080,0 -103.89278350,30.27465390,0 -103.90276961,30.27419625,0 -103.91275563,30.27373783,0 -103.92274155,30.27327865,0 -103.93272738,30.27281870,0 -103.94271312,30.27235800,0 -103.95269876,30.27189654,0 -103.96268431,30.27143431,0 -103.97266977,30.27097132,0 -103.98265513,30.27050757,0 -103.99264040,30.27004306,0 -104.00262557,30.26957779,0 -104.01261065,30.26911175,0 -104.02259564,30.26864496,0 -104.03258053,30.26817740,0 -104.04256533,30.26770908,0</coordinates></LineString></Placemark><Placemark><name>Ray 267.5°</name><description><![CDATA[Azimuth 267.49° (true)<br>Distance to US-67: 15.297 km<br>Highway chainage from Shafter end: 59.40 km<br>Highway crossings on this ray: 1]]></description><styleUrl>#ray97</styleUrl><LineString><tessellate>1</tessellate><altitudeMode>clampToGround</altitudeMode><coordinates>-103.88279730,30.27511080,0 -103.89272374,30.27473200,0 -103.90265010,30.27435245,0 -103.91257639,30.27397215,0 -103.92250260,30.27359110,0 -103.93242873,30.27320929,0 -103.94235479,30.27282673,0 -103.95228076,30.27244342,0 -103.96220667,30.27205936,0 -103.97213249,30.27167454,0 -103.98205824,30.27128897,0 -103.99198391,30.27090265,0 -104.00190950,30.27051558,0 -104.01183501,30.27012775,0 -104.02176045,30.26973917,0 -104.03168580,30.26934984,0 -104.04161108,30.26895976,0</coordinates></LineString></Placemark><Placemark><name>Ray 268.0°</name><description><![CDATA[Azimuth 267.99° (true)<br>Distance to US-67: 15.197 km<br>Highway chainage from Shafter end: 59.57 km<br>Highway crossings on this ray: 1]]></description><styleUrl>#ray98</styleUrl><LineString><tessellate>1</tessellate><altitudeMode>clampToGround</altitudeMode><coordinates>-103.88279730,30.27511080,0 -103.89266270,30.27480918,0 -103.90252803,30.27450681,0 -103.91239331,30.27420370,0 -103.92225852,30.27389985,0 -103.93212368,30.27359525,0 -103.94198877,30.27328991,0 -103.95185381,30.27298383,0 -103.96171878,30.27267700,0 -103.97158369,30.27236943,0 -103.98144853,30.27206112,0 -103.99131332,30.27175207,0 -104.00117804,30.27144227,0 -104.01104271,30.27113173,0 -104.02090731,30.27082044,0 -104.03077184,30.27050841,0 -104.04063632,30.27019564,0</coordinates></LineString></Placemark><Placemark><name>Ray 268.5°</name><description><![CDATA[Azimuth 268.49° (true)<br>Distance to US-67: 15.096 km<br>Highway chainage from Shafter end: 59.73 km<br>Highway crossings on this ray: 1]]></description><styleUrl>#ray99</styleUrl><LineString><tessellate>1</tessellate><altitudeMode>clampToGround</altitudeMode><coordinates>-103.88279730,30.27511080,0 -103.89259960,30.27488543,0 -103.90240186,30.27465932,0 -103.91220407,30.27443248,0 -103.92200624,30.27420490,0 -103.93180836,30.27397659,0 -103.94161044,30.27374755,0 -103.95141247,30.27351777,0 -103.96121445,30.27328726,0 -103.97101639,30.27305601,0 -103.98081828,30.27282404,0 -103.99062013,30.27259132,0 -104.00042193,30.27235788,0 -104.01022368,30.27212370,0 -104.02002539,30.27188879,0 -104.02982705,30.27165314,0 -104.03962866,30.27141676,0</coordinates></LineString></Placemark><Placemark><name>Ray 269.0°</name><description><![CDATA[Azimuth 268.99° (true)<br>Distance to US-67: 15.009 km<br>Highway chainage from Shafter end: 59.89 km<br>Highway crossings on this ray: 1]]></description><styleUrl>#ray100</styleUrl><LineString><tessellate>1</tessellate><altitudeMode>clampToGround</altitudeMode><coordinates>-103.88279730,30.27511080,0 -103.89254512,30.27496055,0 -103.90229291,30.27480958,0 -103.91204067,30.27465787,0 -103.92178839,30.27450545,0 -103.93153609,30.27435230,0 -103.94128376,30.27419842,0 -103.95103140,30.27404381,0 -103.96077901,30.27388848,0 -103.97052658,30.27373243,0 -103.98027413,30.27357565,0 -103.99002164,30.27341814,0 -103.99976912,30.27325991,0 -104.00951658,30.27310095,0 -104.01926400,30.27294127,0 -104.02901138,30.27278086,0 -104.03875874,30.27261973,0</coordinates></LineString></Placemark><Placemark><name>Ray 269.5°</name><description><![CDATA[Azimuth 269.49° (true)<br>Distance to US-67: 14.917 km<br>Highway chainage from Shafter end: 60.05 km<br>Highway crossings on this ray: 1]]></description><styleUrl>#ray101</styleUrl><LineString><tessellate>1</tessellate><altitudeMode>clampToGround</altitudeMode><coordinates>-103.88279730,30.27511080,0 -103.89313258,30.27502977,0 -103.90346785,30.27494792,0 -103.91380309,30.27486526,0 -103.92413832,30.27478178,0 -103.93447354,30.27469749,0 -103.94480873,30.27461238,0 -103.95514391,30.27452646,0 -103.96547907,30.27443972,0 -103.97581421,30.27435216,0 -103.98614933,30.27426379,0 -103.99648443,30.27417460,0 -104.00681952,30.27408460,0 -104.01715458,30.27399378,0 -104.02748963,30.27390214,0 -104.03782466,30.27380969,0</coordinates></LineString></Placemark><Placemark><name>Ray 270.0°</name><description><![CDATA[Azimuth 269.99° (true)<br>Distance to US-67: 14.820 km<br>Highway chainage from Shafter end: 60.21 km<br>Highway crossings on this ray: 1]]></description><styleUrl>#ray102</styleUrl><LineString><tessellate>1</tessellate><altitudeMode>clampToGround</altitudeMode><coordinates>-103.88279730,30.27511080,0 -103.89306521,30.27510808,0 -103.90333311,30.27510455,0 -103.91360102,30.27510021,0 -103.92386892,30.27509507,0 -103.93413682,30.27508913,0 -103.94440473,30.27508238,0 -103.95467263,30.27507482,0 -103.96494052,30.27506646,0 -103.97520842,30.27505729,0 -103.98547631,30.27504732,0 -103.99574421,30.27503655,0 -104.00601210,30.27502497,0 -104.01627998,30.27501258,0 -104.02654787,30.27499939,0 -104.03681575,30.27498539,0</coordinates></LineString></Placemark><Placemark><name>Ray 270.5°</name><description><![CDATA[Azimuth 270.49° (true)<br>Distance to US-67: 14.735 km<br>Highway chainage from Shafter end: 60.37 km<br>Highway crossings on this ray: 1]]></description><styleUrl>#ray103</styleUrl><LineString><tessellate>1</tessellate><altitudeMode>clampToGround</altitudeMode><coordinates>-103.88279730,30.27511080,0 -103.89300620,30.27518542,0 -103.90321512,30.27525925,0 -103.91342405,30.27533228,0 -103.92363299,30.27540451,0 -103.93384195,30.27547595,0 -103.94405093,30.27554659,0 -103.95425992,30.27561643,0 -103.96446892,30.27568548,0 -103.97467794,30.27575373,0 -103.98488697,30.27582119,0 -103.99509602,30.27588785,0 -104.00530508,30.27595372,0 -104.01551415,30.27601879,0 -104.02572324,30.27608306,0 -104.03593234,30.27614654,0</coordinates></LineString></Placemark><Placemark><name>Ray 271.0°</name><description><![CDATA[Azimuth 270.99° (true)<br>Distance to US-67: 14.652 km<br>Highway chainage from Shafter end: 60.52 km<br>Highway crossings on this ray: 1]]></description><styleUrl>#ray104</styleUrl><LineString><tessellate>1</tessellate><altitudeMode>clampToGround</altitudeMode><coordinates>-103.88279730,30.27511080,0 -103.89294788,30.27526189,0 -103.90309849,30.27541220,0 -103.91324914,30.27556172,0 -103.92339981,30.27571045,0 -103.93355051,30.27585840,0 -103.94370125,30.27600556,0 -103.95385201,30.27615193,0 -103.96400281,30.27629752,0 -103.97415363,30.27644232,0 -103.98430449,30.27658633,0 -103.99445537,30.27672955,0 -104.00460629,30.27687199,0 -104.01475723,30.27701364,0 -104.02490820,30.27715450,0 -104.03505920,30.27729458,0</coordinates></LineString></Placemark><Placemark><name>Ray 271.5°</name><description><![CDATA[Azimuth 271.49° (true)<br>Distance to US-67: 14.570 km<br>Highway chainage from Shafter end: 60.67 km<br>Highway crossings on this ray: 1]]></description><styleUrl>#ray105</styleUrl><LineString><tessellate>1</tessellate><altitudeMode>clampToGround</altitudeMode><coordinates>-103.88279730,30.27511080,0 -103.89288907,30.27533750,0 -103.90298088,30.27556341,0 -103.91307275,30.27578855,0 -103.92316465,30.27601291,0 -103.93325661,30.27623650,0 -103.94334860,30.27645930,0 -103.95344065,30.27668133,0 -103.96353274,30.27690258,0 -103.97362487,30.27712305,0 -103.98371705,30.27734275,0 -103.99380928,30.27756166,0 -104.00390155,30.27777980,0 -104.01399386,30.27799716,0 -104.02408622,30.27821374,0 -104.03417862,30.27842955,0</coordinates></LineString></Placemark><Placemark><name>Ray 272.0°</name><description><![CDATA[Azimuth 271.99° (true)<br>Distance to US-67: 14.488 km<br>Highway chainage from Shafter end: 60.82 km<br>Highway crossings on this ray: 1]]></description><styleUrl>#ray106</styleUrl><LineString><tessellate>1</tessellate><altitudeMode>clampToGround</altitudeMode><coordinates>-103.88279730,30.27511080,0 -103.89282973,30.27541222,0 -103.90286221,30.27571288,0 -103.91289476,30.27601276,0 -103.92292737,30.27631188,0 -103.93296004,30.27661023,0 -103.94299277,30.27690781,0 -103.95302556,30.27720462,0 -103.96305841,30.27750066,0 -103.97309132,30.27779593,0 -103.98312429,30.27809044,0 -103.99315733,30.27838417,0 -104.00319042,30.27867714,0 -104.01322357,30.27896934,0 -104.02325678,30.27926077,0 -104.03329005,30.27955143,0</coordinates></LineString></Placemark><Placemark><name>Ray 272.5°</name><description><![CDATA[Azimuth 272.49° (true)<br>Distance to US-67: 14.408 km<br>Highway chainage from Shafter end: 60.97 km<br>Highway crossings on this ray: 1]]></description><styleUrl>#ray107</styleUrl><LineString><tessellate>1</tessellate><altitudeMode>clampToGround</altitudeMode><coordinates>-103.88279730,30.27511080,0 -103.89277092,30.27548612,0 -103.90274463,30.27586067,0 -103.91271840,30.27623447,0 -103.92269225,30.27660751,0 -103.93266618,30.27697979,0 -103.94264018,30.27735131,0 -103.95261426,30.27772207,0 -103.96258841,30.27809207,0 -103.97256264,30.27846130,0 -103.98253694,30.27882978,0 -103.99251132,30.27919750,0 -104.00248577,30.27956446,0 -104.01246029,30.27993066,0 -104.02243489,30.28029610,0 -104.03240956,30.28066078,0</coordinates></LineString></Placemark><Placemark><name>Ray 273.0°</name><description><![CDATA[Azimuth 272.99° (true)<br>Distance to US-67: 14.330 km<br>Highway chainage from Shafter end: 61.12 km<br>Highway crossings on this ray: 1]]></description><styleUrl>#ray108</styleUrl><LineString><tessellate>1</tessellate><altitudeMode>clampToGround</altitudeMode><coordinates>-103.88279730,30.27511080,0 -103.89271267,30.27555920,0 -103.90262812,30.27600685,0 -103.91254367,30.27645375,0 -103.92245931,30.27689990,0 -103.93237503,30.27734530,0 -103.94229085,30.27778994,0 -103.95220675,30.27823384,0 -103.96212275,30.27867698,0 -103.97203883,30.27911937,0 -103.98195500,30.27956102,0 -103.99187126,30.28000191,0 -104.00178761,30.28044205,0 -104.01170405,30.28088144,0 -104.02162058,30.28132007,0 -104.03153719,30.28175796,0</coordinates></LineString></Placemark><Placemark><name>Ray 273.5°</name><description><![CDATA[Azimuth 273.49° (true)<br>Distance to US-67: 14.254 km<br>Highway chainage from Shafter end: 61.27 km<br>Highway crossings on this ray: 1]]></description><styleUrl>#ray109</styleUrl><LineString><tessellate>1</tessellate><altitudeMode>clampToGround</altitudeMode><coordinates>-103.88279730,30.27511080,0 -103.89265503,30.27563150,0 -103.90251287,30.27615146,0 -103.91237081,30.27667068,0 -103.92222886,30.27718915,0 -103.93208701,30.27770688,0 -103.94194526,30.27822387,0 -103.95180361,30.27874012,0 -103.96166207,30.27925562,0 -103.97152063,30.27977039,0 -103.98137930,30.28028441,0 -103.99123806,30.28079768,0 -104.00109693,30.28131022,0 -104.01095591,30.28182201,0 -104.02081498,30.28233306,0 -104.03067416,30.28284337,0</coordinates></LineString></Placemark><Placemark><name>Ray 274.0°</name><description><![CDATA[Azimuth 273.99° (true)<br>Distance to US-67: 14.179 km<br>Highway chainage from Shafter end: 61.41 km<br>Highway crossings on this ray: 1]]></description><styleUrl>#ray110</styleUrl><LineString><tessellate>1</tessellate><altitudeMode>clampToGround</altitudeMode><coordinates>-103.88279730,30.27511080,0 -103.89259801,30.27570304,0 -103.90239883,30.27629455,0 -103.91219977,30.27688532,0 -103.92200083,30.27747536,0 -103.93180200,30.27806467,0 -103.94160330,30.27865324,0 -103.95140471,30.27924108,0 -103.96120623,30.27982818,0 -103.97100788,30.28041455,0 -103.98080964,30.28100019,0 -103.99061151,30.28158509,0 -104.00041350,30.28216926,0 -104.01021561,30.28275269,0 -104.02001784,30.28333540,0 -104.02982018,30.28391736,0</coordinates></LineString></Placemark><Placemark><name>Ray 274.5°</name><description><![CDATA[Azimuth 274.49° (true)<br>Distance to US-67: 14.107 km<br>Highway chainage from Shafter end: 61.55 km<br>Highway crossings on this ray: 1]]></description><styleUrl>#ray111</styleUrl><LineString><tessellate>1</tessellate><altitudeMode>clampToGround</altitudeMode><coordinates>-103.88279730,30.27511080,0 -103.89254157,30.27577384,0 -103.90228596,30.27643616,0 -103.91203049,30.27709775,0 -103.92177515,30.27775862,0 -103.93151994,30.27841876,0 -103.94126486,30.27907818,0 -103.95100991,30.27973687,0 -103.96075509,30.28039483,0 -103.97050040,30.28105207,0 -103.98024584,30.28170859,0 -103.98999141,30.28236438,0 -103.99973711,30.28301944,0 -104.00948294,30.28367378,0 -104.01922889,30.28432739,0 -104.02897498,30.28498028,0</coordinates></LineString></Placemark><Placemark><name>Ray 275.0°</name><description><![CDATA[Azimuth 274.99° (true)<br>Distance to US-67: 14.036 km<br>Highway chainage from Shafter end: 61.70 km<br>Highway crossings on this ray: 1]]></description><styleUrl>#ray112</styleUrl><LineString><tessellate>1</tessellate><altitudeMode>clampToGround</altitudeMode><coordinates>-103.88279730,30.27511080,0 -103.89248570,30.27584393,0 -103.90217424,30.27657634,0 -103.91186292,30.27730804,0 -103.92155175,30.27803902,0 -103.93124072,30.27876928,0 -103.94092984,30.27949882,0 -103.95061910,30.28022765,0 -103.96030850,30.28095576,0 -103.96999804,30.28168315,0 -103.97968773,30.28240983,0 -103.98937756,30.28313579,0 -103.99906754,30.28386103,0 -104.00875765,30.28458555,0 -104.01844791,30.28530936,0 -104.02813831,30.28603245,0</coordinates></LineString></Placemark><Placemark><name>Ray 275.5°</name><description><![CDATA[Azimuth 275.49° (true)<br>Distance to US-67: 13.967 km<br>Highway chainage from Shafter end: 61.84 km<br>Highway crossings on this ray: 1]]></description><styleUrl>#ray113</styleUrl><LineString><tessellate>1</tessellate><altitudeMode>clampToGround</altitudeMode><coordinates>-103.88279730,30.27511080,0 -103.89311846,30.27597062,0 -103.90343980,30.27682962,0 -103.91376131,30.27768781,0 -103.92408301,30.27854519,0 -103.93440488,30.27940175,0 -103.94472694,30.28025750,0 -103.95504917,30.28111243,0 -103.96537159,30.28196655,0 -103.97569418,30.28281986,0 -103.98601695,30.28367235,0 -103.99633990,30.28452403,0 -104.00666303,30.28537489,0 -104.01698633,30.28622494,0 -104.02730981,30.28707418,0</coordinates></LineString></Placemark><Placemark><name>Ray 276.0°</name><description><![CDATA[Azimuth 275.99° (true)<br>Distance to US-67: 13.900 km<br>Highway chainage from Shafter end: 61.98 km<br>Highway crossings on this ray: 1]]></description><styleUrl>#ray114</styleUrl><LineString><tessellate>1</tessellate><altitudeMode>clampToGround</altitudeMode><coordinates>-103.88279730,30.27511080,0 -103.89305968,30.27604424,0 -103.90332225,30.27697687,0 -103.91358502,30.27790870,0 -103.92384798,30.27883972,0 -103.93411113,30.27976994,0 -103.94437448,30.28069935,0 -103.95463802,30.28162796,0 -103.96490175,30.28255576,0 -103.97516568,30.28348276,0 -103.98542980,30.28440896,0 -103.99569411,30.28533435,0 -104.00595862,30.28625893,0 -104.01622332,30.28718271,0 -104.02648821,30.28810569,0</coordinates></LineString></Placemark><Placemark><name>Ray 276.5°</name><description><![CDATA[Azimuth 276.49° (true)<br>Distance to US-67: 13.834 km<br>Highway chainage from Shafter end: 62.11 km<br>Highway crossings on this ray: 1]]></description><styleUrl>#ray115</styleUrl><LineString><tessellate>1</tessellate><altitudeMode>clampToGround</altitudeMode><coordinates>-103.88279730,30.27511080,0 -103.89300147,30.27611716,0 -103.90320584,30.27712272,0 -103.91341043,30.27812748,0 -103.92361522,30.27913145,0 -103.93382022,30.28013462,0 -103.94402542,30.28113700,0 -103.95423084,30.28213858,0 -103.96443646,30.28313937,0 -103.97464229,30.28413936,0 -103.98484832,30.28513856,0 -103.99505456,30.28613696,0 -104.00526101,30.28713456,0 -104.01546767,30.28813137,0 -104.02567453,30.28912738,0</coordinates></LineString></Placemark><Placemark><name>Ray 277.0°</name><description><![CDATA[Azimuth 276.99° (true)<br>Distance to US-67: 13.777 km<br>Highway chainage from Shafter end: 62.25 km<br>Highway crossings on this ray: 1]]></description><styleUrl>#ray116</styleUrl><LineString><tessellate>1</tessellate><altitudeMode>clampToGround</altitudeMode><coordinates>-103.88279730,30.27511080,0 -103.89294918,30.27618997,0 -103.90310129,30.27726835,0 -103.91325362,30.27834594,0 -103.92340617,30.27942274,0 -103.93355894,30.28049876,0 -103.94371193,30.28157399,0 -103.95386515,30.28264843,0 -103.96401858,30.28372208,0 -103.97417224,30.28479495,0 -103.98432612,30.28586703,0 -103.99448022,30.28693832,0 -104.00463454,30.28800882,0 -104.01478908,30.28907854,0 -104.02494384,30.29014747,0</coordinates></LineString></Placemark><Placemark><name>Ray 277.3°</name><description><![CDATA[Azimuth 277.28° (true)<br>Distance to US-67: 13.755 km<br>Highway chainage from Shafter end: 62.32 km<br>Highway crossings on this ray: 1]]></description><styleUrl>#ray117</styleUrl><LineString><tessellate>1</tessellate><altitudeMode>clampToGround</altitudeMode><coordinates>-103.88279730,30.27511080,0 -103.89292593,30.27623278,0 -103.90305480,30.27735398,0 -103.91318390,30.27847439,0 -103.92331322,30.27959402,0 -103.93344278,30.28071286,0 -103.94357256,30.28183092,0 -103.95370258,30.28294820,0 -103.96383282,30.28406469,0 -103.97396329,30.28518040,0 -103.98409400,30.28629533,0 -103.99422493,30.28740947,0 -104.00435609,30.28852283,0 -104.01448748,30.28963540,0 -104.02461909,30.29074718,0</coordinates></LineString></Placemark>
</Folder>
<Folder><name>Highway intersections</name>
<Placemark><name>219.5° · 64.67 km</name><description><![CDATA[Ray azimuth 219.49°, crossing #1<br>Distance 64.668 km<br>Chainage 0.84 km from Shafter end]]></description><styleUrl>#hit</styleUrl><Point><altitudeMode>clampToGround</altitudeMode><coordinates>-104.30822990,29.82418371,0.0</coordinates></Point></Placemark><Placemark><name>220.0° · 61.16 km</name><description><![CDATA[Ray azimuth 219.99°, crossing #1<br>Distance 61.156 km<br>Chainage 5.17 km from Shafter end]]></description><styleUrl>#hit</styleUrl><Point><altitudeMode>clampToGround</altitudeMode><coordinates>-104.28948522,29.85177150,0.0</coordinates></Point></Placemark><Placemark><name>220.0° · 61.90 km</name><description><![CDATA[Ray azimuth 219.99°, crossing #2<br>Distance 61.899 km<br>Chainage 4.28 km from Shafter end]]></description><styleUrl>#hit</styleUrl><Point><altitudeMode>clampToGround</altitudeMode><coordinates>-104.29440585,29.84661946,0.0</coordinates></Point></Placemark><Placemark><name>220.0° · 64.39 km</name><description><![CDATA[Ray azimuth 219.99°, crossing #3<br>Distance 64.392 km<br>Chainage 1.48 km from Shafter end]]></description><styleUrl>#hit</styleUrl><Point><altitudeMode>clampToGround</altitudeMode><coordinates>-104.31090973,29.82933420,0.0</coordinates></Point></Placemark><Placemark><name>220.5° · 60.87 km</name><description><![CDATA[Ray azimuth 220.49°, crossing #1<br>Distance 60.868 km<br>Chainage 5.78 km from Shafter end]]></description><styleUrl>#hit</styleUrl><Point><altitudeMode>clampToGround</altitudeMode><coordinates>-104.29178889,29.85684848,0.0</coordinates></Point></Placemark><Placemark><name>221.0° · 60.20 km</name><description><![CDATA[Ray azimuth 220.99°, crossing #1<br>Distance 60.198 km<br>Chainage 6.64 km from Shafter end]]></description><styleUrl>#hit</styleUrl><Point><altitudeMode>clampToGround</altitudeMode><coordinates>-104.29143154,29.86454581,0.0</coordinates></Point></Placemark><Placemark><name>221.5° · 57.19 km</name><description><![CDATA[Ray azimuth 221.49°, crossing #1<br>Distance 57.188 km<br>Chainage 9.83 km from Shafter end]]></description><styleUrl>#hit</styleUrl><Point><altitudeMode>clampToGround</altitudeMode><coordinates>-104.27498138,29.88805575,0.0</coordinates></Point></Placemark><Placemark><name>222.0° · 56.38 km</name><description><![CDATA[Ray azimuth 221.99°, crossing #1<br>Distance 56.379 km<br>Chainage 10.78 km from Shafter end]]></description><styleUrl>#hit</styleUrl><Point><altitudeMode>clampToGround</altitudeMode><coordinates>-104.27326543,29.89648451,0.0</coordinates></Point></Placemark><Placemark><name>222.5° · 55.59 km</name><description><![CDATA[Ray azimuth 222.49°, crossing #1<br>Distance 55.588 km<br>Chainage 11.71 km from Shafter end]]></description><styleUrl>#hit</styleUrl><Point><altitudeMode>clampToGround</altitudeMode><coordinates>-104.27153504,29.90473795,0.0</coordinates></Point></Placemark><Placemark><name>223.0° · 54.82 km</name><description><![CDATA[Ray azimuth 222.99°, crossing #1<br>Distance 54.822 km<br>Chainage 12.62 km from Shafter end]]></description><styleUrl>#hit</styleUrl><Point><altitudeMode>clampToGround</altitudeMode><coordinates>-104.26984716,29.91276819,0.0</coordinates></Point></Placemark><Placemark><name>223.5° · 49.12 km</name><description><![CDATA[Ray azimuth 223.49°, crossing #1<br>Distance 49.118 km<br>Chainage 18.69 km from Shafter end]]></description><styleUrl>#hit</styleUrl><Point><altitudeMode>clampToGround</altitudeMode><coordinates>-104.23295157,29.95316247,0.0</coordinates></Point></Placemark><Placemark><name>223.5° · 49.86 km</name><description><![CDATA[Ray azimuth 223.49°, crossing #2<br>Distance 49.862 km<br>Chainage 17.91 km from Shafter end]]></description><styleUrl>#hit</styleUrl><Point><altitudeMode>clampToGround</altitudeMode><coordinates>-104.23824211,29.94827479,0.0</coordinates></Point></Placemark><Placemark><name>223.5° · 53.91 km</name><description><![CDATA[Ray azimuth 223.49°, crossing #3<br>Distance 53.910 km<br>Chainage 13.65 km from Shafter end]]></description><styleUrl>#hit</styleUrl><Point><altitudeMode>clampToGround</altitudeMode><coordinates>-104.26699207,29.92170197,0.0</coordinates></Point></Placemark><Placemark><name>224.0° · 48.58 km</name><description><![CDATA[Ray azimuth 223.99°, crossing #1<br>Distance 48.576 km<br>Chainage 19.38 km from Shafter end]]></description><styleUrl>#hit</styleUrl><Point><altitudeMode>clampToGround</altitudeMode><coordinates>-104.23228244,29.95935535,0.0</coordinates></Point></Placemark><Placemark><name>224.0° · 50.99 km</name><description><![CDATA[Ray azimuth 223.99°, crossing #2<br>Distance 50.987 km<br>Chainage 16.71 km from Shafter end]]></description><styleUrl>#hit</styleUrl><Point><altitudeMode>clampToGround</altitudeMode><coordinates>-104.24957114,29.94365853,0.0</coordinates></Point></Placemark><Placemark><name>224.0° · 52.81 km</name><description><![CDATA[Ray azimuth 223.99°, crossing #3<br>Distance 52.812 km<br>Chainage 14.84 km from Shafter end]]></description><styleUrl>#hit</styleUrl><Point><altitudeMode>clampToGround</altitudeMode><coordinates>-104.26265914,29.93177080,0.0</coordinates></Point></Placemark><Placemark><name>224.5° · 47.30 km</name><description><![CDATA[Ray azimuth 224.49°, crossing #1<br>Distance 47.295 km<br>Chainage 20.75 km from Shafter end]]></description><styleUrl>#hit</styleUrl><Point><altitudeMode>clampToGround</altitudeMode><coordinates>-104.22617166,29.97027968,0.0</coordinates></Point></Placemark><Placemark><name>225.0° · 46.36 km</name><description><![CDATA[Ray azimuth 224.99°, crossing #1<br>Distance 46.361 km<br>Chainage 21.78 km from Shafter end]]></description><styleUrl>#hit</styleUrl><Point><altitudeMode>clampToGround</altitudeMode><coordinates>-104.22239822,29.97886893,0.0</coordinates></Point></Placemark><Placemark><name>225.5° · 45.73 km</name><description><![CDATA[Ray azimuth 225.49°, crossing #1<br>Distance 45.730 km<br>Chainage 22.53 km from Shafter end]]></description><styleUrl>#hit</styleUrl><Point><altitudeMode>clampToGround</altitudeMode><coordinates>-104.22070478,29.98546027,0.0</coordinates></Point></Placemark><Placemark><name>226.0° · 45.18 km</name><description><![CDATA[Ray azimuth 225.99°, crossing #1<br>Distance 45.175 km<br>Chainage 23.21 km from Shafter end]]></description><styleUrl>#hit</styleUrl><Point><altitudeMode>clampToGround</altitudeMode><coordinates>-104.21948096,29.99151577,0.0</coordinates></Point></Placemark><Placemark><name>226.5° · 44.63 km</name><description><![CDATA[Ray azimuth 226.49°, crossing #1<br>Distance 44.626 km<br>Chainage 23.89 km from Shafter end]]></description><styleUrl>#hit</styleUrl><Point><altitudeMode>clampToGround</altitudeMode><coordinates>-104.21820204,29.99749664,0.0</coordinates></Point></Placemark><Placemark><name>227.0° · 44.09 km</name><description><![CDATA[Ray azimuth 226.99°, crossing #1<br>Distance 44.090 km<br>Chainage 24.55 km from Shafter end]]></description><styleUrl>#hit</styleUrl><Point><altitudeMode>clampToGround</altitudeMode><coordinates>-104.21692135,30.00336067,0.0</coordinates></Point></Placemark><Placemark><name>227.5° · 43.17 km</name><description><![CDATA[Ray azimuth 227.49°, crossing #1<br>Distance 43.168 km<br>Chainage 25.55 km from Shafter end]]></description><styleUrl>#hit</styleUrl><Point><altitudeMode>clampToGround</altitudeMode><coordinates>-104.21261679,30.01153688,0.0</coordinates></Point></Placemark><Placemark><name>228.0° · 42.17 km</name><description><![CDATA[Ray azimuth 227.99°, crossing #1<br>Distance 42.166 km<br>Chainage 26.62 km from Shafter end]]></description><styleUrl>#hit</styleUrl><Point><altitudeMode>clampToGround</altitudeMode><coordinates>-104.20754875,30.02011897,0.0</coordinates></Point></Placemark><Placemark><name>228.5° · 41.19 km</name><description><![CDATA[Ray azimuth 228.49°, crossing #1<br>Distance 41.188 km<br>Chainage 27.66 km from Shafter end]]></description><styleUrl>#hit</styleUrl><Point><altitudeMode>clampToGround</altitudeMode><coordinates>-104.20252625,30.02845387,0.0</coordinates></Point></Placemark><Placemark><name>229.0° · 39.19 km</name><description><![CDATA[Ray azimuth 228.99°, crossing #1<br>Distance 39.194 km<br>Chainage 29.70 km from Shafter end]]></description><styleUrl>#hit</styleUrl><Point><altitudeMode>clampToGround</altitudeMode><coordinates>-104.18943016,30.04272690,0.0</coordinates></Point></Placemark><Placemark><name>229.5° · 38.02 km</name><description><![CDATA[Ray azimuth 229.49°, crossing #1<br>Distance 38.015 km<br>Chainage 30.93 km from Shafter end]]></description><styleUrl>#hit</styleUrl><Point><altitudeMode>clampToGround</altitudeMode><coordinates>-104.18248544,30.05198535,0.0</coordinates></Point></Placemark><Placemark><name>230.0° · 37.51 km</name><description><![CDATA[Ray azimuth 229.99°, crossing #1<br>Distance 37.512 km<br>Chainage 31.53 km from Shafter end]]></description><styleUrl>#hit</styleUrl><Point><altitudeMode>clampToGround</altitudeMode><coordinates>-104.18072934,30.05719079,0.0</coordinates></Point></Placemark><Placemark><name>230.5° · 36.79 km</name><description><![CDATA[Ray azimuth 230.49°, crossing #1<br>Distance 36.786 km<br>Chainage 32.34 km from Shafter end]]></description><styleUrl>#hit</styleUrl><Point><altitudeMode>clampToGround</altitudeMode><coordinates>-104.17711011,30.06363721,0.0</coordinates></Point></Placemark><Placemark><name>231.0° · 35.44 km</name><description><![CDATA[Ray azimuth 230.99°, crossing #1<br>Distance 35.438 km<br>Chainage 33.74 km from Shafter end]]></description><styleUrl>#hit</styleUrl><Point><altitudeMode>clampToGround</altitudeMode><coordinates>-104.16838171,30.07355510,0.0</coordinates></Point></Placemark><Placemark><name>231.5° · 35.24 km</name><description><![CDATA[Ray azimuth 231.49°, crossing #1<br>Distance 35.245 km<br>Chainage 34.10 km from Shafter end]]></description><styleUrl>#hit</styleUrl><Point><altitudeMode>clampToGround</altitudeMode><coordinates>-104.16883007,30.07681565,0.0</coordinates></Point></Placemark><Placemark><name>232.0° · 35.08 km</name><description><![CDATA[Ray azimuth 231.99°, crossing #1<br>Distance 35.081 km<br>Chainage 34.45 km from Shafter end]]></description><styleUrl>#hit</styleUrl><Point><altitudeMode>clampToGround</altitudeMode><coordinates>-104.16947572,30.07990295,0.0</coordinates></Point></Placemark><Placemark><name>232.5° · 34.93 km</name><description><![CDATA[Ray azimuth 232.49°, crossing #1<br>Distance 34.926 km<br>Chainage 34.80 km from Shafter end]]></description><styleUrl>#hit</styleUrl><Point><altitudeMode>clampToGround</altitudeMode><coordinates>-104.17015443,30.08293576,0.0</coordinates></Point></Placemark><Placemark><name>233.0° · 34.71 km</name><description><![CDATA[Ray azimuth 232.99°, crossing #1<br>Distance 34.707 km<br>Chainage 35.18 km from Shafter end]]></description><styleUrl>#hit</styleUrl><Point><altitudeMode>clampToGround</altitudeMode><coordinates>-104.17026566,30.08631229,0.0</coordinates></Point></Placemark><Placemark><name>233.5° · 34.09 km</name><description><![CDATA[Ray azimuth 233.49°, crossing #1<br>Distance 34.095 km<br>Chainage 35.86 km from Shafter end]]></description><styleUrl>#hit</styleUrl><Point><altitudeMode>clampToGround</altitudeMode><coordinates>-104.16705959,30.09179310,0.0</coordinates></Point></Placemark><Placemark><name>234.0° · 30.71 km</name><description><![CDATA[Ray azimuth 233.99°, crossing #1<br>Distance 30.712 km<br>Chainage 39.26 km from Shafter end]]></description><styleUrl>#hit</styleUrl><Point><altitudeMode>clampToGround</altitudeMode><coordinates>-104.14055011,30.11195695,0.0</coordinates></Point></Placemark><Placemark><name>234.5° · 29.93 km</name><description><![CDATA[Ray azimuth 234.49°, crossing #1<br>Distance 29.933 km<br>Chainage 40.08 km from Shafter end]]></description><styleUrl>#hit</styleUrl><Point><altitudeMode>clampToGround</altitudeMode><coordinates>-104.13561632,30.11800771,0.0</coordinates></Point></Placemark><Placemark><name>235.0° · 29.19 km</name><description><![CDATA[Ray azimuth 234.99°, crossing #1<br>Distance 29.189 km<br>Chainage 40.87 km from Shafter end]]></description><styleUrl>#hit</styleUrl><Point><altitudeMode>clampToGround</altitudeMode><coordinates>-104.13087313,30.12379163,0.0</coordinates></Point></Placemark><Placemark><name>235.5° · 28.46 km</name><description><![CDATA[Ray azimuth 235.49°, crossing #1<br>Distance 28.462 km<br>Chainage 41.64 km from Shafter end]]></description><styleUrl>#hit</styleUrl><Point><altitudeMode>clampToGround</altitudeMode><coordinates>-104.12617503,30.12940584,0.0</coordinates></Point></Placemark><Placemark><name>236.0° · 27.80 km</name><description><![CDATA[Ray azimuth 235.99°, crossing #1<br>Distance 27.804 km<br>Chainage 42.34 km from Shafter end]]></description><styleUrl>#hit</styleUrl><Point><altitudeMode>clampToGround</altitudeMode><coordinates>-104.12197495,30.13458794,0.0</coordinates></Point></Placemark><Placemark><name>236.5° · 27.16 km</name><description><![CDATA[Ray azimuth 236.49°, crossing #1<br>Distance 27.163 km<br>Chainage 43.03 km from Shafter end]]></description><styleUrl>#hit</styleUrl><Point><altitudeMode>clampToGround</altitudeMode><coordinates>-104.11784469,30.13960499,0.0</coordinates></Point></Placemark><Placemark><name>237.0° · 26.29 km</name><description><![CDATA[Ray azimuth 236.99°, crossing #1<br>Distance 26.293 km<br>Chainage 43.93 km from Shafter end]]></description><styleUrl>#hit</styleUrl><Point><altitudeMode>clampToGround</altitudeMode><coordinates>-104.11163875,30.14567884,0.0</coordinates></Point></Placemark><Placemark><name>237.5° · 25.40 km</name><description><![CDATA[Ray azimuth 237.49°, crossing #1<br>Distance 25.397 km<br>Chainage 44.85 km from Shafter end]]></description><styleUrl>#hit</styleUrl><Point><altitudeMode>clampToGround</altitudeMode><coordinates>-104.10509311,30.15177857,0.0</coordinates></Point></Placemark><Placemark><name>238.0° · 24.57 km</name><description><![CDATA[Ray azimuth 237.99°, crossing #1<br>Distance 24.567 km<br>Chainage 45.71 km from Shafter end]]></description><styleUrl>#hit</styleUrl><Point><altitudeMode>clampToGround</altitudeMode><coordinates>-104.09903410,30.15744551,0.0</coordinates></Point></Placemark><Placemark><name>238.5° · 23.79 km</name><description><![CDATA[Ray azimuth 238.49°, crossing #1<br>Distance 23.786 km<br>Chainage 46.52 km from Shafter end]]></description><styleUrl>#hit</styleUrl><Point><altitudeMode>clampToGround</altitudeMode><coordinates>-104.09330575,30.16278171,0.0</coordinates></Point></Placemark><Placemark><name>239.0° · 23.04 km</name><description><![CDATA[Ray azimuth 238.99°, crossing #1<br>Distance 23.040 km<br>Chainage 47.29 km from Shafter end]]></description><styleUrl>#hit</styleUrl><Point><altitudeMode>clampToGround</altitudeMode><coordinates>-104.08779603,30.16785921,0.0</coordinates></Point></Placemark><Placemark><name>239.5° · 22.42 km</name><description><![CDATA[Ray azimuth 239.49°, crossing #1<br>Distance 22.421 km<br>Chainage 47.94 km from Shafter end]]></description><styleUrl>#hit</styleUrl><Point><altitudeMode>clampToGround</altitudeMode><coordinates>-104.08333052,30.17226294,0.0</coordinates></Point></Placemark><Placemark><name>240.0° · 22.10 km</name><description><![CDATA[Ray azimuth 239.99°, crossing #1<br>Distance 22.098 km<br>Chainage 48.32 km from Shafter end]]></description><styleUrl>#hit</styleUrl><Point><altitudeMode>clampToGround</altitudeMode><coordinates>-104.08146399,30.17524397,0.0</coordinates></Point></Placemark><Placemark><name>240.5° · 21.87 km</name><description><![CDATA[Ray azimuth 240.49°, crossing #1<br>Distance 21.866 km<br>Chainage 48.62 km from Shafter end]]></description><styleUrl>#hit</styleUrl><Point><altitudeMode>clampToGround</altitudeMode><coordinates>-104.08036029,30.17779001,0.0</coordinates></Point></Placemark><Placemark><name>241.0° · 21.65 km</name><description><![CDATA[Ray azimuth 240.99°, crossing #1<br>Distance 21.648 km<br>Chainage 48.91 km from Shafter end]]></description><styleUrl>#hit</styleUrl><Point><altitudeMode>clampToGround</altitudeMode><coordinates>-104.07935700,30.18024565,0.0</coordinates></Point></Placemark><Placemark><name>241.5° · 21.44 km</name><description><![CDATA[Ray azimuth 241.49°, crossing #1<br>Distance 21.437 km<br>Chainage 49.19 km from Shafter end]]></description><styleUrl>#hit</styleUrl><Point><altitudeMode>clampToGround</altitudeMode><coordinates>-104.07837871,30.18265050,0.0</coordinates></Point></Placemark><Placemark><name>242.0° · 21.23 km</name><description><![CDATA[Ray azimuth 241.99°, crossing #1<br>Distance 21.229 km<br>Chainage 49.47 km from Shafter end]]></description><styleUrl>#hit</styleUrl><Point><altitudeMode>clampToGround</altitudeMode><coordinates>-104.07739754,30.18501912,0.0</coordinates></Point></Placemark><Placemark><name>242.5° · 21.03 km</name><description><![CDATA[Ray azimuth 242.49°, crossing #1<br>Distance 21.026 km<br>Chainage 49.75 km from Shafter end]]></description><styleUrl>#hit</styleUrl><Point><altitudeMode>clampToGround</altitudeMode><coordinates>-104.07642808,30.18734558,0.0</coordinates></Point></Placemark><Placemark><name>243.0° · 20.83 km</name><description><![CDATA[Ray azimuth 242.99°, crossing #1<br>Distance 20.833 km<br>Chainage 50.01 km from Shafter end]]></description><styleUrl>#hit</styleUrl><Point><altitudeMode>clampToGround</altitudeMode><coordinates>-104.07551894,30.18960942,0.0</coordinates></Point></Placemark><Placemark><name>243.5° · 20.65 km</name><description><![CDATA[Ray azimuth 243.49°, crossing #1<br>Distance 20.647 km<br>Chainage 50.27 km from Shafter end]]></description><styleUrl>#hit</styleUrl><Point><altitudeMode>clampToGround</altitudeMode><coordinates>-104.07464676,30.19182328,0.0</coordinates></Point></Placemark><Placemark><name>244.0° · 20.46 km</name><description><![CDATA[Ray azimuth 243.99°, crossing #1<br>Distance 20.460 km<br>Chainage 50.53 km from Shafter end]]></description><styleUrl>#hit</styleUrl><Point><altitudeMode>clampToGround</altitudeMode><coordinates>-104.07373969,30.19401953,0.0</coordinates></Point></Placemark><Placemark><name>244.5° · 20.28 km</name><description><![CDATA[Ray azimuth 244.49°, crossing #1<br>Distance 20.279 km<br>Chainage 50.79 km from Shafter end]]></description><styleUrl>#hit</styleUrl><Point><altitudeMode>clampToGround</altitudeMode><coordinates>-104.07284885,30.19617660,0.0</coordinates></Point></Placemark><Placemark><name>245.0° · 20.11 km</name><description><![CDATA[Ray azimuth 244.99°, crossing #1<br>Distance 20.106 km<br>Chainage 51.03 km from Shafter end]]></description><styleUrl>#hit</styleUrl><Point><altitudeMode>clampToGround</altitudeMode><coordinates>-104.07201160,30.19828040,0.0</coordinates></Point></Placemark><Placemark><name>245.5° · 19.93 km</name><description><![CDATA[Ray azimuth 245.49°, crossing #1<br>Distance 19.933 km<br>Chainage 51.28 km from Shafter end]]></description><styleUrl>#hit</styleUrl><Point><altitudeMode>clampToGround</altitudeMode><coordinates>-104.07113892,30.20036851,0.0</coordinates></Point></Placemark><Placemark><name>246.0° · 19.76 km</name><description><![CDATA[Ray azimuth 245.99°, crossing #1<br>Distance 19.759 km<br>Chainage 51.52 km from Shafter end]]></description><styleUrl>#hit</styleUrl><Point><altitudeMode>clampToGround</altitudeMode><coordinates>-104.07023441,30.20243916,0.0</coordinates></Point></Placemark><Placemark><name>246.5° · 19.60 km</name><description><![CDATA[Ray azimuth 246.49°, crossing #1<br>Distance 19.601 km<br>Chainage 51.76 km from Shafter end]]></description><styleUrl>#hit</styleUrl><Point><altitudeMode>clampToGround</altitudeMode><coordinates>-104.06946234,30.20442974,0.0</coordinates></Point></Placemark><Placemark><name>247.0° · 19.45 km</name><description><![CDATA[Ray azimuth 246.99°, crossing #1<br>Distance 19.448 km<br>Chainage 51.99 km from Shafter end]]></description><styleUrl>#hit</styleUrl><Point><altitudeMode>clampToGround</altitudeMode><coordinates>-104.06870237,30.20638903,0.0</coordinates></Point></Placemark><Placemark><name>247.5° · 19.30 km</name><description><![CDATA[Ray azimuth 247.49°, crossing #1<br>Distance 19.295 km<br>Chainage 52.21 km from Shafter end]]></description><styleUrl>#hit</styleUrl><Point><altitudeMode>clampToGround</altitudeMode><coordinates>-104.06792147,30.20832986,0.0</coordinates></Point></Placemark><Placemark><name>248.0° · 19.14 km</name><description><![CDATA[Ray azimuth 247.99°, crossing #1<br>Distance 19.143 km<br>Chainage 52.44 km from Shafter end]]></description><styleUrl>#hit</styleUrl><Point><altitudeMode>clampToGround</altitudeMode><coordinates>-104.06712219,30.21025131,0.0</coordinates></Point></Placemark><Placemark><name>248.5° · 19.00 km</name><description><![CDATA[Ray azimuth 248.49°, crossing #1<br>Distance 18.996 km<br>Chainage 52.66 km from Shafter end]]></description><styleUrl>#hit</styleUrl><Point><altitudeMode>clampToGround</altitudeMode><coordinates>-104.06634723,30.21213872,0.0</coordinates></Point></Placemark><Placemark><name>249.0° · 18.85 km</name><description><![CDATA[Ray azimuth 248.99°, crossing #1<br>Distance 18.855 km<br>Chainage 52.88 km from Shafter end]]></description><styleUrl>#hit</styleUrl><Point><altitudeMode>clampToGround</altitudeMode><coordinates>-104.06560593,30.21399013,0.0</coordinates></Point></Placemark><Placemark><name>249.5° · 18.71 km</name><description><![CDATA[Ray azimuth 249.49°, crossing #1<br>Distance 18.714 km<br>Chainage 53.10 km from Shafter end]]></description><styleUrl>#hit</styleUrl><Point><altitudeMode>clampToGround</altitudeMode><coordinates>-104.06485080,30.21582240,0.0</coordinates></Point></Placemark><Placemark><name>250.0° · 18.58 km</name><description><![CDATA[Ray azimuth 249.99°, crossing #1<br>Distance 18.578 km<br>Chainage 53.31 km from Shafter end]]></description><styleUrl>#hit</styleUrl><Point><altitudeMode>clampToGround</altitudeMode><coordinates>-104.06410674,30.21762776,0.0</coordinates></Point></Placemark><Placemark><name>250.5° · 18.44 km</name><description><![CDATA[Ray azimuth 250.49°, crossing #1<br>Distance 18.445 km<br>Chainage 53.52 km from Shafter end]]></description><styleUrl>#hit</styleUrl><Point><altitudeMode>clampToGround</altitudeMode><coordinates>-104.06337783,30.21940567,0.0</coordinates></Point></Placemark><Placemark><name>251.0° · 18.32 km</name><description><![CDATA[Ray azimuth 250.99°, crossing #1<br>Distance 18.315 km<br>Chainage 53.72 km from Shafter end]]></description><styleUrl>#hit</styleUrl><Point><altitudeMode>clampToGround</altitudeMode><coordinates>-104.06266084,30.22115794,0.0</coordinates></Point></Placemark><Placemark><name>251.5° · 18.19 km</name><description><![CDATA[Ray azimuth 251.49°, crossing #1<br>Distance 18.186 km<br>Chainage 53.93 km from Shafter end]]></description><styleUrl>#hit</styleUrl><Point><altitudeMode>clampToGround</altitudeMode><coordinates>-104.06192527,30.22289424,0.0</coordinates></Point></Placemark><Placemark><name>252.0° · 18.06 km</name><description><![CDATA[Ray azimuth 251.99°, crossing #1<br>Distance 18.059 km<br>Chainage 54.13 km from Shafter end]]></description><styleUrl>#hit</styleUrl><Point><altitudeMode>clampToGround</altitudeMode><coordinates>-104.06119513,30.22460770,0.0</coordinates></Point></Placemark><Placemark><name>252.5° · 17.94 km</name><description><![CDATA[Ray azimuth 252.49°, crossing #1<br>Distance 17.936 km<br>Chainage 54.33 km from Shafter end]]></description><styleUrl>#hit</styleUrl><Point><altitudeMode>clampToGround</altitudeMode><coordinates>-104.06047808,30.22629676,0.0</coordinates></Point></Placemark><Placemark><name>253.0° · 17.82 km</name><description><![CDATA[Ray azimuth 252.99°, crossing #1<br>Distance 17.817 km<br>Chainage 54.53 km from Shafter end]]></description><styleUrl>#hit</styleUrl><Point><altitudeMode>clampToGround</altitudeMode><coordinates>-104.05977867,30.22796093,0.0</coordinates></Point></Placemark><Placemark><name>253.5° · 17.70 km</name><description><![CDATA[Ray azimuth 253.49°, crossing #1<br>Distance 17.701 km<br>Chainage 54.72 km from Shafter end]]></description><styleUrl>#hit</styleUrl><Point><altitudeMode>clampToGround</altitudeMode><coordinates>-104.05908842,30.22960322,0.0</coordinates></Point></Placemark><Placemark><name>254.0° · 17.59 km</name><description><![CDATA[Ray azimuth 253.99°, crossing #1<br>Distance 17.586 km<br>Chainage 54.91 km from Shafter end]]></description><styleUrl>#hit</styleUrl><Point><altitudeMode>clampToGround</altitudeMode><coordinates>-104.05839559,30.23122719,0.0</coordinates></Point></Placemark><Placemark><name>254.5° · 17.47 km</name><description><![CDATA[Ray azimuth 254.49°, crossing #1<br>Distance 17.474 km<br>Chainage 55.10 km from Shafter end]]></description><styleUrl>#hit</styleUrl><Point><altitudeMode>clampToGround</altitudeMode><coordinates>-104.05770645,30.23283163,0.0</coordinates></Point></Placemark><Placemark><name>255.0° · 17.36 km</name><description><![CDATA[Ray azimuth 254.99°, crossing #1<br>Distance 17.364 km<br>Chainage 55.29 km from Shafter end]]></description><styleUrl>#hit</styleUrl><Point><altitudeMode>clampToGround</altitudeMode><coordinates>-104.05702677,30.23441562,0.0</coordinates></Point></Placemark><Placemark><name>255.5° · 17.26 km</name><description><![CDATA[Ray azimuth 255.49°, crossing #1<br>Distance 17.257 km<br>Chainage 55.47 km from Shafter end]]></description><styleUrl>#hit</styleUrl><Point><altitudeMode>clampToGround</altitudeMode><coordinates>-104.05635591,30.23597988,0.0</coordinates></Point></Placemark><Placemark><name>256.0° · 17.15 km</name><description><![CDATA[Ray azimuth 255.99°, crossing #1<br>Distance 17.153 km<br>Chainage 55.66 km from Shafter end]]></description><styleUrl>#hit</styleUrl><Point><altitudeMode>clampToGround</altitudeMode><coordinates>-104.05569318,30.23752512,0.0</coordinates></Point></Placemark><Placemark><name>256.5° · 17.05 km</name><description><![CDATA[Ray azimuth 256.49°, crossing #1<br>Distance 17.051 km<br>Chainage 55.84 km from Shafter end]]></description><styleUrl>#hit</styleUrl><Point><altitudeMode>clampToGround</altitudeMode><coordinates>-104.05503495,30.23905262,0.0</coordinates></Point></Placemark><Placemark><name>257.0° · 16.95 km</name><description><![CDATA[Ray azimuth 256.99°, crossing #1<br>Distance 16.951 km<br>Chainage 56.02 km from Shafter end]]></description><styleUrl>#hit</styleUrl><Point><altitudeMode>clampToGround</altitudeMode><coordinates>-104.05438240,30.24056258,0.0</coordinates></Point></Placemark><Placemark><name>257.5° · 16.85 km</name><description><![CDATA[Ray azimuth 257.49°, crossing #1<br>Distance 16.854 km<br>Chainage 56.19 km from Shafter end]]></description><styleUrl>#hit</styleUrl><Point><altitudeMode>clampToGround</altitudeMode><coordinates>-104.05373738,30.24205508,0.0</coordinates></Point></Placemark><Placemark><name>258.0° · 16.76 km</name><description><![CDATA[Ray azimuth 257.99°, crossing #1<br>Distance 16.760 km<br>Chainage 56.37 km from Shafter end]]></description><styleUrl>#hit</styleUrl><Point><altitudeMode>clampToGround</altitudeMode><coordinates>-104.05311321,30.24352812,0.0</coordinates></Point></Placemark><Placemark><name>258.5° · 16.67 km</name><description><![CDATA[Ray azimuth 258.49°, crossing #1<br>Distance 16.669 km<br>Chainage 56.54 km from Shafter end]]></description><styleUrl>#hit</styleUrl><Point><altitudeMode>clampToGround</altitudeMode><coordinates>-104.05249827,30.24498456,0.0</coordinates></Point></Placemark><Placemark><name>259.0° · 16.58 km</name><description><![CDATA[Ray azimuth 258.99°, crossing #1<br>Distance 16.580 km<br>Chainage 56.71 km from Shafter end]]></description><styleUrl>#hit</styleUrl><Point><altitudeMode>clampToGround</altitudeMode><coordinates>-104.05188992,30.24642537,0.0</coordinates></Point></Placemark><Placemark><name>259.5° · 16.49 km</name><description><![CDATA[Ray azimuth 259.49°, crossing #1<br>Distance 16.493 km<br>Chainage 56.88 km from Shafter end]]></description><styleUrl>#hit</styleUrl><Point><altitudeMode>clampToGround</altitudeMode><coordinates>-104.05128108,30.24785212,0.0</coordinates></Point></Placemark><Placemark><name>260.0° · 16.41 km</name><description><![CDATA[Ray azimuth 259.99°, crossing #1<br>Distance 16.407 km<br>Chainage 57.05 km from Shafter end]]></description><styleUrl>#hit</styleUrl><Point><altitudeMode>clampToGround</altitudeMode><coordinates>-104.05067190,30.24926506,0.0</coordinates></Point></Placemark><Placemark><name>260.5° · 16.32 km</name><description><![CDATA[Ray azimuth 260.49°, crossing #1<br>Distance 16.323 km<br>Chainage 57.21 km from Shafter end]]></description><styleUrl>#hit</styleUrl><Point><altitudeMode>clampToGround</altitudeMode><coordinates>-104.05006895,30.25066347,0.0</coordinates></Point></Placemark><Placemark><name>261.0° · 16.24 km</name><description><![CDATA[Ray azimuth 260.99°, crossing #1<br>Distance 16.242 km<br>Chainage 57.38 km from Shafter end]]></description><styleUrl>#hit</styleUrl><Point><altitudeMode>clampToGround</altitudeMode><coordinates>-104.04947206,30.25204779,0.0</coordinates></Point></Placemark><Placemark><name>261.5° · 16.16 km</name><description><![CDATA[Ray azimuth 261.49°, crossing #1<br>Distance 16.163 km<br>Chainage 57.54 km from Shafter end]]></description><styleUrl>#hit</styleUrl><Point><altitudeMode>clampToGround</altitudeMode><coordinates>-104.04888650,30.25341772,0.0</coordinates></Point></Placemark><Placemark><name>262.0° · 16.09 km</name><description><![CDATA[Ray azimuth 261.99°, crossing #1<br>Distance 16.086 km<br>Chainage 57.70 km from Shafter end]]></description><styleUrl>#hit</styleUrl><Point><altitudeMode>clampToGround</altitudeMode><coordinates>-104.04831031,30.25477402,0.0</coordinates></Point></Placemark><Placemark><name>262.5° · 16.01 km</name><description><![CDATA[Ray azimuth 262.49°, crossing #1<br>Distance 16.011 km<br>Chainage 57.86 km from Shafter end]]></description><styleUrl>#hit</styleUrl><Point><altitudeMode>clampToGround</altitudeMode><coordinates>-104.04773950,30.25611761,0.0</coordinates></Point></Placemark><Placemark><name>263.0° · 15.94 km</name><description><![CDATA[Ray azimuth 262.99°, crossing #1<br>Distance 15.938 km<br>Chainage 58.01 km from Shafter end]]></description><styleUrl>#hit</styleUrl><Point><altitudeMode>clampToGround</altitudeMode><coordinates>-104.04717184,30.25744909,0.0</coordinates></Point></Placemark><Placemark><name>263.5° · 15.87 km</name><description><![CDATA[Ray azimuth 263.49°, crossing #1<br>Distance 15.867 km<br>Chainage 58.17 km from Shafter end]]></description><styleUrl>#hit</styleUrl><Point><altitudeMode>clampToGround</altitudeMode><coordinates>-104.04660915,30.25876858,0.0</coordinates></Point></Placemark><Placemark><name>264.0° · 15.80 km</name><description><![CDATA[Ray azimuth 263.99°, crossing #1<br>Distance 15.798 km<br>Chainage 58.32 km from Shafter end]]></description><styleUrl>#hit</styleUrl><Point><altitudeMode>clampToGround</altitudeMode><coordinates>-104.04605140,30.26007643,0.0</coordinates></Point></Placemark><Placemark><name>264.5° · 15.73 km</name><description><![CDATA[Ray azimuth 264.49°, crossing #1<br>Distance 15.730 km<br>Chainage 58.48 km from Shafter end]]></description><styleUrl>#hit</styleUrl><Point><altitudeMode>clampToGround</altitudeMode><coordinates>-104.04549846,30.26137299,0.0</coordinates></Point></Placemark><Placemark><name>265.0° · 15.66 km</name><description><![CDATA[Ray azimuth 264.99°, crossing #1<br>Distance 15.662 km<br>Chainage 58.63 km from Shafter end]]></description><styleUrl>#hit</styleUrl><Point><altitudeMode>clampToGround</altitudeMode><coordinates>-104.04492798,30.26266031,0.0</coordinates></Point></Placemark><Placemark><name>265.5° · 15.60 km</name><description><![CDATA[Ray azimuth 265.49°, crossing #1<br>Distance 15.596 km<br>Chainage 58.78 km from Shafter end]]></description><styleUrl>#hit</styleUrl><Point><altitudeMode>clampToGround</altitudeMode><coordinates>-104.04436019,30.26393681,0.0</coordinates></Point></Placemark><Placemark><name>266.0° · 15.53 km</name><description><![CDATA[Ray azimuth 265.99°, crossing #1<br>Distance 15.531 km<br>Chainage 58.93 km from Shafter end]]></description><styleUrl>#hit</styleUrl><Point><altitudeMode>clampToGround</altitudeMode><coordinates>-104.04379628,30.26520268,0.0</coordinates></Point></Placemark><Placemark><name>266.5° · 15.47 km</name><description><![CDATA[Ray azimuth 266.49°, crossing #1<br>Distance 15.467 km<br>Chainage 59.08 km from Shafter end]]></description><styleUrl>#hit</styleUrl><Point><altitudeMode>clampToGround</altitudeMode><coordinates>-104.04323048,30.26645852,0.0</coordinates></Point></Placemark><Placemark><name>267.0° · 15.40 km</name><description><![CDATA[Ray azimuth 266.99°, crossing #1<br>Distance 15.395 km<br>Chainage 59.24 km from Shafter end]]></description><styleUrl>#hit</styleUrl><Point><altitudeMode>clampToGround</altitudeMode><coordinates>-104.04256533,30.26770908,0.0</coordinates></Point></Placemark><Placemark><name>267.5° · 15.30 km</name><description><![CDATA[Ray azimuth 267.49°, crossing #1<br>Distance 15.297 km<br>Chainage 59.40 km from Shafter end]]></description><styleUrl>#hit</styleUrl><Point><altitudeMode>clampToGround</altitudeMode><coordinates>-104.04161108,30.26895976,0.0</coordinates></Point></Placemark><Placemark><name>268.0° · 15.20 km</name><description><![CDATA[Ray azimuth 267.99°, crossing #1<br>Distance 15.197 km<br>Chainage 59.57 km from Shafter end]]></description><styleUrl>#hit</styleUrl><Point><altitudeMode>clampToGround</altitudeMode><coordinates>-104.04063632,30.27019564,0.0</coordinates></Point></Placemark><Placemark><name>268.5° · 15.10 km</name><description><![CDATA[Ray azimuth 268.49°, crossing #1<br>Distance 15.096 km<br>Chainage 59.73 km from Shafter end]]></description><styleUrl>#hit</styleUrl><Point><altitudeMode>clampToGround</altitudeMode><coordinates>-104.03962866,30.27141676,0.0</coordinates></Point></Placemark><Placemark><name>269.0° · 15.01 km</name><description><![CDATA[Ray azimuth 268.99°, crossing #1<br>Distance 15.009 km<br>Chainage 59.89 km from Shafter end]]></description><styleUrl>#hit</styleUrl><Point><altitudeMode>clampToGround</altitudeMode><coordinates>-104.03875874,30.27261973,0.0</coordinates></Point></Placemark><Placemark><name>269.5° · 14.92 km</name><description><![CDATA[Ray azimuth 269.49°, crossing #1<br>Distance 14.917 km<br>Chainage 60.05 km from Shafter end]]></description><styleUrl>#hit</styleUrl><Point><altitudeMode>clampToGround</altitudeMode><coordinates>-104.03782466,30.27380969,0.0</coordinates></Point></Placemark><Placemark><name>270.0° · 14.82 km</name><description><![CDATA[Ray azimuth 269.99°, crossing #1<br>Distance 14.820 km<br>Chainage 60.21 km from Shafter end]]></description><styleUrl>#hit</styleUrl><Point><altitudeMode>clampToGround</altitudeMode><coordinates>-104.03681575,30.27498539,0.0</coordinates></Point></Placemark><Placemark><name>270.5° · 14.73 km</name><description><![CDATA[Ray azimuth 270.49°, crossing #1<br>Distance 14.735 km<br>Chainage 60.37 km from Shafter end]]></description><styleUrl>#hit</styleUrl><Point><altitudeMode>clampToGround</altitudeMode><coordinates>-104.03593234,30.27614654,0.0</coordinates></Point></Placemark><Placemark><name>271.0° · 14.65 km</name><description><![CDATA[Ray azimuth 270.99°, crossing #1<br>Distance 14.652 km<br>Chainage 60.52 km from Shafter end]]></description><styleUrl>#hit</styleUrl><Point><altitudeMode>clampToGround</altitudeMode><coordinates>-104.03505920,30.27729458,0.0</coordinates></Point></Placemark><Placemark><name>271.5° · 14.57 km</name><description><![CDATA[Ray azimuth 271.49°, crossing #1<br>Distance 14.570 km<br>Chainage 60.67 km from Shafter end]]></description><styleUrl>#hit</styleUrl><Point><altitudeMode>clampToGround</altitudeMode><coordinates>-104.03417862,30.27842955,0.0</coordinates></Point></Placemark><Placemark><name>272.0° · 14.49 km</name><description><![CDATA[Ray azimuth 271.99°, crossing #1<br>Distance 14.488 km<br>Chainage 60.82 km from Shafter end]]></description><styleUrl>#hit</styleUrl><Point><altitudeMode>clampToGround</altitudeMode><coordinates>-104.03329005,30.27955143,0.0</coordinates></Point></Placemark><Placemark><name>272.5° · 14.41 km</name><description><![CDATA[Ray azimuth 272.49°, crossing #1<br>Distance 14.408 km<br>Chainage 60.97 km from Shafter end]]></description><styleUrl>#hit</styleUrl><Point><altitudeMode>clampToGround</altitudeMode><coordinates>-104.03240956,30.28066078,0.0</coordinates></Point></Placemark><Placemark><name>273.0° · 14.33 km</name><description><![CDATA[Ray azimuth 272.99°, crossing #1<br>Distance 14.330 km<br>Chainage 61.12 km from Shafter end]]></description><styleUrl>#hit</styleUrl><Point><altitudeMode>clampToGround</altitudeMode><coordinates>-104.03153719,30.28175796,0.0</coordinates></Point></Placemark><Placemark><name>273.5° · 14.25 km</name><description><![CDATA[Ray azimuth 273.49°, crossing #1<br>Distance 14.254 km<br>Chainage 61.27 km from Shafter end]]></description><styleUrl>#hit</styleUrl><Point><altitudeMode>clampToGround</altitudeMode><coordinates>-104.03067416,30.28284337,0.0</coordinates></Point></Placemark><Placemark><name>274.0° · 14.18 km</name><description><![CDATA[Ray azimuth 273.99°, crossing #1<br>Distance 14.179 km<br>Chainage 61.41 km from Shafter end]]></description><styleUrl>#hit</styleUrl><Point><altitudeMode>clampToGround</altitudeMode><coordinates>-104.02982018,30.28391736,0.0</coordinates></Point></Placemark><Placemark><name>274.5° · 14.11 km</name><description><![CDATA[Ray azimuth 274.49°, crossing #1<br>Distance 14.107 km<br>Chainage 61.55 km from Shafter end]]></description><styleUrl>#hit</styleUrl><Point><altitudeMode>clampToGround</altitudeMode><coordinates>-104.02897498,30.28498028,0.0</coordinates></Point></Placemark><Placemark><name>275.0° · 14.04 km</name><description><![CDATA[Ray azimuth 274.99°, crossing #1<br>Distance 14.036 km<br>Chainage 61.70 km from Shafter end]]></description><styleUrl>#hit</styleUrl><Point><altitudeMode>clampToGround</altitudeMode><coordinates>-104.02813831,30.28603245,0.0</coordinates></Point></Placemark><Placemark><name>275.5° · 13.97 km</name><description><![CDATA[Ray azimuth 275.49°, crossing #1<br>Distance 13.967 km<br>Chainage 61.84 km from Shafter end]]></description><styleUrl>#hit</styleUrl><Point><altitudeMode>clampToGround</altitudeMode><coordinates>-104.02730981,30.28707418,0.0</coordinates></Point></Placemark><Placemark><name>276.0° · 13.90 km</name><description><![CDATA[Ray azimuth 275.99°, crossing #1<br>Distance 13.900 km<br>Chainage 61.98 km from Shafter end]]></description><styleUrl>#hit</styleUrl><Point><altitudeMode>clampToGround</altitudeMode><coordinates>-104.02648821,30.28810569,0.0</coordinates></Point></Placemark><Placemark><name>276.5° · 13.83 km</name><description><![CDATA[Ray azimuth 276.49°, crossing #1<br>Distance 13.834 km<br>Chainage 62.11 km from Shafter end]]></description><styleUrl>#hit</styleUrl><Point><altitudeMode>clampToGround</altitudeMode><coordinates>-104.02567453,30.28912738,0.0</coordinates></Point></Placemark><Placemark><name>277.0° · 13.78 km</name><description><![CDATA[Ray azimuth 276.99°, crossing #1<br>Distance 13.777 km<br>Chainage 62.25 km from Shafter end]]></description><styleUrl>#hit</styleUrl><Point><altitudeMode>clampToGround</altitudeMode><coordinates>-104.02494384,30.29014747,0.0</coordinates></Point></Placemark><Placemark><name>277.3° · 13.75 km</name><description><![CDATA[Ray azimuth 277.28°, crossing #1<br>Distance 13.755 km<br>Chainage 62.32 km from Shafter end]]></description><styleUrl>#hit</styleUrl><Point><altitudeMode>clampToGround</altitudeMode><coordinates>-104.02461909,30.29074718,0.0</coordinates></Point></Placemark>
</Folder>
</Document>
</kml>
